name,team,game,lineup_spot,player_id,avg,obp,ops,slg,iso,hits,doubles,triples,home_runs,extra_base_hits,total_bases,rbi,walks,strikeouts,plate_appearances,at_bats,strikeout_rate,walk_rate,hit_rate,total_bases_per_at_bat,stat_status
Trent Grisham,New York Yankees,New York Yankees @ Baltimore Orioles,1,663757,.175,.311,.676,0.365,0.190,24,6,1,6,13,50,26,28,28,167,137,16.8,16.8,17.5,0.365,ok
Taylor Ward,Baltimore Orioles,New York Yankees @ Baltimore Orioles,1,621493,.265,.426,.803,0.377,0.113,40,14,0,1,15,57,12,42,35,195,151,17.9,21.5,26.5,0.377,ok
Ben Rice,New York Yankees,New York Yankees @ Baltimore Orioles,2,700250,.303,.413,1.080,0.667,0.364,40,9,0,13,22,88,29,25,41,160,132,25.6,15.6,30.3,0.667,ok
Gunnar Henderson,Baltimore Orioles,New York Yankees @ Baltimore Orioles,2,683002,.197,.253,.646,0.393,0.197,36,7,1,9,17,72,21,13,57,198,183,28.8,6.6,19.7,0.393,ok
Aaron Judge,New York Yankees,New York Yankees @ Baltimore Orioles,3,592450,.268,.404,1.022,0.618,0.350,42,7,0,16,23,97,30,34,55,194,157,28.4,17.5,26.8,0.618,ok
Adley Rutschman,Baltimore Orioles,New York Yankees @ Baltimore Orioles,3,668939,.291,.339,.892,0.553,0.262,30,9,0,6,15,57,24,7,16,112,103,14.3,6.3,29.1,0.553,ok
Cody Bellinger,New York Yankees,New York Yankees @ Baltimore Orioles,4,641355,.273,.378,.852,0.474,0.201,42,10,3,5,18,73,29,28,23,185,154,12.4,15.1,27.3,0.474,ok
Pete Alonso,Baltimore Orioles,New York Yankees @ Baltimore Orioles,4,624413,.218,.310,.734,0.424,0.206,36,10,0,8,18,70,23,21,46,187,165,24.6,11.2,21.8,0.424,ok
Jazz Chisholm Jr.,New York Yankees,New York Yankees @ Baltimore Orioles,5,665862,.203,.281,.608,0.327,0.124,31,7,0,4,11,50,14,16,50,171,153,29.2,9.4,20.3,0.327,ok
Tyler O'Neill,Baltimore Orioles,New York Yankees @ Baltimore Orioles,5,641933,.177,.320,.562,0.242,0.065,11,1,0,1,2,15,6,11,18,75,62,24.0,14.7,17.7,0.242,ok
Ryan McMahon,New York Yankees,New York Yankees @ Baltimore Orioles,6,641857,.196,.274,.578,0.304,0.107,22,3,0,3,6,34,13,12,39,124,112,31.5,9.7,19.6,0.304,ok
Leody Taveras,Baltimore Orioles,New York Yankees @ Baltimore Orioles,6,665750,.248,.350,.726,0.376,0.129,25,5,1,2,8,38,19,16,25,119,101,21.0,13.4,24.8,0.376,ok
Spencer Jones,New York Yankees,New York Yankees @ Baltimore Orioles,7,682987,.083,.267,.350,0.083,0.000,1,0,0,0,0,1,1,3,6,15,12,40.0,20.0,8.3,0.083,ok
Coby Mayo,Baltimore Orioles,New York Yankees @ Baltimore Orioles,7,691723,.174,.242,.563,0.321,0.147,19,4,0,4,8,35,16,10,37,120,109,30.8,8.3,17.4,0.321,ok
Anthony Volpe,New York Yankees,New York Yankees @ Baltimore Orioles,8,683011,.000,.000,.000,0.000,0.000,0,0,0,0,0,0,0,0,1,3,3,33.3,0.0,0.0,0.000,ok
Weston Wilson,Baltimore Orioles,New York Yankees @ Baltimore Orioles,8,642215,.259,.412,.708,0.296,0.037,7,1,0,0,1,8,2,6,10,34,27,29.4,17.6,25.9,0.296,ok
J.C. Escarra,New York Yankees,New York Yankees @ Baltimore Orioles,9,641555,.182,.234,.529,0.295,0.114,8,3,1,0,4,13,6,3,11,47,44,23.4,6.4,18.2,0.295,ok
Blaze Alexander,Baltimore Orioles,New York Yankees @ Baltimore Orioles,9,677942,.244,.299,.588,0.289,0.044,22,2,1,0,3,26,5,6,30,100,90,30.0,6.0,24.4,0.289,ok
Vaughn Grissom,Los Angeles Angels,Los Angeles Angels @ Cleveland Guardians,1,687093,.264,.353,.784,0.431,0.167,19,6,0,2,8,31,11,11,8,86,72,9.3,12.8,26.4,0.431,ok
Angel Martínez,Cleveland Guardians,Los Angeles Angels @ Cleveland Guardians,1,682657,.260,.300,.773,0.473,0.214,34,7,0,7,14,62,19,5,31,143,131,21.7,3.5,26.0,0.473,ok
Mike Trout,Los Angeles Angels,Los Angeles Angels @ Cleveland Guardians,2,545361,.248,.410,.913,0.503,0.255,38,6,0,11,17,77,23,39,51,195,153,26.2,20.0,24.8,0.503,ok
José Ramírez,Cleveland Guardians,Los Angeles Angels @ Cleveland Guardians,2,608070,.207,.340,.706,0.366,0.159,34,8,0,6,14,60,16,32,28,197,164,14.2,16.2,20.7,0.366,ok
Jo Adell,Los Angeles Angels,Los Angeles Angels @ Cleveland Guardians,3,666176,.269,.310,.714,0.404,0.135,46,5,0,6,11,69,25,5,41,184,171,22.3,2.7,26.9,0.404,ok
Chase DeLauter,Cleveland Guardians,Los Angeles Angels @ Cleveland Guardians,3,800050,.294,.376,.879,0.503,0.210,42,10,1,6,17,72,26,20,16,165,143,9.7,12.1,29.4,0.503,ok
Jorge Soler,Los Angeles Angels,Los Angeles Angels @ Cleveland Guardians,4,624585,.221,.318,.752,0.434,0.214,32,7,0,8,15,63,28,18,55,170,145,32.4,10.6,22.1,0.434,ok
Kyle Manzardo,Cleveland Guardians,Los Angeles Angels @ Cleveland Guardians,4,700932,.203,.286,.574,0.288,0.085,24,4,0,2,6,34,13,12,41,133,118,30.8,9.0,20.3,0.288,ok
Rhys Hoskins,Cleveland Guardians,Los Angeles Angels @ Cleveland Guardians,4,656555,.191,.361,.712,0.351,0.160,18,6,0,3,9,33,14,25,33,122,94,27.0,20.5,19.1,0.351,ok
Oswald Peraza,Los Angeles Angels,Los Angeles Angels @ Cleveland Guardians,5,672724,.279,.344,.821,0.477,0.198,31,5,1,5,11,53,11,8,29,123,111,23.6,6.5,27.9,0.477,ok
Petey Halpin,Cleveland Guardians,Los Angeles Angels @ Cleveland Guardians,5,690984,.105,.150,.255,0.105,0.000,2,0,0,0,0,2,1,1,4,20,19,20.0,5.0,10.5,0.105,ok
David Fry,Cleveland Guardians,Los Angeles Angels @ Cleveland Guardians,5,681807,.254,.380,.821,0.441,0.186,15,2,0,3,5,26,8,12,19,71,59,26.8,16.9,25.4,0.441,ok
Zach Neto,Los Angeles Angels,Los Angeles Angels @ Cleveland Guardians,6,687263,.224,.330,.738,0.408,0.184,39,9,1,7,17,71,20,26,63,203,174,31.0,12.8,22.4,0.408,ok
Travis Bazzana,Cleveland Guardians,Los Angeles Angels @ Cleveland Guardians,6,683953,.222,.407,.718,0.311,0.089,10,1,0,1,2,14,6,12,9,59,45,15.3,20.3,22.2,0.311,ok
Yoán Moncada,Los Angeles Angels,Los Angeles Angels @ Cleveland Guardians,7,660162,.190,.309,.614,0.305,0.114,20,1,1,3,5,32,9,16,43,123,105,35.0,13.0,19.0,0.305,ok
Daniel Schneemann,Cleveland Guardians,Los Angeles Angels @ Cleveland Guardians,7,682177,.272,.357,.804,0.447,0.175,31,8,0,4,12,51,18,15,38,129,114,29.5,11.6,27.2,0.447,ok
Adam Frazier,Los Angeles Angels,Los Angeles Angels @ Cleveland Guardians,8,624428,.242,.319,.722,0.403,0.161,15,5,1,1,7,25,6,6,20,71,62,28.2,8.5,24.2,0.403,ok
Omar Martinez,Los Angeles Angels,Los Angeles Angels @ Cleveland Guardians,8,683079,.333,.333,.666,0.333,0.000,1,0,0,0,0,1,0,0,1,3,3,33.3,0.0,33.3,0.333,ok
Sebastián Rivero,Los Angeles Angels,Los Angeles Angels @ Cleveland Guardians,8,665861,.160,.192,.352,0.160,0.000,4,0,0,0,0,4,0,1,4,27,25,14.8,3.7,16.0,0.160,ok
Austin Hedges,Cleveland Guardians,Los Angeles Angels @ Cleveland Guardians,8,595978,.278,.333,.740,0.407,0.130,15,4,0,1,5,22,4,5,13,60,54,21.7,8.3,27.8,0.407,ok
Bryce Teodosio,Los Angeles Angels,Los Angeles Angels @ Cleveland Guardians,9,669326,.222,.271,.538,0.267,0.044,10,2,0,0,2,12,2,3,17,49,45,34.7,6.1,22.2,0.267,ok
Brayan Rocchio,Cleveland Guardians,Los Angeles Angels @ Cleveland Guardians,9,677587,.275,.350,.723,0.373,0.099,39,5,0,3,8,53,22,14,16,162,142,9.9,8.6,27.5,0.373,ok
Edouard Julien,Colorado Rockies,Colorado Rockies @ Pittsburgh Pirates,1,666397,.245,.341,.686,0.345,0.100,27,3,1,2,6,38,12,15,35,126,110,27.8,11.9,24.5,0.345,ok
Oneil Cruz,Pittsburgh Pirates,Colorado Rockies @ Pittsburgh Pirates,1,665833,.260,.325,.805,0.480,0.220,46,9,0,10,19,85,30,15,65,194,177,33.5,7.7,26.0,0.480,ok
Mickey Moniak,Colorado Rockies,Colorado Rockies @ Pittsburgh Pirates,2,666160,.308,.355,1.032,0.677,0.369,40,8,2,12,22,88,26,9,37,141,130,26.2,6.4,30.8,0.677,ok
Konnor Griffin,Pittsburgh Pirates,Colorado Rockies @ Pittsburgh Pirates,2,804606,.255,.316,.710,0.394,0.139,35,6,2,3,11,54,19,11,43,152,137,28.3,7.2,25.5,0.394,ok
Tyler Freeman,Colorado Rockies,Colorado Rockies @ Pittsburgh Pirates,3,671289,.253,.330,.675,0.345,0.092,22,2,0,2,4,30,12,3,13,101,87,12.9,3.0,25.3,0.345,ok
Bryan Reynolds,Pittsburgh Pirates,Colorado Rockies @ Pittsburgh Pirates,3,668804,.248,.389,.775,0.386,0.137,38,5,2,4,11,59,26,34,45,190,153,23.7,17.9,24.8,0.386,ok
TJ Rumfield,Colorado Rockies,Colorado Rockies @ Pittsburgh Pirates,4,681198,.280,.349,.801,0.452,0.172,44,7,1,6,14,71,22,15,29,175,157,16.6,8.6,28.0,0.452,ok
Marcell Ozuna,Pittsburgh Pirates,Colorado Rockies @ Pittsburgh Pirates,4,542303,.186,.274,.574,0.300,0.114,26,4,0,4,8,42,14,15,40,157,140,25.5,9.6,18.6,0.300,ok
Troy Johnston,Colorado Rockies,Colorado Rockies @ Pittsburgh Pirates,5,687859,.326,.387,.852,0.465,0.140,42,12,0,2,14,60,20,11,30,143,129,21.0,7.7,32.6,0.465,ok
Ryan O'Hearn,Pittsburgh Pirates,Colorado Rockies @ Pittsburgh Pirates,5,656811,.299,.375,.849,0.474,0.175,46,6,0,7,13,73,29,18,33,176,154,18.8,10.2,29.9,0.474,ok
Kyle Karros,Colorado Rockies,Colorado Rockies @ Pittsburgh Pirates,6,691720,.218,.336,.630,0.294,0.076,26,6,0,1,7,35,10,22,36,143,119,25.2,15.4,21.8,0.294,ok
Nick Gonzales,Pittsburgh Pirates,Colorado Rockies @ Pittsburgh Pirates,6,693304,.315,.380,.744,0.364,0.049,45,7,0,0,7,52,19,12,27,158,143,17.1,7.6,31.5,0.364,ok
Jake McCarthy,Colorado Rockies,Colorado Rockies @ Pittsburgh Pirates,7,664983,.288,.356,.856,0.500,0.212,23,7,2,2,11,40,16,8,16,93,80,17.2,8.6,28.7,0.500,ok
Brandon Lowe,Pittsburgh Pirates,Colorado Rockies @ Pittsburgh Pirates,7,664040,.247,.351,.878,0.527,0.281,36,9,1,10,20,77,28,23,37,171,146,21.6,13.5,24.7,0.527,ok
Ezequiel Tovar,Colorado Rockies,Colorado Rockies @ Pittsburgh Pirates,8,678662,.199,.248,.522,0.274,0.075,29,8,0,1,9,40,11,8,44,157,146,28.0,5.1,19.9,0.274,ok
Jared Triolo,Pittsburgh Pirates,Colorado Rockies @ Pittsburgh Pirates,8,669707,.244,.311,.604,0.293,0.049,10,2,0,0,2,12,3,3,8,45,41,17.8,6.7,24.4,0.293,ok
Brett Sullivan,Colorado Rockies,Colorado Rockies @ Pittsburgh Pirates,9,664954,.212,.268,.571,0.303,0.091,14,6,0,0,6,20,7,4,17,72,66,23.6,5.6,21.2,0.303,ok
Henry Davis,Pittsburgh Pirates,Colorado Rockies @ Pittsburgh Pirates,9,680779,.151,.263,.519,0.256,0.105,13,3,0,2,5,22,8,11,18,100,86,18.0,11.0,15.1,0.256,ok
James Wood,Washington Nationals,Washington Nationals @ Cincinnati Reds,1,695578,.234,.382,.897,0.515,0.281,39,11,0,12,23,86,29,37,66,207,167,31.9,17.9,23.4,0.515,ok
Will Benson,Cincinnati Reds,Washington Nationals @ Cincinnati Reds,1,666181,.194,.341,.684,0.343,0.149,13,2,1,2,5,23,4,14,24,83,67,28.9,16.9,19.4,0.343,ok
Curtis Mead,Washington Nationals,Washington Nationals @ Cincinnati Reds,2,678554,.227,.346,.789,0.443,0.216,20,7,0,4,11,39,15,14,17,104,88,16.3,13.5,22.7,0.443,ok
Elly De La Cruz,Cincinnati Reds,Washington Nationals @ Cincinnati Reds,2,682829,.299,.359,.884,0.525,0.226,53,10,0,10,20,93,29,17,54,195,177,27.7,8.7,29.9,0.525,ok
Brady House,Washington Nationals,Washington Nationals @ Cincinnati Reds,3,691781,.220,.278,.658,0.380,0.160,33,6,0,6,12,57,21,12,47,162,150,29.0,7.4,22.0,0.380,ok
Sal Stewart,Cincinnati Reds,Washington Nationals @ Cincinnati Reds,3,701398,.244,.328,.798,0.470,0.226,41,8,0,10,18,79,30,22,38,192,168,19.8,11.5,24.4,0.470,ok
CJ Abrams,Washington Nationals,Washington Nationals @ Cincinnati Reds,4,682928,.292,.390,.922,0.532,0.240,45,8,1,9,18,82,36,20,36,182,154,19.8,11.0,29.2,0.532,ok
JJ Bleday,Cincinnati Reds,Washington Nationals @ Cincinnati Reds,4,668709,.321,.455,1.210,0.755,0.434,17,3,1,6,10,40,18,13,10,66,53,15.2,19.7,32.1,0.755,ok
Jacob Young,Washington Nationals,Washington Nationals @ Cincinnati Reds,5,696285,.218,.268,.581,0.313,0.095,32,5,0,3,8,46,17,8,27,158,147,17.1,5.1,21.8,0.313,ok
Spencer Steer,Cincinnati Reds,Washington Nationals @ Cincinnati Reds,5,668715,.259,.333,.782,0.449,0.190,38,7,0,7,14,66,14,14,36,165,147,21.8,8.5,25.9,0.449,ok
Daylen Lile,Washington Nationals,Washington Nationals @ Cincinnati Reds,6,695734,.263,.326,.759,0.433,0.170,45,11,0,6,17,74,22,16,34,190,171,17.9,8.4,26.3,0.433,ok
Nathaniel Lowe,Cincinnati Reds,Washington Nationals @ Cincinnati Reds,6,663993,.244,.330,.842,0.512,0.267,21,5,0,6,11,44,16,11,25,97,86,25.8,11.3,24.4,0.512,ok
Joey Wiemer,Washington Nationals,Washington Nationals @ Cincinnati Reds,7,686894,.288,.382,.897,0.515,0.227,19,4,1,3,8,34,10,10,29,76,66,38.2,13.2,28.8,0.515,ok
Tyler Stephenson,Cincinnati Reds,Washington Nationals @ Cincinnati Reds,7,663886,.187,.285,.593,0.308,0.121,20,4,0,3,7,33,11,15,34,123,107,27.6,12.2,18.7,0.308,ok
Nasim Nuñez,Washington Nationals,Washington Nationals @ Cincinnati Reds,8,683083,.202,.310,.536,0.226,0.024,25,1,1,0,2,28,14,19,29,149,124,19.5,12.8,20.2,0.226,ok
TJ Friedl,Cincinnati Reds,Washington Nationals @ Cincinnati Reds,8,670770,.184,.268,.538,0.270,0.085,26,6,0,2,8,38,7,12,37,160,141,23.1,7.5,18.4,0.270,ok
Keibert Ruiz,Washington Nationals,Washington Nationals @ Cincinnati Reds,9,660688,.207,.224,.639,0.415,0.207,17,8,0,3,11,34,15,1,14,85,82,16.5,1.2,20.7,0.415,ok
Matt McLain,Cincinnati Reds,Washington Nationals @ Cincinnati Reds,9,680574,.214,.320,.664,0.344,0.130,33,8,0,4,12,53,16,22,40,179,154,22.3,12.3,21.4,0.344,ok
Kyle Schwarber,Philadelphia Phillies,Philadelphia Phillies @ Boston Red Sox,1,656941,.222,.354,.947,0.593,0.370,36,7,1,17,25,96,28,29,62,195,162,31.8,14.9,22.2,0.593,ok
Jarren Duran,Boston Red Sox,Philadelphia Phillies @ Boston Red Sox,1,680776,.180,.236,.536,0.300,0.120,27,6,0,4,10,45,18,10,42,161,150,26.1,6.2,18.0,0.300,ok
Bryce Harper,Philadelphia Phillies,Philadelphia Phillies @ Boston Red Sox,2,547180,.269,.365,.897,0.532,0.263,42,9,1,10,20,83,24,24,30,181,156,16.6,13.3,26.9,0.532,ok
Mickey Gasper,Boston Red Sox,Philadelphia Phillies @ Boston Red Sox,2,681508,.455,.500,1.136,0.636,0.182,5,2,0,0,2,7,1,0,1,12,11,8.3,0.0,45.5,0.636,ok
Adolis García,Philadelphia Phillies,Philadelphia Phillies @ Boston Red Sox,3,666969,.223,.287,.637,0.350,0.127,35,6,1,4,11,55,13,13,47,174,157,27.0,7.5,22.3,0.350,ok
Wilyer Abreu,Boston Red Sox,Philadelphia Phillies @ Boston Red Sox,3,677800,.306,.382,.853,0.471,0.166,48,6,1,6,13,74,18,20,33,178,157,18.5,11.2,30.6,0.471,ok
Brandon Marsh,Philadelphia Phillies,Philadelphia Phillies @ Boston Red Sox,4,669016,.336,.364,.847,0.483,0.147,48,7,1,4,12,69,21,7,29,154,143,18.8,4.5,33.6,0.483,ok
Willson Contreras,Boston Red Sox,Philadelphia Phillies @ Boston Red Sox,4,575929,.254,.370,.828,0.458,0.204,36,5,0,8,13,65,23,20,48,173,142,27.7,11.6,25.4,0.458,ok
Alec Bohm,Philadelphia Phillies,Philadelphia Phillies @ Boston Red Sox,5,664761,.196,.258,.545,0.287,0.091,28,4,0,3,7,41,20,11,24,159,143,15.1,6.9,19.6,0.287,ok
Masataka Yoshida,Boston Red Sox,Philadelphia Phillies @ Boston Red Sox,5,807799,.274,.384,.713,0.329,0.055,20,4,0,0,4,24,5,11,8,86,73,9.3,12.8,27.4,0.329,ok
Bryson Stott,Philadelphia Phillies,Philadelphia Phillies @ Boston Red Sox,6,681082,.215,.261,.623,0.362,0.146,28,6,2,3,11,47,16,7,25,140,130,17.9,5.0,21.5,0.362,ok
Trevor Story,Boston Red Sox,Philadelphia Phillies @ Boston Red Sox,6,596115,.207,.246,.551,0.305,0.098,34,7,0,3,10,50,19,8,56,175,164,32.0,4.6,20.7,0.305,ok
J.T. Realmuto,Philadelphia Phillies,Philadelphia Phillies @ Boston Red Sox,7,592663,.231,.283,.591,0.308,0.077,21,4,0,1,5,28,8,5,17,99,91,17.2,5.1,23.1,0.308,ok
Marcelo Mayer,Boston Red Sox,Philadelphia Phillies @ Boston Red Sox,7,691785,.234,.301,.616,0.315,0.081,26,6,0,1,7,35,8,9,22,124,111,17.7,7.3,23.4,0.315,ok
Justin Crawford,Philadelphia Phillies,Philadelphia Phillies @ Boston Red Sox,8,702222,.273,.343,.756,0.413,0.140,33,7,2,2,11,50,11,11,28,134,121,20.9,8.2,27.3,0.413,ok
Connor Wong,Boston Red Sox,Philadelphia Phillies @ Boston Red Sox,8,657136,.245,.327,.674,0.347,0.102,12,5,0,0,5,17,7,4,11,57,49,19.3,7.0,24.5,0.347,ok
Edmundo Sosa,Philadelphia Phillies,Philadelphia Phillies @ Boston Red Sox,9,624641,.250,.271,.609,0.338,0.088,17,3,0,1,4,23,11,2,15,70,68,21.4,2.9,25.0,0.338,ok
Caleb Durbin,Boston Red Sox,Philadelphia Phillies @ Boston Red Sox,9,702332,.165,.250,.491,0.241,0.075,22,7,0,1,8,32,14,11,23,149,133,15.4,7.4,16.5,0.241,ok
George Springer,Toronto Blue Jays,Tampa Bay Rays @ Toronto Blue Jays,1,543807,.202,.292,.611,0.319,0.117,19,5,0,2,7,30,8,11,20,107,94,18.7,10.3,20.2,0.319,ok
Yohendrick Piñango,Toronto Blue Jays,Tampa Bay Rays @ Toronto Blue Jays,2,682818,.361,.410,.827,0.417,0.056,13,2,0,0,2,15,6,3,4,39,36,10.3,7.7,36.1,0.417,ok
Vladimir Guerrero Jr.,Toronto Blue Jays,Tampa Bay Rays @ Toronto Blue Jays,3,665489,.288,.381,.753,0.372,0.083,45,7,0,2,9,58,18,22,21,181,156,11.6,12.2,28.8,0.372,ok
Kazuma Okamoto,Toronto Blue Jays,Tampa Bay Rays @ Toronto Blue Jays,4,672960,.239,.328,.786,0.458,0.219,37,4,0,10,14,71,27,21,50,177,155,28.2,11.9,23.9,0.458,ok
Daulton Varsho,Toronto Blue Jays,Tampa Bay Rays @ Toronto Blue Jays,5,662139,.250,.321,.724,0.403,0.153,36,7,0,5,12,58,13,13,30,159,144,18.9,8.2,25.0,0.403,ok
Jesús Sánchez,Toronto Blue Jays,Tampa Bay Rays @ Toronto Blue Jays,6,660821,.260,.302,.719,0.417,0.157,33,5,0,5,10,53,18,6,27,139,127,19.4,4.3,26.0,0.417,ok
Ernie Clement,Toronto Blue Jays,Tampa Bay Rays @ Toronto Blue Jays,7,676391,.294,.313,.719,0.406,0.112,50,13,0,2,15,69,12,5,14,176,170,8.0,2.8,29.4,0.406,ok
Andrés Giménez,Toronto Blue Jays,Tampa Bay Rays @ Toronto Blue Jays,8,665926,.248,.275,.686,0.411,0.163,35,6,1,5,12,58,23,4,23,150,141,15.3,2.7,24.8,0.411,ok
Tyler Heineman,Toronto Blue Jays,Tampa Bay Rays @ Toronto Blue Jays,9,623168,.155,.197,.352,0.155,0.000,9,0,0,0,0,9,3,1,14,65,58,21.5,1.5,15.5,0.155,ok
Kevin McGonigle,Detroit Tigers,Detroit Tigers @ New York Mets,1,805808,.293,.400,.833,0.433,0.140,46,12,2,2,16,68,16,26,24,185,157,13.0,14.1,29.3,0.433,ok
Carson Benge,New York Mets,Detroit Tigers @ New York Mets,1,701807,.237,.296,.640,0.344,0.107,31,5,0,3,8,45,13,11,30,142,131,21.1,7.7,23.7,0.344,ok
Dillon Dingler,Detroit Tigers,Detroit Tigers @ New York Mets,2,693307,.241,.307,.789,0.482,0.241,33,9,0,8,17,66,28,9,29,152,137,19.1,5.9,24.1,0.482,ok
Bo Bichette,New York Mets,Detroit Tigers @ New York Mets,2,666182,.218,.270,.552,0.282,0.063,38,5,0,2,7,49,18,13,33,189,174,17.5,6.9,21.8,0.282,ok
Colt Keith,Detroit Tigers,Detroit Tigers @ New York Mets,3,690993,.303,.346,.715,0.369,0.066,37,8,0,0,8,45,6,7,29,130,122,22.3,5.4,30.3,0.369,ok
Juan Soto,New York Mets,Detroit Tigers @ New York Mets,3,665742,.269,.358,.829,0.471,0.202,28,4,1,5,10,49,13,15,18,120,104,15.0,12.5,26.9,0.471,ok
Riley Greene,Detroit Tigers,Detroit Tigers @ New York Mets,4,682985,.331,.426,.916,0.490,0.159,52,13,0,4,17,77,22,26,48,183,157,26.2,14.2,33.1,0.490,ok
Mark Vientos,New York Mets,Detroit Tigers @ New York Mets,4,668901,.242,.287,.720,0.433,0.192,29,5,0,6,11,52,19,7,27,129,120,20.9,5.4,24.2,0.433,ok
Matt Vierling,Detroit Tigers,Detroit Tigers @ New York Mets,5,663837,.200,.274,.624,0.350,0.150,20,9,0,2,11,35,17,11,18,113,100,15.9,9.7,20.0,0.350,ok
Marcus Semien,New York Mets,Detroit Tigers @ New York Mets,5,543760,.227,.286,.611,0.325,0.097,35,6,0,3,9,50,14,12,33,169,154,19.5,7.1,22.7,0.325,ok
Wenceel Pérez,Detroit Tigers,Detroit Tigers @ New York Mets,6,672761,.169,.221,.479,0.258,0.090,15,2,0,2,4,23,8,6,13,95,89,13.7,6.3,16.9,0.258,ok
Brett Baty,New York Mets,Detroit Tigers @ New York Mets,6,683146,.220,.290,.623,0.333,0.114,27,6,1,2,9,41,15,12,37,139,123,26.6,8.6,22.0,0.333,ok
Spencer Torkelson,Detroit Tigers,Detroit Tigers @ New York Mets,7,679529,.197,.320,.700,0.380,0.183,28,8,0,6,14,54,16,24,54,169,142,32.0,14.2,19.7,0.380,ok
Tyrone Taylor,New York Mets,Detroit Tigers @ New York Mets,7,621438,.182,.203,.489,0.286,0.104,14,2,0,2,4,22,11,2,15,82,77,18.3,2.4,18.2,0.286,ok
Zach McKinstry,Detroit Tigers,Detroit Tigers @ New York Mets,8,656716,.182,.250,.523,0.273,0.091,12,3,0,1,4,18,5,6,15,72,66,20.8,8.3,18.2,0.273,ok
A.J. Ewing,New York Mets,Detroit Tigers @ New York Mets,8,805999,.333,.538,1.427,0.889,0.556,3,0,1,1,2,8,3,4,3,13,9,23.1,30.8,33.3,0.889,ok
Zack Short,Detroit Tigers,Detroit Tigers @ New York Mets,9,670097,.000,.308,.308,0.000,0.000,0,0,0,0,0,0,0,3,3,13,9,23.1,23.1,0.0,0.000,ok
Luis Torrens,New York Mets,Detroit Tigers @ New York Mets,9,620443,.216,.273,.567,0.294,0.078,11,4,0,0,4,15,8,3,11,56,51,19.6,5.4,21.6,0.294,ok
Mauricio Dubón,Atlanta Braves,Chicago Cubs @ Atlanta Braves,1,643289,.260,.317,.726,0.409,0.149,40,10,2,3,15,63,25,11,29,167,154,17.4,6.6,26.0,0.409,ok
Drake Baldwin,Atlanta Braves,Chicago Cubs @ Atlanta Braves,2,686948,.290,.372,.883,0.511,0.222,51,6,0,11,17,90,33,20,43,199,176,21.6,10.1,29.0,0.511,ok
Ozzie Albies,Atlanta Braves,Chicago Cubs @ Atlanta Braves,3,645277,.292,.344,.826,0.482,0.190,49,8,0,8,16,81,25,14,24,186,168,12.9,7.5,29.2,0.482,ok
Matt Olson,Atlanta Braves,Chicago Cubs @ Atlanta Braves,4,621566,.292,.370,1.001,0.631,0.339,49,15,0,14,29,106,37,22,46,192,168,24.0,11.5,29.2,0.631,ok
Austin Riley,Atlanta Braves,Chicago Cubs @ Atlanta Braves,5,663586,.215,.287,.655,0.368,0.153,35,7,0,6,13,60,25,14,47,181,163,26.0,7.7,21.5,0.368,ok
Michael Harris II,Atlanta Braves,Chicago Cubs @ Atlanta Braves,6,671739,.314,.340,.844,0.504,0.190,43,5,0,7,12,69,23,6,28,144,137,19.4,4.2,31.4,0.504,ok
Ha-Seong Kim,Atlanta Braves,Chicago Cubs @ Atlanta Braves,7,673490,.125,.222,.347,0.125,0.000,1,0,0,0,0,1,0,1,1,9,8,11.1,11.1,12.5,0.125,ok
Sandy León,Atlanta Braves,Chicago Cubs @ Atlanta Braves,8,506702,.500,.500,1.000,0.500,0.000,1,0,0,0,0,1,0,0,0,2,2,0.0,0.0,50.0,0.500,ok
José Azocar,Atlanta Braves,Chicago Cubs @ Atlanta Braves,9,640492,.200,.200,.400,0.200,0.000,1,0,0,0,0,1,0,0,2,5,5,40.0,0.0,20.0,0.200,ok
Maikel Garcia,Kansas City Royals,Kansas City Royals @ Chicago White Sox,1,672580,.280,.352,.774,0.422,0.143,45,12,1,3,16,68,17,19,28,182,161,15.4,10.4,28.0,0.422,ok
Sam Antonacci,Chicago White Sox,Kansas City Royals @ Chicago White Sox,1,803011,.278,.383,.801,0.418,0.139,22,4,2,1,7,33,9,6,11,96,79,11.5,6.3,27.8,0.418,ok
Bobby Witt Jr.,Kansas City Royals,Kansas City Royals @ Chicago White Sox,2,677951,.308,.379,.885,0.506,0.198,53,11,1,7,19,87,22,21,33,195,172,16.9,10.8,30.8,0.506,ok
Munetaka Murakami,Chicago White Sox,Kansas City Royals @ Chicago White Sox,2,808959,.228,.370,.907,0.537,0.309,34,1,0,15,16,80,29,34,63,184,149,34.2,18.5,22.8,0.537,ok
Lane Thomas,Kansas City Royals,Kansas City Royals @ Chicago White Sox,3,657041,.197,.344,.594,0.250,0.053,15,1,0,1,2,19,8,17,19,96,76,19.8,17.7,19.7,0.250,ok
Miguel Vargas,Chicago White Sox,Kansas City Royals @ Chicago White Sox,3,678246,.243,.377,.850,0.473,0.230,36,5,1,9,15,70,23,30,30,183,148,16.4,16.4,24.3,0.473,ok
Salvador Perez,Kansas City Royals,Kansas City Royals @ Chicago White Sox,4,521692,.196,.236,.573,0.337,0.141,32,5,0,6,11,55,18,6,39,174,163,22.4,3.4,19.6,0.337,ok
Colson Montgomery,Chicago White Sox,Kansas City Royals @ Chicago White Sox,4,695657,.230,.331,.831,0.500,0.270,35,8,0,11,19,76,29,16,51,175,152,29.1,9.1,23.0,0.500,ok
Nick Loftin,Kansas City Royals,Kansas City Royals @ Chicago White Sox,5,679845,.261,.379,.770,0.391,0.130,12,6,0,0,6,18,13,8,5,58,46,8.6,13.8,26.1,0.391,ok
Chase Meidroth,Chicago White Sox,Kansas City Royals @ Chicago White Sox,5,805367,.272,.341,.732,0.391,0.119,41,9,0,3,12,59,9,17,43,174,151,24.7,9.8,27.2,0.391,ok
Vinnie Pasquantino,Kansas City Royals,Kansas City Royals @ Chicago White Sox,6,686469,.206,.287,.642,0.355,0.148,32,4,2,5,11,55,21,18,35,178,155,19.7,10.1,20.6,0.355,ok
Andrew Benintendi,Chicago White Sox,Kansas City Royals @ Chicago White Sox,6,643217,.221,.269,.613,0.344,0.123,27,5,2,2,9,42,17,9,42,134,122,31.3,6.7,22.1,0.344,ok
Starling Marte,Kansas City Royals,Kansas City Royals @ Chicago White Sox,7,516782,.300,.356,.731,0.375,0.075,12,3,0,0,3,15,2,3,13,45,40,28.9,6.7,30.0,0.375,ok
Jarred Kelenic,Chicago White Sox,Kansas City Royals @ Chicago White Sox,7,672284,.267,.371,.671,0.300,0.033,8,1,0,0,1,9,3,5,7,35,30,20.0,14.3,26.7,0.300,ok
Isaac Collins,Kansas City Royals,Kansas City Royals @ Chicago White Sox,8,686555,.233,.348,.701,0.353,0.121,27,5,0,3,8,41,13,17,38,138,116,27.5,12.3,23.3,0.353,ok
Tristan Peters,Chicago White Sox,Kansas City Royals @ Chicago White Sox,8,671976,.271,.327,.660,0.333,0.063,26,4,1,0,5,32,7,7,26,107,96,24.3,6.5,27.1,0.333,ok
Elias Díaz,Kansas City Royals,Kansas City Royals @ Chicago White Sox,9,553869,.211,.250,.724,0.474,0.263,4,2,0,1,3,9,3,1,4,20,19,20.0,5.0,21.1,0.474,ok
Drew Romo,Chicago White Sox,Kansas City Royals @ Chicago White Sox,9,691011,.161,.350,.931,0.581,0.419,5,1,0,4,5,18,6,8,9,40,31,22.5,20.0,16.1,0.581,ok
Ketel Marte,Arizona Diamondbacks,Arizona Diamondbacks @ Texas Rangers,1,606466,.215,.271,.638,0.367,0.152,34,5,2,5,12,58,15,12,30,170,158,17.6,7.1,21.5,0.367,ok
Corbin Carroll,Arizona Diamondbacks,Arizona Diamondbacks @ Texas Rangers,2,682998,.266,.377,.881,0.504,0.237,37,10,4,5,19,70,20,24,39,167,139,23.4,14.4,26.6,0.504,ok
Geraldo Perdomo,Arizona Diamondbacks,Arizona Diamondbacks @ Texas Rangers,3,672695,.218,.338,.691,0.353,0.135,29,6,3,2,11,47,12,25,22,162,133,13.6,15.4,21.8,0.353,ok
Nolan Arenado,Arizona Diamondbacks,Arizona Diamondbacks @ Texas Rangers,4,571448,.274,.329,.781,0.452,0.178,37,6,0,6,12,61,20,11,30,149,135,20.1,7.4,27.4,0.452,ok
Ildemaro Vargas,Arizona Diamondbacks,Arizona Diamondbacks @ Texas Rangers,5,545121,.331,.354,.915,0.561,0.230,46,7,2,7,16,78,28,5,16,146,139,11.0,3.4,33.1,0.561,ok
Lourdes Gurriel Jr.,Arizona Diamondbacks,Arizona Diamondbacks @ Texas Rangers,6,666971,.194,.270,.509,0.239,0.045,13,3,0,0,3,16,6,7,13,74,67,17.6,9.5,19.4,0.239,ok
Adrian Del Castillo,Arizona Diamondbacks,Arizona Diamondbacks @ Texas Rangers,7,680728,.198,.247,.596,0.349,0.151,17,4,0,3,7,30,16,6,30,93,86,32.3,6.5,19.8,0.349,ok
Gabriel Moreno,Arizona Diamondbacks,Arizona Diamondbacks @ Texas Rangers,8,672515,.216,.268,.606,0.338,0.122,16,6,0,1,7,25,9,5,19,82,74,23.2,6.1,21.6,0.338,ok
Ryan Waldschmidt,Arizona Diamondbacks,Arizona Diamondbacks @ Texas Rangers,9,814439,.278,.316,.705,0.389,0.111,5,2,0,0,2,7,3,1,5,19,18,26.3,5.3,27.8,0.389,ok
Luke Raley,Seattle Mariners,Seattle Mariners @ Houston Astros,,670042,.268,.333,.922,0.589,0.321,30,4,1,10,15,66,27,8,43,124,112,34.7,6.5,26.8,0.589,ok
Shea Langeliers,Athletics,St. Louis Cardinals @ Athletics,,669127,.340,.397,1.020,0.623,0.284,55,10,0,12,22,101,27,15,39,179,162,21.8,8.4,34.0,0.623,ok
Nick Kurtz,Athletics,St. Louis Cardinals @ Athletics,,701762,.275,.428,.905,0.477,0.203,42,8,1,7,16,73,26,40,57,194,153,29.4,20.6,27.5,0.477,ok
Dominic Canzone,Seattle Mariners,Seattle Mariners @ Houston Astros,,686527,.253,.320,.782,0.462,0.209,23,7,0,4,11,42,18,9,23,103,91,22.3,8.7,25.3,0.462,ok
Ian Happ,Chicago Cubs,Chicago Cubs @ Atlanta Braves,,664023,.229,.372,.830,0.458,0.229,35,6,1,9,16,70,18,33,58,188,153,30.9,17.6,22.9,0.458,ok
Brent Rooker,Athletics,St. Louis Cardinals @ Athletics,,667670,.190,.284,.644,0.360,0.170,19,2,0,5,7,36,18,14,36,116,100,31.0,12.1,19.0,0.360,ok
Corey Seager,Texas Rangers,Arizona Diamondbacks @ Texas Rangers,,608369,.179,.286,.639,0.353,0.173,28,6,0,7,13,55,20,22,50,182,156,27.5,12.1,17.9,0.353,ok
Kyle Stowers,Miami Marlins,Miami Marlins @ Minnesota Twins,,669065,.215,.319,.623,0.304,0.089,17,4,0,1,5,24,3,10,21,91,79,23.1,11.0,21.5,0.304,ok
Tyler Soderstrom,Athletics,St. Louis Cardinals @ Athletics,,691016,.195,.277,.660,0.383,0.188,30,12,1,5,18,59,20,18,36,173,154,20.8,10.4,19.5,0.383,ok
Cal Raleigh,Seattle Mariners,Seattle Mariners @ Houston Astros,,663728,.161,.243,.560,0.317,0.155,26,4,0,7,11,51,18,18,57,181,161,31.5,9.9,16.1,0.317,ok
Max Muncy,Los Angeles Dodgers,San Francisco Giants @ Los Angeles Dodgers,,571970,.272,.365,.916,0.551,0.279,37,5,0,11,16,75,17,20,39,156,136,25.0,12.8,27.2,0.551,ok
Julio Rodríguez,Seattle Mariners,Seattle Mariners @ Houston Astros,,677594,.261,.325,.753,0.428,0.167,47,9,0,7,16,77,20,15,47,197,180,23.9,7.6,26.1,0.428,ok
Jordan Walker,St. Louis Cardinals,St. Louis Cardinals @ Athletics,,691023,.294,.370,.945,0.575,0.281,47,9,0,12,21,92,32,19,50,181,160,27.6,10.5,29.4,0.575,ok
Christopher Morel,Miami Marlins,Miami Marlins @ Minnesota Twins,,666624,.171,.237,.437,0.200,0.029,6,1,0,0,1,7,1,2,14,38,35,36.8,5.3,17.1,0.200,ok
Seiya Suzuki,Chicago Cubs,Chicago Cubs @ Atlanta Braves,,673548,.266,.377,.863,0.486,0.220,29,3,0,7,10,53,16,18,32,130,109,24.6,13.8,26.6,0.486,ok
Moisés Ballesteros,Chicago Cubs,Chicago Cubs @ Atlanta Braves,,694208,.248,.308,.775,0.467,0.219,26,5,0,6,11,49,20,10,22,117,105,18.8,8.5,24.8,0.467,ok
Jake Burger,Texas Rangers,Arizona Diamondbacks @ Texas Rangers,,669394,.226,.262,.652,0.390,0.164,36,5,0,7,12,62,27,7,45,168,159,26.8,4.2,22.6,0.390,ok
Josh Naylor,Seattle Mariners,Seattle Mariners @ Houston Astros,,647304,.247,.311,.678,0.367,0.120,41,5,0,5,10,61,20,15,30,183,166,16.4,8.2,24.7,0.367,ok
Connor Norby,Miami Marlins,Miami Marlins @ Minnesota Twins,,681393,.234,.338,.709,0.371,0.137,29,8,0,3,11,46,12,15,45,145,124,31.0,10.3,23.4,0.371,ok
Brandon Nimmo,Texas Rangers,Arizona Diamondbacks @ Texas Rangers,,607043,.281,.359,.784,0.425,0.144,45,7,2,4,13,68,12,17,35,181,160,19.3,9.4,28.1,0.425,ok
Heriberto Hernández,Miami Marlins,Miami Marlins @ Minnesota Twins,,681715,.162,.279,.468,0.189,0.027,12,0,1,0,1,14,11,11,15,86,74,17.4,12.8,16.2,0.189,ok
Michael Busch,Chicago Cubs,Chicago Cubs @ Atlanta Braves,,683737,.232,.349,.704,0.355,0.123,36,8,1,3,12,55,23,27,42,186,155,22.6,14.5,23.2,0.355,ok
Zack Gelof,Athletics,St. Louis Cardinals @ Athletics,,680869,.270,.316,.843,0.527,0.257,20,2,1,5,8,39,13,5,19,81,74,23.5,6.2,27.0,0.527,ok
Yordan Alvarez,Houston Astros,Seattle Mariners @ Houston Astros,,670541,.321,.429,1.071,0.642,0.321,53,11,0,14,25,106,30,28,31,198,165,15.7,14.1,32.1,0.642,ok
Dansby Swanson,Chicago Cubs,Chicago Cubs @ Atlanta Braves,,621020,.190,.302,.654,0.352,0.162,27,3,1,6,10,50,25,23,36,169,142,21.3,13.6,19.0,0.352,ok
Pete Crow-Armstrong,Chicago Cubs,Chicago Cubs @ Atlanta Braves,,691718,.239,.309,.680,0.371,0.132,38,5,2,4,11,59,17,13,45,176,159,25.6,7.4,23.9,0.371,ok
Ivan Herrera,St. Louis Cardinals,St. Louis Cardinals @ Athletics,,671056,.264,.396,.805,0.409,0.145,42,11,0,4,15,65,20,28,33,197,159,16.8,14.2,26.4,0.409,ok
Joc Pederson,Texas Rangers,Arizona Diamondbacks @ Texas Rangers,,592626,.214,.322,.659,0.337,0.122,21,3,0,3,6,33,9,16,28,118,98,23.7,13.6,21.4,0.337,ok
Colby Thomas,Athletics,St. Louis Cardinals @ Athletics,,687515,.357,.400,.900,0.500,0.143,10,1,0,1,2,14,3,2,7,31,28,22.6,6.5,35.7,0.500,ok
Byron Buxton,Minnesota Twins,Miami Marlins @ Minnesota Twins,,621439,.260,.319,.899,0.580,0.320,44,7,1,15,23,98,23,13,47,185,169,25.4,7.0,26.0,0.580,ok
Randy Arozarena,Seattle Mariners,Seattle Mariners @ Houston Astros,,668227,.301,.389,.843,0.454,0.153,49,11,1,4,16,74,16,19,45,190,163,23.7,10.0,30.1,0.454,ok
Josh Jung,Texas Rangers,Arizona Diamondbacks @ Texas Rangers,,673962,.325,.372,.882,0.510,0.185,49,13,0,5,18,77,20,10,26,164,151,15.9,6.1,32.5,0.510,ok
Alex Bregman,Chicago Cubs,Chicago Cubs @ Atlanta Braves,,608324,.247,.335,.694,0.359,0.112,42,5,1,4,10,61,14,22,33,194,170,17.0,11.3,24.7,0.359,ok
Carlos Narváez,Boston Red Sox,Philadelphia Phillies @ Boston Red Sox,,665966,.217,.278,.615,0.337,0.120,18,4,0,2,6,28,3,5,24,91,83,26.4,5.5,21.7,0.337,ok
Carson Kelly,Chicago Cubs,Chicago Cubs @ Atlanta Braves,,608348,.284,.376,.758,0.382,0.098,29,4,0,2,6,39,13,14,19,117,102,16.2,12.0,28.4,0.382,ok
Will Smith,Los Angeles Dodgers,San Francisco Giants @ Los Angeles Dodgers,,669257,.256,.324,.679,0.355,0.099,31,3,0,3,6,43,17,13,23,136,121,16.9,9.6,25.6,0.355,ok
Jackson Chourio,Milwaukee Brewers,San Diego Padres @ Milwaukee Brewers,,694192,.286,.342,.713,0.371,0.086,10,3,0,0,3,13,3,3,10,38,35,26.3,7.9,28.6,0.371,ok
Brendan Donovan,Seattle Mariners,Seattle Mariners @ Houston Astros,,680977,.278,.396,.864,0.468,0.190,22,4,1,3,8,37,8,11,13,96,79,13.5,11.5,27.8,0.468,ok
Zach Cole,Houston Astros,Seattle Mariners @ Houston Astros,,805904,.250,.276,.776,0.500,0.250,7,1,0,2,3,14,6,0,12,29,28,41.4,0.0,25.0,0.500,ok
Freddie Freeman,Los Angeles Dodgers,San Francisco Giants @ Los Angeles Dodgers,,518692,.277,.350,.784,0.434,0.157,44,11,1,4,16,69,20,17,22,177,159,12.4,9.6,27.7,0.434,ok
Owen Caissie,Miami Marlins,Miami Marlins @ Minnesota Twins,,683357,.208,.267,.616,0.349,0.142,22,6,0,3,9,37,19,8,49,120,106,40.8,6.7,20.8,0.349,ok
Alec Burleson,St. Louis Cardinals,St. Louis Cardinals @ Athletics,,676475,.273,.342,.790,0.448,0.176,45,11,0,6,17,74,30,18,29,184,165,15.8,9.8,27.3,0.448,ok
Otto Lopez,Miami Marlins,Miami Marlins @ Minnesota Twins,,672640,.339,.370,.867,0.497,0.158,58,11,2,4,17,85,19,7,32,181,171,17.7,3.9,33.9,0.497,ok
Andy Pages,Los Angeles Dodgers,San Francisco Giants @ Los Angeles Dodgers,,681624,.312,.360,.895,0.535,0.223,49,8,0,9,17,84,35,11,35,172,157,20.3,6.4,31.2,0.535,ok
Dalton Rushing,Los Angeles Dodgers,San Francisco Giants @ Los Angeles Dodgers,,687221,.302,.371,1.038,0.667,0.365,19,2,0,7,9,42,17,4,18,70,63,25.7,5.7,30.2,0.667,ok
Nolan Gorman,St. Louis Cardinals,St. Louis Cardinals @ Athletics,,669357,.227,.304,.666,0.362,0.135,32,4,0,5,9,51,23,17,45,161,141,28.0,10.6,22.7,0.362,ok
Hunter Goodman,Colorado Rockies,Colorado Rockies @ Pittsburgh Pirates,,696100,.247,.311,.811,0.500,0.253,37,8,0,10,18,75,18,11,59,164,150,36.0,6.7,24.7,0.500,ok
Carter Jensen,Kansas City Royals,Kansas City Royals @ Chicago White Sox,,695600,.234,.326,.737,0.411,0.177,29,4,0,6,10,51,18,17,45,144,124,31.3,11.8,23.4,0.411,ok
Evan Carter,Texas Rangers,Arizona Diamondbacks @ Texas Rangers,,694497,.178,.301,.634,0.333,0.155,23,5,0,5,10,43,13,22,34,156,129,21.8,14.1,17.8,0.333,ok
Teoscar Hernández,Los Angeles Dodgers,San Francisco Giants @ Los Angeles Dodgers,,606192,.248,.325,.697,0.372,0.124,34,5,0,4,9,51,18,15,44,154,137,28.6,9.7,24.8,0.372,ok
Christian Walker,Houston Astros,Seattle Mariners @ Houston Astros,,572233,.270,.344,.859,0.515,0.245,44,10,0,10,20,84,29,17,34,183,163,18.6,9.3,27.0,0.515,ok
Ryan Jeffers,Minnesota Twins,Miami Marlins @ Minnesota Twins,,680777,.294,.409,.941,0.532,0.239,32,6,1,6,13,58,25,21,23,133,109,17.3,15.8,29.4,0.532,ok
Casey Schmitt,San Francisco Giants,San Francisco Giants @ Los Angeles Dodgers,,669477,.285,.338,.838,0.500,0.215,37,8,1,6,15,65,18,6,28,142,130,19.7,4.2,28.5,0.500,ok
Danny Jansen,Texas Rangers,Arizona Diamondbacks @ Texas Rangers,,643376,.195,.286,.619,0.333,0.138,17,4,1,2,7,29,9,8,28,99,87,28.3,8.1,19.5,0.333,ok
Ceddanne Rafaela,Boston Red Sox,Philadelphia Phillies @ Boston Red Sox,,678882,.275,.338,.758,0.420,0.145,38,4,2,4,10,58,19,8,35,151,138,23.2,5.3,27.5,0.420,ok
Jeff McNeil,Athletics,St. Louis Cardinals @ Athletics,,643446,.276,.343,.705,0.362,0.087,35,8,0,1,9,46,12,11,19,144,127,13.2,7.6,27.6,0.362,ok
Fernando Tatis Jr.,San Diego Padres,San Diego Padres @ Milwaukee Brewers,,665487,.244,.318,.606,0.288,0.045,38,5,1,0,6,45,15,18,45,180,156,25.0,10.0,24.4,0.288,ok
Mookie Betts,Los Angeles Dodgers,San Francisco Giants @ Los Angeles Dodgers,,605141,.171,.244,.659,0.415,0.244,7,1,0,3,4,17,8,3,5,45,41,11.1,6.7,17.1,0.415,ok
Ramón Laureano,San Diego Padres,San Diego Padres @ Milwaukee Brewers,,657656,.214,.296,.675,0.379,0.164,30,4,2,5,11,53,19,16,50,159,140,31.4,10.1,21.4,0.379,ok
Kyle Tucker,Los Angeles Dodgers,San Francisco Giants @ Los Angeles Dodgers,,663656,.260,.359,.775,0.416,0.156,40,12,0,4,16,64,20,24,35,181,154,19.3,13.3,26.0,0.416,ok
Jake Bauers,Milwaukee Brewers,San Diego Padres @ Milwaukee Brewers,,641343,.268,.345,.817,0.472,0.205,34,8,0,6,14,60,21,15,31,142,127,21.8,10.6,26.8,0.472,ok
Jackson Merrill,San Diego Padres,San Diego Padres @ Milwaukee Brewers,,701538,.215,.287,.629,0.342,0.127,34,8,0,4,12,54,18,15,44,176,158,25.0,8.5,21.5,0.342,ok
Kody Clemens,Minnesota Twins,Miami Marlins @ Minnesota Twins,,665019,.222,.325,.739,0.414,0.192,22,7,0,4,11,41,10,11,31,116,99,26.7,9.5,22.2,0.414,ok
Brice Turang,Milwaukee Brewers,San Diego Padres @ Milwaukee Brewers,,668930,.298,.422,.933,0.511,0.213,42,10,1,6,17,72,27,31,35,175,141,20.0,17.7,29.8,0.511,ok
Gavin Sheets,San Diego Padres,San Diego Padres @ Milwaukee Brewers,,657757,.229,.289,.747,0.458,0.229,27,9,0,6,15,54,16,9,26,128,118,20.3,7.0,22.9,0.458,ok
Darell Hernaiz,Athletics,St. Louis Cardinals @ Athletics,,687231,.242,.329,.619,0.290,0.048,15,0,0,1,1,18,5,8,13,71,62,18.3,11.3,24.2,0.290,ok
Xavier Edwards,Miami Marlins,Miami Marlins @ Minnesota Twins,,669364,.313,.402,.877,0.475,0.163,50,8,3,4,15,76,15,24,20,185,160,10.8,13.0,31.3,0.475,ok
Heliot Ramos,San Francisco Giants,San Francisco Giants @ Los Angeles Dodgers,,671218,.272,.314,.751,0.437,0.165,43,12,1,4,17,69,20,10,46,169,158,27.2,5.9,27.2,0.437,ok
Cole Young,Seattle Mariners,Seattle Mariners @ Houston Astros,,702284,.248,.328,.691,0.363,0.115,39,7,1,3,11,57,24,15,41,177,157,23.2,8.5,24.8,0.363,ok
Cesar Prieto,St. Louis Cardinals,St. Louis Cardinals @ Athletics,,693409,.000,.000,.000,0.000,0.000,0,0,0,0,0,0,0,0,1,5,5,20.0,0.0,0.0,0.000,ok
Junior Caminero,Tampa Bay Rays,Tampa Bay Rays @ Toronto Blue Jays,,691406,.255,.339,.817,0.478,0.224,41,3,0,11,14,77,19,21,30,183,161,16.4,11.5,25.5,0.478,ok
Jakob Marsee,Miami Marlins,Miami Marlins @ Minnesota Twins,,805300,.176,.298,.562,0.264,0.088,28,4,2,2,8,42,13,24,48,189,159,25.4,12.7,17.6,0.264,ok
Royce Lewis,Minnesota Twins,Miami Marlins @ Minnesota Twins,,668904,.161,.269,.559,0.290,0.129,15,3,0,3,6,27,12,12,31,108,93,28.7,11.1,16.1,0.290,ok
Pedro Pagés,St. Louis Cardinals,St. Louis Cardinals @ Athletics,,686780,.209,.255,.596,0.341,0.132,19,3,0,3,6,31,8,4,25,100,91,25.0,4.0,20.9,0.341,ok
Nathan Church,St. Louis Cardinals,St. Louis Cardinals @ Athletics,,701675,.244,.279,.681,0.402,0.157,31,5,0,5,10,51,18,5,28,136,127,20.6,3.7,24.4,0.402,ok
Rafael Devers,San Francisco Giants,San Francisco Giants @ Los Angeles Dodgers,,646240,.247,.295,.690,0.395,0.148,40,9,0,5,14,64,18,12,54,176,162,30.7,6.8,24.7,0.395,ok
Jonathan Aranda,Tampa Bay Rays,Tampa Bay Rays @ Toronto Blue Jays,,666018,.284,.387,.867,0.480,0.196,42,5,0,8,13,71,33,25,42,181,148,23.2,13.8,28.4,0.480,ok
Cam Smith,Houston Astros,Seattle Mariners @ Houston Astros,,701358,.203,.294,.618,0.324,0.122,30,6,0,4,10,48,17,18,48,171,148,28.1,10.5,20.3,0.324,ok
Manny Machado,San Diego Padres,San Diego Padres @ Milwaukee Brewers,,592518,.190,.287,.627,0.340,0.150,28,4,0,6,10,50,20,21,38,172,147,22.1,12.2,19.0,0.340,ok
Nick Yorke,Pittsburgh Pirates,Colorado Rockies @ Pittsburgh Pirates,,694377,.205,.289,.577,0.288,0.082,15,3,0,1,4,21,6,7,16,83,73,19.3,8.4,20.5,0.288,ok
Liam Hicks,Miami Marlins,Miami Marlins @ Minnesota Twins,,689414,.295,.358,.881,0.523,0.227,39,3,0,9,12,69,38,12,12,151,132,7.9,7.9,29.5,0.523,ok
James McCann,Arizona Diamondbacks,Arizona Diamondbacks @ Texas Rangers,,543510,.200,.214,.469,0.255,0.055,11,3,0,0,3,14,6,1,17,58,55,29.3,1.7,20.0,0.255,ok
Billy Cook,Pittsburgh Pirates,Colorado Rockies @ Pittsburgh Pirates,,695257,.190,.190,.380,0.190,0.000,4,0,0,0,0,4,0,0,8,21,21,38.1,0.0,19.0,0.190,ok
Josh Bell,Minnesota Twins,Miami Marlins @ Minnesota Twins,,605137,.214,.282,.607,0.325,0.110,33,8,0,3,11,50,24,14,41,170,154,24.1,8.2,21.4,0.325,ok
Joe Mack,Miami Marlins,Miami Marlins @ Minnesota Twins,,691788,.222,.250,.583,0.333,0.111,6,3,0,0,3,9,2,1,9,28,27,32.1,3.6,22.2,0.333,ok
J.P. Crawford,Seattle Mariners,Seattle Mariners @ Houston Astros,,641487,.215,.363,.725,0.362,0.146,28,4,0,5,9,47,15,28,24,160,130,15.0,17.5,21.5,0.362,ok
Ezequiel Duran,Texas Rangers,Arizona Diamondbacks @ Texas Rangers,,677649,.294,.365,.845,0.480,0.186,30,8,1,3,12,49,16,12,25,116,102,21.6,10.3,29.4,0.480,ok
Ke'Bryan Hayes,Cincinnati Reds,Washington Nationals @ Cincinnati Reds,,663647,.150,.202,.445,0.243,0.093,16,2,1,2,5,26,5,7,19,114,107,16.7,6.1,15.0,0.243,ok
Brice Matthews,Houston Astros,Seattle Mariners @ Houston Astros,,694728,.196,.252,.625,0.373,0.176,20,4,1,4,9,38,13,8,37,112,102,33.0,7.1,19.6,0.373,ok
William Contreras,Milwaukee Brewers,San Diego Padres @ Milwaukee Brewers,,661388,.281,.362,.754,0.392,0.111,43,8,0,3,11,60,26,19,20,174,153,11.5,10.9,28.1,0.392,ok
Garrett Mitchell,Milwaukee Brewers,San Diego Padres @ Milwaukee Brewers,,669003,.216,.343,.671,0.328,0.112,25,8,1,1,10,38,22,22,52,141,116,36.9,15.6,21.6,0.328,ok
Sung-Mun Song,San Diego Padres,San Diego Padres @ Milwaukee Brewers,,823550,.154,.313,.544,0.231,0.077,2,1,0,0,1,3,3,3,4,16,13,25.0,18.8,15.4,0.231,ok
Trea Turner,Philadelphia Phillies,Philadelphia Phillies @ Boston Red Sox,,607208,.230,.282,.621,0.339,0.109,40,7,0,4,11,59,13,13,39,188,174,20.7,6.9,23.0,0.339,ok
Willy Adames,San Francisco Giants,San Francisco Giants @ Los Angeles Dodgers,,642715,.222,.253,.598,0.345,0.123,38,12,0,3,15,59,11,6,53,178,171,29.8,3.4,22.2,0.345,ok
Xander Bogaerts,San Diego Padres,San Diego Padres @ Milwaukee Brewers,,593428,.257,.331,.745,0.414,0.158,39,3,0,7,10,63,23,17,28,169,152,16.6,10.1,25.7,0.414,ok
Jorge Mateo,Atlanta Braves,Chicago Cubs @ Atlanta Braves,,622761,.309,.345,.800,0.455,0.145,17,2,0,2,4,25,6,3,19,58,55,32.8,5.2,30.9,0.455,ok
Andrew Vaughn,Milwaukee Brewers,San Diego Padres @ Milwaukee Brewers,,683734,.292,.433,.933,0.500,0.208,7,2,0,1,3,12,6,4,4,30,24,13.3,13.3,29.2,0.500,ok
Alejandro Osuna,Texas Rangers,Arizona Diamondbacks @ Texas Rangers,,696030,.270,.438,.735,0.297,0.027,10,1,0,0,1,11,6,7,10,48,37,20.8,14.6,27.0,0.297,ok
Vidal Bruján,New York Mets,Detroit Tigers @ New York Mets,,660644,.000,.250,.250,0.000,0.000,0,0,0,0,0,0,0,1,0,4,3,0.0,25.0,0.0,0.000,ok
César Salazar,Houston Astros,Seattle Mariners @ Houston Astros,,663967,.125,.300,.425,0.125,0.000,1,0,0,0,0,1,0,2,0,10,8,0.0,20.0,12.5,0.125,ok
Yandy Díaz,Tampa Bay Rays,Tampa Bay Rays @ Toronto Blue Jays,,650490,.297,.375,.807,0.432,0.135,46,4,1,5,10,67,24,14,22,176,155,12.5,8.0,29.7,0.432,ok
Mike Yastrzemski,Atlanta Braves,Chicago Cubs @ Atlanta Braves,,573262,.218,.285,.588,0.303,0.084,26,5,1,1,7,36,10,9,32,130,119,24.6,6.9,21.8,0.303,ok
Nico Hoerner,Chicago Cubs,Chicago Cubs @ Atlanta Braves,,663538,.269,.347,.756,0.409,0.140,46,12,0,4,16,70,29,18,15,196,171,7.7,9.2,26.9,0.409,ok
Christian Yelich,Milwaukee Brewers,San Diego Padres @ Milwaukee Brewers,,592885,.291,.350,.768,0.418,0.127,16,2,1,1,4,23,10,5,16,60,55,26.7,8.3,29.1,0.418,ok
Jose Altuve,Houston Astros,Seattle Mariners @ Houston Astros,,514888,.245,.328,.693,0.365,0.119,39,10,0,3,13,58,11,19,34,181,159,18.8,10.5,24.5,0.365,ok
Miguel Andujar,San Diego Padres,San Diego Padres @ Milwaukee Brewers,,609280,.289,.314,.796,0.482,0.193,33,9,2,3,14,55,12,3,23,118,114,19.5,2.5,28.9,0.482,ok
Harrison Bader,San Francisco Giants,San Francisco Giants @ Los Angeles Dodgers,,664056,.136,.161,.432,0.271,0.136,8,2,0,2,4,16,4,2,19,62,59,30.6,3.2,13.6,0.271,ok
Jake Fraley,Tampa Bay Rays,Tampa Bay Rays @ Toronto Blue Jays,,641584,.241,.310,.715,0.405,0.165,19,7,0,2,9,32,5,8,24,87,79,27.6,9.2,24.1,0.405,ok
Willi Castro,Colorado Rockies,Colorado Rockies @ Pittsburgh Pirates,,650489,.231,.297,.622,0.325,0.094,27,5,0,2,7,38,13,10,42,128,117,32.8,7.8,23.1,0.325,ok
Trevor Larnach,Minnesota Twins,Miami Marlins @ Minnesota Twins,,663616,.268,.398,.779,0.381,0.113,26,6,1,1,8,37,11,20,21,118,97,17.8,16.9,26.8,0.381,ok
Isaac Paredes,Houston Astros,Seattle Mariners @ Houston Astros,,670623,.255,.345,.711,0.366,0.110,37,7,0,3,10,53,17,15,29,165,145,17.6,9.1,25.5,0.366,ok
Matt Chapman,San Francisco Giants,San Francisco Giants @ Los Angeles Dodgers,,656305,.228,.307,.617,0.310,0.082,36,8,1,1,10,49,14,16,42,176,158,23.9,9.1,22.8,0.310,ok
Brooks Lee,Minnesota Twins,Miami Marlins @ Minnesota Twins,,686797,.260,.316,.720,0.404,0.144,38,6,0,5,11,59,24,11,28,159,146,17.6,6.9,26.0,0.404,ok
Freddy Fermin,San Diego Padres,San Diego Padres @ Milwaukee Brewers,,666023,.176,.267,.497,0.230,0.054,13,4,0,0,4,17,3,8,17,86,74,19.8,9.3,17.6,0.230,ok
Jonny DeLuca,Tampa Bay Rays,Tampa Bay Rays @ Toronto Blue Jays,,676356,.280,.316,.757,0.441,0.161,26,9,0,2,11,41,15,5,19,99,93,19.2,5.1,28.0,0.441,ok
Cedric Mullins,Tampa Bay Rays,Tampa Bay Rays @ Toronto Blue Jays,,656775,.150,.204,.432,0.228,0.079,19,2,1,2,5,29,13,6,26,141,127,18.4,4.3,15.0,0.228,ok
Ryan Vilade,Tampa Bay Rays,Tampa Bay Rays @ Toronto Blue Jays,,668723,.281,.339,.778,0.439,0.158,16,3,0,2,5,25,10,5,12,63,57,19.0,7.9,28.1,0.439,ok
Jung Hoo Lee,San Francisco Giants,San Francisco Giants @ Los Angeles Dodgers,,808982,.265,.309,.686,0.377,0.111,43,10,1,2,13,61,14,10,22,175,162,12.6,5.7,26.5,0.377,ok
Nick Fortes,Tampa Bay Rays,Tampa Bay Rays @ Toronto Blue Jays,,663743,.282,.315,.674,0.359,0.078,29,5,0,1,6,37,8,2,16,108,103,14.8,1.9,28.2,0.359,ok
Masyn Winn,St. Louis Cardinals,St. Louis Cardinals @ Athletics,,691026,.259,.337,.694,0.357,0.098,37,7,2,1,10,51,16,14,30,163,143,18.4,8.6,25.9,0.357,ok
Jesus Rodriguez,San Francisco Giants,San Francisco Giants @ Los Angeles Dodgers,,683679,.250,.308,.683,0.375,0.125,6,0,0,1,1,9,4,1,4,26,24,15.4,3.8,25.0,0.375,ok
Taylor Walls,Tampa Bay Rays,Tampa Bay Rays @ Toronto Blue Jays,,670764,.207,.311,.572,0.261,0.054,19,3,1,0,4,24,8,13,26,111,92,23.4,11.7,20.7,0.261,ok
Luis Rengifo,Milwaukee Brewers,San Diego Padres @ Milwaukee Brewers,,650859,.220,.290,.578,0.288,0.068,26,8,0,0,8,34,14,11,14,132,118,10.6,8.3,22.0,0.288,ok
Ben Williamson,Tampa Bay Rays,Tampa Bay Rays @ Toronto Blue Jays,,810938,.270,.352,.694,0.342,0.072,30,6,1,0,7,38,14,14,23,126,111,18.3,11.1,27.0,0.342,ok
Luis Arraez,San Francisco Giants,San Francisco Giants @ Los Angeles Dodgers,,650333,.310,.347,.727,0.380,0.070,49,7,2,0,9,60,14,10,7,173,158,4.0,5.8,31.0,0.380,ok
Luke Keaschall,Minnesota Twins,Miami Marlins @ Minnesota Twins,,807712,.223,.307,.600,0.293,0.070,35,8,0,1,9,46,15,18,29,179,157,16.2,10.1,22.3,0.293,ok
David Hamilton,Milwaukee Brewers,San Diego Padres @ Milwaukee Brewers,,666152,.232,.327,.580,0.253,0.020,23,2,0,0,2,25,7,13,24,118,99,20.3,11.0,23.2,0.253,ok
Victor Scott II,St. Louis Cardinals,St. Louis Cardinals @ Athletics,,687363,.183,.246,.506,0.260,0.077,19,2,0,2,4,27,6,8,34,122,104,27.9,6.6,18.3,0.260,ok
Sal Frelick,Milwaukee Brewers,San Diego Padres @ Milwaukee Brewers,,686217,.225,.311,.621,0.310,0.085,29,2,0,3,5,40,12,16,19,151,129,12.6,10.6,22.5,0.310,ok
Austin Martin,Minnesota Twins,Miami Marlins @ Minnesota Twins,,668885,.333,.454,.883,0.429,0.095,35,7,0,1,8,45,11,22,18,130,105,13.8,16.9,33.3,0.429,ok
Chandler Simpson,Tampa Bay Rays,Tampa Bay Rays @ Toronto Blue Jays,,802415,.306,.335,.685,0.350,0.044,49,1,3,0,4,56,12,8,17,173,160,9.8,4.6,30.6,0.350,ok