rank,name,team,opponent,game,pitcher,odds,book,final_hr_score,decision_tier,confidence,consensus_score,consensus_label,agreement_count,disagreement_count,model_score_avg,model_score_min,model_score_max,model_score_range,volatility,model_probability_est,market_implied_probability,market_edge_points,value_score,sharp_flag,nuke_flag,core_flag,value_flag,ladder_flag,stealth_flag,all_flags,master_score,matchup_score,split_score,per_pitch_score,primary_pitch_match,primary_pitch_usage_pct,signal_flags,note
1,James Wood,Washington Nationals,Cincinnati Reds,Washington Nationals @ Cincinnati Reds,Nick Lodolo,362,DraftKings,89,SLIP LAB ELITE,HIGH,83,STRONG CONSENSUS,4,0,82.2,74.1,88.4,14.3,LOW,13.7,21.6,-7.9,32.3,NO,YES,YES,NO,NO,NO,NUKE_FLAG|CORE_FLAG,88.4,74.1,83.2,83,Sinker,24.4,MASTER|MATCHUP|SPLITS|PITCH|CONTACT,All model layers agree
2,Luke Raley,Seattle Mariners,Houston Astros,Seattle Mariners @ Houston Astros,Lance McCullers Jr.,474,DraftKings,80.6,STRONG PLAY,HIGH,78.8,GOOD CONSENSUS,4,0,77.8,72.3,85.2,12.9,LOW,12.6,17.4,-4.8,47.6,NO,NO,NO,YES,NO,NO,VALUE_FLAG,85.2,72.3,79.9,73.6,Cutter,21.8,MASTER|MATCHUP|SPLITS|CONTACT,All model layers agree
3,Willson Contreras,Boston Red Sox,Philadelphia Phillies,Philadelphia Phillies @ Boston Red Sox,Andrew Painter,490,FanDuel,80.2,STRONG PLAY,HIGH,78.5,GOOD CONSENSUS,4,0,77.5,70.4,83.4,13,LOW,12.6,16.9,-4.3,49.1,NO,NO,NO,YES,NO,NO,VALUE_FLAG,83.4,70.4,79.2,76.8,Slider,17,MASTER|SPLITS|CONTACT,All model layers agree
4,Shea Langeliers,Athletics,St. Louis Cardinals,St. Louis Cardinals @ Athletics,Matthew Liberatore,240,BetMGM,80.7,STRONG PLAY,HIGH,72.2,GOOD CONSENSUS,3,0,78,69.4,84.4,15,LOW,12.6,29.4,-16.8,5.6,NO,NO,NO,NO,NO,NO,,84.4,69.4,76.8,81.4,4-Seam Fastball,32.4,MASTER|SPLITS|PITCH,Three layer agreement
5,Nick Kurtz,Athletics,St. Louis Cardinals,St. Louis Cardinals @ Athletics,Matthew Liberatore,333,BetMGM,79.8,STRONG PLAY,HIGH,72.2,GOOD CONSENSUS,3,0,77.1,69.9,82.8,12.9,LOW,12.5,23.1,-10.6,24.2,NO,NO,NO,NO,NO,NO,,82.8,69.9,74.8,80.7,4-Seam Fastball,32.4,MASTER|PITCH|CONTACT,Three layer agreement
6,Oneil Cruz,Pittsburgh Pirates,Colorado Rockies,Colorado Rockies @ Pittsburgh Pirates,Jose Quintana,400,BetMGM,76.1,STRONG PLAY,MEDIUM,70.8,MIXED LEAN,3,0,75.1,68.2,79.2,11,LOW,12,20,-8,32,NO,NO,NO,NO,NO,NO,,78.7,68.2,74.4,79.2,4-Seam Fastball,28.2,PITCH|CONTACT,Three layer agreement
7,Ian Happ,Chicago Cubs,Atlanta Braves,Chicago Cubs @ Atlanta Braves,JR Ritchie,430,DraftKings,75.8,PLAYABLE,MEDIUM,70.7,MIXED LEAN,3,0,75.2,68.2,79.3,11.1,LOW,12,18.9,-6.9,35.3,NO,NO,NO,NO,NO,NO,,79.3,68.2,78,75.1,Curveball,25.7,SPLITS,Three layer agreement
8,Kazuma Okamoto,Toronto Blue Jays,Tampa Bay Rays,Tampa Bay Rays @ Toronto Blue Jays,Griffin Jax,398,DraftKings,76.1,STRONG PLAY,MEDIUM,70.5,MIXED LEAN,3,0,75.1,67.9,79.8,11.9,LOW,12,20.1,-8.1,31.7,NO,NO,NO,NO,NO,NO,,79.8,67.9,73.8,78.7,4-Seam Fastball,30.4,PITCH,Three layer agreement
9,JJ Bleday,Cincinnati Reds,Washington Nationals,Washington Nationals @ Cincinnati Reds,Jake Irvin,390,FanDuel,78.9,STRONG PLAY,MEDIUM,70.3,MIXED LEAN,3,0,76,65.9,82.1,16.2,LOW,12.4,20.4,-8,32,NO,NO,NO,NO,NO,NO,,82.1,65.9,75.3,80.7,4-Seam Fastball,23.4,MASTER|SPLITS|PITCH|CONTACT,Three layer agreement
10,Wilyer Abreu,Boston Red Sox,Philadelphia Phillies,Philadelphia Phillies @ Boston Red Sox,Andrew Painter,490,FanDuel,75.6,VALUE BOMB,MEDIUM,69.9,MIXED LEAN,3,0,75.1,66.6,79.7,13.1,LOW,12,16.9,-4.9,47.3,NO,NO,NO,YES,NO,NO,VALUE_FLAG,79.7,66.6,76,78.2,4-Seam Fastball,39.2,SPLITS|PITCH,Three layer agreement
11,Brent Rooker,Athletics,St. Louis Cardinals,St. Louis Cardinals @ Athletics,Matthew Liberatore,310,BetMGM,74.8,PLAYABLE,MEDIUM,69.3,MIXED LEAN,3,0,73.5,65.9,78.2,12.3,LOW,11.9,24.4,-12.5,18.5,NO,NO,NO,NO,NO,NO,,78.2,65.9,71.9,77.8,4-Seam Fastball,32.4,,Three layer agreement
12,Corey Seager,Texas Rangers,Arizona Diamondbacks,Arizona Diamondbacks @ Texas Rangers,Ryne Nelson,441,DraftKings,75.7,PLAYABLE,MEDIUM,69.2,MIXED LEAN,3,0,75,65.9,81,15.1,LOW,12,18.5,-6.5,36.5,NO,NO,NO,NO,NO,NO,,78.2,65.9,74.7,81,4-Seam Fastball,61,PITCH,Three layer agreement
13,Kyle Stowers,Miami Marlins,Minnesota Twins,Miami Marlins @ Minnesota Twins,Simeon Woods Richardson,400,BetMGM,73.4,PLAYABLE,MEDIUM,68.6,MIXED LEAN,3,0,71.8,67.1,77.9,10.8,LOW,11.7,20,-8.3,31.1,NO,NO,NO,NO,NO,NO,,77.9,67.1,71.8,70.2,Splitter,28.5,,Three layer agreement
14,Juan Soto,New York Mets,Detroit Tigers,Detroit Tigers @ New York Mets,Framber Valdez,470,FanDuel,74.3,VALUE BOMB,MEDIUM,68,MIXED LEAN,3,0,73.3,64.6,79.7,15.1,LOW,11.8,17.5,-5.7,44.9,NO,NO,NO,YES,NO,NO,VALUE_FLAG,77.5,64.6,71.2,79.7,Sinker,39.9,PITCH|CONTACT,Three layer agreement
15,Sal Stewart,Cincinnati Reds,Washington Nationals,Washington Nationals @ Cincinnati Reds,Jake Irvin,369,DraftKings,74.9,PLAYABLE,MEDIUM,67.8,MIXED LEAN,3,0,73.4,64.8,81.2,16.4,LOW,11.9,21.3,-9.4,27.8,NO,NO,NO,NO,NO,NO,,81.2,64.8,70.3,77.1,Sinker,28.4,MASTER,Three layer agreement
16,Elly De La Cruz,Cincinnati Reds,Washington Nationals,Washington Nationals @ Cincinnati Reds,Jake Irvin,310,BetMGM,74.7,PLAYABLE,MEDIUM,67.7,MIXED LEAN,3,0,73.2,64.5,80.8,16.3,LOW,11.9,24.4,-12.5,18.5,NO,NO,NO,NO,NO,NO,,80.8,64.5,70.9,76.5,Sinker,28.4,MASTER,Three layer agreement
17,Kyle Schwarber,Philadelphia Phillies,Boston Red Sox,Philadelphia Phillies @ Boston Red Sox,Sonny Gray,250,BetMGM,74.7,PLAYABLE,MEDIUM,67.7,MIXED LEAN,3,0,73.3,63.5,80,16.5,LOW,11.9,28.6,-16.7,5.9,NO,NO,NO,NO,NO,NO,,76.7,63.5,72.8,80,Cutter,30,PITCH|CONTACT,Three layer agreement
18,CJ Abrams,Washington Nationals,Cincinnati Reds,Washington Nationals @ Cincinnati Reds,Nick Lodolo,543,DraftKings,73.8,VALUE BOMB,MEDIUM,66.9,MIXED LEAN,3,0,72.8,63.7,81.1,17.4,LOW,11.7,15.6,-3.9,50.3,NO,NO,NO,YES,NO,NO,VALUE_FLAG,81.1,63.7,73.4,72.9,Sinker,24.4,MASTER,Three layer agreement
19,Dominic Canzone,Seattle Mariners,Houston Astros,Seattle Mariners @ Houston Astros,Lance McCullers Jr.,529,DraftKings,72.2,VALUE BOMB,LOW,62.2,WATCHLIST,2,0,73.2,68.2,80.8,12.6,LOW,11.5,15.9,-4.4,42.8,NO,NO,NO,YES,NO,NO,VALUE_FLAG,80.8,68.2,74.6,69.3,Sinker,20.3,MASTER,Two layer lean
20,Munetaka Murakami,Chicago White Sox,Kansas City Royals,Kansas City Royals @ Chicago White Sox,Seth Lugo,293,DraftKings,72.2,PLAYABLE,MEDIUM,61.4,WATCHLIST,2,0,72.3,64.9,78.5,13.6,LOW,11.5,25.4,-13.9,8.3,NO,NO,NO,NO,NO,NO,,77,64.9,68.9,78.5,Curveball,14.9,PITCH|CONTACT,Two layer lean
21,Tyler Soderstrom,Athletics,St. Louis Cardinals,St. Louis Cardinals @ Athletics,Matthew Liberatore,475,BetMGM,70.9,VALUE BOMB,LOW,61,WATCHLIST,2,0,71.5,65,77.6,12.6,LOW,11.4,17.4,-6,38,NO,NO,NO,NO,NO,NO,,77.6,65,68.4,75.1,4-Seam Fastball,32.4,,Two layer lean
22,Moisés Ballesteros,Chicago Cubs,Atlanta Braves,Chicago Cubs @ Atlanta Braves,JR Ritchie,610,FanDuel,69.7,WATCH,LOW,61,WATCHLIST,2,0,72,64.3,76.4,12.1,LOW,11.2,14.1,-2.9,47.3,NO,NO,NO,NO,NO,NO,,74.2,64.3,76.4,73.2,Curveball,25.7,SPLITS,Two layer lean
23,Bobby Witt Jr.,Kansas City Royals,Chicago White Sox,Kansas City Royals @ Chicago White Sox,Noah Schultz,475,BetMGM,70.8,VALUE BOMB,LOW,60.1,WATCHLIST,2,0,71.4,62.1,77.1,15,LOW,11.4,17.4,-6,38,NO,NO,NO,NO,NO,NO,,77.1,62.1,69.7,76.8,4-Seam Fastball,25.1,,Two layer lean
24,Joey Wiemer,Washington Nationals,Cincinnati Reds,Washington Nationals @ Cincinnati Reds,Nick Lodolo,610,FanDuel,69.3,WATCH,LOW,60.1,WATCHLIST,2,0,70.8,62.9,75.8,12.9,LOW,11.2,14.1,-2.9,47.3,NO,NO,NO,NO,NO,NO,,75.8,62.9,75,69.6,4-Seam Fastball,23.1,SPLITS,Two layer lean
25,Max Muncy,Los Angeles Dodgers,San Francisco Giants,San Francisco Giants @ Los Angeles Dodgers,Robbie Ray,320,FanDuel,72.5,PLAYABLE,MEDIUM,59.4,WATCHLIST,2,0,73.1,63.3,83.9,20.6,MEDIUM,11.6,23.8,-12.2,13.4,NO,NO,NO,NO,NO,NO,,76.6,63.3,68.4,83.9,4-Seam Fastball,52.4,PITCH|CONTACT,Two layer lean
26,Otto Lopez,Miami Marlins,Minnesota Twins,Miami Marlins @ Minnesota Twins,Simeon Woods Richardson,850,BetMGM,65.3,LOTTO ONLY,SPECULATIVE,59.2,WATCHLIST,2,0,68.6,63,71.9,8.9,MEDIUM,10.6,10.5,0.1,60.3,NO,NO,NO,NO,NO,NO,,68.2,63,71.9,71.1,4-Seam Fastball,37.7,,Two layer lean
27,Spencer Steer,Cincinnati Reds,Washington Nationals,Washington Nationals @ Cincinnati Reds,Jake Irvin,470,FanDuel,69.9,WATCH,LOW,59,WATCHLIST,2,0,70.2,61.7,77.5,15.8,LOW,11.2,17.5,-6.3,37.1,NO,NO,NO,NO,NO,NO,,77.5,61.7,66.4,75.1,Sinker,28.4,,Two layer lean
28,Jordan Walker,St. Louis Cardinals,Athletics,St. Louis Cardinals @ Athletics,J.T. Ginn,650,BetMGM,68.2,LOTTO ONLY,LOW,58.3,WATCHLIST,2,0,69.5,60.1,75.5,15.4,MEDIUM,11,13.3,-2.3,53.1,NO,NO,NO,NO,NO,NO,,75.5,60.1,68.9,73.3,4-Seam Fastball,14.3,CONTACT,Two layer lean
29,Corbin Carroll,Arizona Diamondbacks,Texas Rangers,Arizona Diamondbacks @ Texas Rangers,Kumar Rocker,451,DraftKings,65.3,WATCH,SPECULATIVE,52.4,NO CONSENSUS,1,0,69.6,62.4,74.6,12.2,LOW,10.6,18.1,-7.5,33.5,NO,NO,NO,NO,NO,NO,,74.6,62.4,68.8,72.5,Slider,34.9,,Thin agreement
30,Christopher Morel,Miami Marlins,Minnesota Twins,Miami Marlins @ Minnesota Twins,Simeon Woods Richardson,520,FanDuel,64.2,WATCH,SPECULATIVE,52.4,NO CONSENSUS,1,0,69.1,64.5,75.1,10.6,LOW,10.5,16.1,-5.6,39.2,NO,NO,NO,NO,NO,NO,,75.1,64.5,69.1,67.5,Slider,27.2,,Thin agreement
31,Cal Raleigh,Seattle Mariners,Houston Astros,Seattle Mariners @ Houston Astros,Lance McCullers Jr.,310,FanDuel,65.5,WATCH,SPECULATIVE,52.3,NO CONSENSUS,1,0,69.3,64.9,77.3,12.4,LOW,10.7,24.4,-13.7,8.9,NO,NO,NO,NO,NO,NO,,77.3,64.9,67.6,67.2,Cutter,21.8,,Thin agreement
32,Ketel Marte,Arizona Diamondbacks,Texas Rangers,Arizona Diamondbacks @ Texas Rangers,Kumar Rocker,426,DraftKings,63.7,WATCH,SPECULATIVE,51.9,NO CONSENSUS,1,0,67.6,61.7,71.6,9.9,LOW,10.4,19,-8.6,24.2,NO,NO,NO,NO,NO,NO,,71.6,61.7,65.7,71.5,Slider,34.9,,Thin agreement
33,Jake Burger,Texas Rangers,Arizona Diamondbacks,Arizona Diamondbacks @ Texas Rangers,Ryne Nelson,470,FanDuel,64.4,WATCH,SPECULATIVE,51.8,NO CONSENSUS,1,0,68.5,61.9,73.7,11.8,LOW,10.5,17.5,-7,35,NO,NO,NO,NO,NO,NO,,73.7,61.9,65.9,72.3,4-Seam Fastball,61,,Thin agreement
34,Brady House,Washington Nationals,Cincinnati Reds,Washington Nationals @ Cincinnati Reds,Nick Lodolo,680,FanDuel,63.3,LOTTO ONLY,SPECULATIVE,51.6,NO CONSENSUS,1,0,69.8,61.4,74.2,12.8,MEDIUM,10.4,12.8,-2.4,52.8,NO,NO,NO,NO,NO,NO,,74.2,61.4,74.1,69.3,4-Seam Fastball,23.1,,Thin agreement
35,Brandon Nimmo,Texas Rangers,Arizona Diamondbacks,Arizona Diamondbacks @ Texas Rangers,Ryne Nelson,573,DraftKings,63.7,WATCH,SPECULATIVE,51.4,NO CONSENSUS,1,0,69.3,60.8,73.9,13.1,LOW,10.4,14.9,-4.5,42.5,NO,NO,NO,NO,NO,NO,,72.8,60.8,69.5,73.9,4-Seam Fastball,61,,Thin agreement
36,Will Benson,Cincinnati Reds,Washington Nationals,Washington Nationals @ Cincinnati Reds,Jake Irvin,323,DraftKings,64.5,WATCH,SPECULATIVE,51,NO CONSENSUS,1,0,68.2,60.8,74.7,13.9,LOW,10.5,23.6,-13.1,10.7,NO,NO,NO,NO,NO,NO,,73,60.8,64.1,74.7,Sinker,28.4,,Thin agreement
37,Julio Rodríguez,Seattle Mariners,Houston Astros,Seattle Mariners @ Houston Astros,Lance McCullers Jr.,470,FanDuel,63.7,WATCH,SPECULATIVE,51,NO CONSENSUS,1,0,67.5,63.8,76,12.2,LOW,10.4,17.5,-7.1,34.7,NO,NO,NO,NO,NO,NO,,76,63.8,66.4,63.9,Changeup,13,,Thin agreement
38,Owen Caissie,Miami Marlins,Minnesota Twins,Miami Marlins @ Minnesota Twins,Simeon Woods Richardson,850,BetMGM,60.9,WATCH,SPECULATIVE,51,NO CONSENSUS,1,0,68,62.6,72.5,9.9,MEDIUM,10.1,10.5,-0.4,58.8,NO,NO,NO,NO,NO,NO,,68.5,62.6,72.5,68.3,Splitter,28.5,,Thin agreement
39,Tyler Stephenson,Cincinnati Reds,Washington Nationals,Washington Nationals @ Cincinnati Reds,Jake Irvin,540,FanDuel,62.7,WATCH,SPECULATIVE,50.2,NO CONSENSUS,1,0,67.3,60.1,73.4,13.3,LOW,10.3,15.6,-5.3,40.1,NO,NO,NO,NO,NO,NO,,72.8,60.1,62.7,73.4,4-Seam Fastball,23.4,,Thin agreement
40,Joc Pederson,Texas Rangers,Arizona Diamondbacks,Arizona Diamondbacks @ Texas Rangers,Ryne Nelson,590,FanDuel,61.9,WATCH,SPECULATIVE,50.1,NO CONSENSUS,1,0,67.1,58.9,71.5,12.6,LOW,10.2,14.5,-4.3,43.1,NO,NO,NO,NO,NO,NO,,70.9,58.9,67.1,71.5,4-Seam Fastball,61,,Thin agreement
41,Mickey Gasper,Boston Red Sox,Philadelphia Phillies,Philadelphia Phillies @ Boston Red Sox,Andrew Painter,790,FanDuel,62.7,LOTTO ONLY,SPECULATIVE,46.4,NO CONSENSUS,2,1,69.3,55.2,78.9,23.7,MEDIUM,10.3,11.2,-0.9,57.3,NO,NO,NO,NO,NO,NO,,75.1,68,78.9,55.2,,0,SPLITS|CONTACT,Two layer lean
42,Seiya Suzuki,Chicago Cubs,Atlanta Braves,Chicago Cubs @ Atlanta Braves,JR Ritchie,425,BetMGM,64,WATCH,SPECULATIVE,45.4,NO CONSENSUS,0,0,67.9,62.9,74.6,11.7,LOW,10.5,19,-8.5,24.5,NO,NO,NO,NO,NO,NO,,74.6,62.9,67.3,66.6,4-Seam Fastball,25.7,,Thin agreement
43,Michael Busch,Chicago Cubs,Atlanta Braves,Chicago Cubs @ Atlanta Braves,JR Ritchie,450,DraftKings,63.1,WATCH,SPECULATIVE,45.2,NO CONSENSUS,0,0,66.8,61.8,72.2,10.4,LOW,10.4,18.2,-7.8,32.6,NO,NO,NO,NO,NO,NO,,72.2,61.8,67.6,65.6,4-Seam Fastball,25.7,,Thin agreement
44,Jarren Duran,Boston Red Sox,Philadelphia Phillies,Philadelphia Phillies @ Boston Red Sox,Andrew Painter,690,DraftKings,61.4,WATCH,SPECULATIVE,45,NO CONSENSUS,0,0,67.5,60.5,70.6,10.1,MEDIUM,10.1,12.7,-2.6,52.2,NO,NO,NO,NO,NO,NO,,70.6,60.5,69.7,69.3,4-Seam Fastball,39.2,,Thin agreement
45,Pete Crow-Armstrong,Chicago Cubs,Atlanta Braves,Chicago Cubs @ Atlanta Braves,JR Ritchie,550,DraftKings,62.2,WATCH,SPECULATIVE,44.9,NO CONSENSUS,0,0,67,60.9,71.4,10.5,LOW,10.2,15.4,-5.2,40.4,NO,NO,NO,NO,NO,NO,,71.4,60.9,69.2,66.5,4-Seam Fastball,25.7,,Thin agreement
46,Connor Norby,Miami Marlins,Minnesota Twins,Miami Marlins @ Minnesota Twins,Simeon Woods Richardson,650,BetMGM,62.1,LOTTO ONLY,SPECULATIVE,44.9,NO CONSENSUS,0,0,67.6,62.4,73.4,11,MEDIUM,10.2,13.3,-3.1,50.7,NO,NO,NO,NO,NO,NO,,73.4,62.4,68,66.4,4-Seam Fastball,37.7,,Thin agreement
47,Dansby Swanson,Chicago Cubs,Atlanta Braves,Chicago Cubs @ Atlanta Braves,JR Ritchie,650,BetMGM,61.8,WATCH,SPECULATIVE,44.8,NO CONSENSUS,0,0,67.3,60.8,71.4,10.6,MEDIUM,10.2,13.3,-3.1,50.7,NO,NO,NO,NO,NO,NO,,71.4,60.8,68.3,68.6,4-Seam Fastball,25.7,,Thin agreement
48,Heriberto Hernández,Miami Marlins,Minnesota Twins,Miami Marlins @ Minnesota Twins,Simeon Woods Richardson,598,DraftKings,61.5,WATCH,SPECULATIVE,44.4,NO CONSENSUS,0,0,66.6,61.8,72.4,10.6,LOW,10.2,14.3,-4.1,43.7,NO,NO,NO,NO,NO,NO,,72.4,61.8,66.5,65.5,4-Seam Fastball,37.7,,Thin agreement
49,Josh Naylor,Seattle Mariners,Houston Astros,Seattle Mariners @ Houston Astros,Lance McCullers Jr.,567,DraftKings,61.1,WATCH,SPECULATIVE,43.2,NO CONSENSUS,0,0,65.9,60.7,73.6,12.9,LOW,10.1,15,-4.9,41.3,NO,NO,NO,NO,NO,NO,,73.6,60.7,65.8,63.3,Cutter,21.8,,Thin agreement
50,Vladimir Guerrero Jr.,Toronto Blue Jays,Tampa Bay Rays,Tampa Bay Rays @ Toronto Blue Jays,Griffin Jax,544,DraftKings,59.4,WATCH,SPECULATIVE,43.2,NO CONSENSUS,0,0,63.5,58.8,67.3,8.5,LOW,9.9,15.5,-5.6,39.2,NO,NO,NO,NO,NO,NO,,67.3,58.8,62.8,65.1,4-Seam Fastball,30.4,,Thin agreement
51,Brandon Lowe,Pittsburgh Pirates,Colorado Rockies,Colorado Rockies @ Pittsburgh Pirates,Jose Quintana,543,DraftKings,61.6,WATCH,SPECULATIVE,43,NO CONSENSUS,0,0,66,58.2,72.4,14.2,LOW,10.2,15.6,-5.4,39.8,NO,NO,NO,NO,NO,NO,,72.4,58.2,65.4,68,4-Seam Fastball,28.2,,Thin agreement
52,Zack Gelof,Athletics,St. Louis Cardinals,St. Louis Cardinals @ Athletics,Matthew Liberatore,450,BetMGM,61.6,WATCH,SPECULATIVE,43,NO CONSENSUS,0,0,64.8,59.2,71.9,12.7,LOW,10.2,18.2,-8,32,NO,NO,NO,NO,NO,NO,,71.9,59.2,62.4,65.8,Slider,25.7,,Thin agreement
53,Marcelo Mayer,Boston Red Sox,Philadelphia Phillies,Philadelphia Phillies @ Boston Red Sox,Andrew Painter,820,FanDuel,58.4,WATCH,SPECULATIVE,42.9,NO CONSENSUS,0,0,64.9,58.2,68,9.8,MEDIUM,9.8,10.9,-1.1,56.7,NO,NO,NO,NO,NO,NO,,65.5,58.2,67.7,68,4-Seam Fastball,39.2,,Thin agreement
54,Randy Arozarena,Seattle Mariners,Houston Astros,Seattle Mariners @ Houston Astros,Lance McCullers Jr.,591,DraftKings,59.4,WATCH,SPECULATIVE,42.8,NO CONSENSUS,0,0,64,60,70.1,10.1,LOW,9.9,14.5,-4.6,42.2,NO,NO,NO,NO,NO,NO,,70.1,60,63.5,62.2,Cutter,21.8,,Thin agreement
55,Carson Kelly,Chicago Cubs,Atlanta Braves,Chicago Cubs @ Atlanta Braves,JR Ritchie,680,DraftKings,58.8,WATCH,SPECULATIVE,42.6,NO CONSENSUS,0,0,64.2,59.2,69.6,10.4,MEDIUM,9.8,12.8,-3,51,NO,NO,NO,NO,NO,NO,,69.6,59.2,67.1,60.8,4-Seam Fastball,25.7,,Thin agreement
56,Alex Bregman,Chicago Cubs,Atlanta Braves,Chicago Cubs @ Atlanta Braves,JR Ritchie,576,DraftKings,59.2,WATCH,SPECULATIVE,42.4,NO CONSENSUS,0,0,63.6,59,69.7,10.7,LOW,9.9,14.8,-4.9,41.3,NO,NO,NO,NO,NO,NO,,69.7,59,64.3,61.3,4-Seam Fastball,25.7,,Thin agreement
57,Bryce Harper,Philadelphia Phillies,Boston Red Sox,Philadelphia Phillies @ Boston Red Sox,Sonny Gray,490,FanDuel,62.6,WATCH,SPECULATIVE,42.2,NO CONSENSUS,1,1,66.4,57.5,72.4,14.9,LOW,10.3,16.9,-6.6,36.2,NO,NO,NO,NO,NO,NO,,72.4,57.5,65.2,70.4,4-Seam Fastball,11.4,,Thin agreement
58,Carlos Narváez,Boston Red Sox,Philadelphia Phillies,Philadelphia Phillies @ Boston Red Sox,Andrew Painter,850,Caesars,57.8,PASS,SPECULATIVE,42.1,NO CONSENSUS,0,0,64,58.8,69.6,10.8,MEDIUM,9.7,10.5,-0.8,57.6,NO,NO,NO,NO,NO,NO,,69.6,58.8,66,61.6,Sinker,13.4,,Thin agreement
59,George Springer,Toronto Blue Jays,Tampa Bay Rays,Tampa Bay Rays @ Toronto Blue Jays,Griffin Jax,503,DraftKings,58.4,WATCH,SPECULATIVE,42,NO CONSENSUS,0,0,61.9,58.3,67.4,9.1,LOW,9.8,16.6,-6.8,35.6,NO,NO,NO,NO,NO,NO,,67.4,58.3,59.6,62.2,4-Seam Fastball,30.4,,Thin agreement
60,Mark Vientos,New York Mets,Detroit Tigers,Detroit Tigers @ New York Mets,Framber Valdez,570,FanDuel,61.5,WATCH,SPECULATIVE,41.5,NO CONSENSUS,1,1,66.5,57.5,73.6,16.1,LOW,10.2,14.9,-4.7,41.9,NO,NO,NO,NO,NO,NO,,69.7,57.5,65.1,73.6,Sinker,39.9,,Thin agreement
61,Colson Montgomery,Chicago White Sox,Kansas City Royals,Kansas City Royals @ Chicago White Sox,Seth Lugo,350,BetMGM,62.9,WATCH,SPECULATIVE,41.3,NO CONSENSUS,1,1,66.1,57.2,74.8,17.6,LOW,10.3,22.2,-11.9,14.3,NO,NO,NO,NO,NO,NO,,71.4,57.2,61,74.8,Cutter,15.9,,Thin agreement
62,Riley Greene,Detroit Tigers,New York Mets,Detroit Tigers @ New York Mets,Christian Scott,423,DraftKings,62.4,WATCH,SPECULATIVE,40.9,NO CONSENSUS,1,1,65.9,56.5,74.6,18.1,MEDIUM,10.3,19.1,-8.8,23.6,NO,NO,NO,NO,NO,NO,,70.3,56.5,62.2,74.6,Sweeper,15.6,,Thin agreement
63,Spencer Torkelson,Detroit Tigers,New York Mets,Detroit Tigers @ New York Mets,Christian Scott,500,BetMGM,61.5,WATCH,SPECULATIVE,40.8,NO CONSENSUS,1,1,65.2,57.1,73.7,16.6,LOW,10.2,16.7,-6.5,36.5,NO,NO,NO,NO,NO,NO,,69.3,57.1,60.6,73.7,Sweeper,15.6,,Thin agreement
64,Miguel Vargas,Chicago White Sox,Kansas City Royals,Kansas City Royals @ Chicago White Sox,Seth Lugo,550,BetMGM,60.4,WATCH,SPECULATIVE,40.5,NO CONSENSUS,1,1,64.5,55.8,71.3,15.5,LOW,10,15.4,-5.4,39.8,NO,NO,NO,NO,NO,NO,,71.3,55.8,60.6,70.4,Sweeper,12.6,,Thin agreement
65,Will Smith,Los Angeles Dodgers,San Francisco Giants,San Francisco Giants @ Los Angeles Dodgers,Robbie Ray,420,FanDuel,61.6,WATCH,SPECULATIVE,40.2,NO CONSENSUS,1,1,64.9,55.9,74,18.1,MEDIUM,10.2,19.2,-9,23,NO,NO,NO,NO,NO,NO,,69.4,55.9,60.4,74,4-Seam Fastball,52.4,,Thin agreement
66,Jeff McNeil,Athletics,St. Louis Cardinals,St. Louis Cardinals @ Athletics,Matthew Liberatore,1200,FanDuel,50.6,PASS,SPECULATIVE,39.9,NO CONSENSUS,0,0,64,58,67.7,9.7,HIGH,8.7,7.7,1,63,NO,NO,NO,NO,NO,NO,,64.6,58,67.7,65.6,4-Seam Fastball,32.4,,Thin agreement
67,Freddie Freeman,Los Angeles Dodgers,San Francisco Giants,San Francisco Giants @ Los Angeles Dodgers,Robbie Ray,520,FanDuel,60.6,WATCH,SPECULATIVE,39,NO CONSENSUS,1,1,64.7,55.3,75.4,20.1,MEDIUM,10,16.1,-6.1,37.7,NO,NO,NO,NO,NO,NO,,68.6,55.3,59.4,75.4,4-Seam Fastball,52.4,,Thin agreement
68,Caleb Durbin,Boston Red Sox,Philadelphia Phillies,Philadelphia Phillies @ Boston Red Sox,Andrew Painter,1220,DraftKings,50.8,PASS,SPECULATIVE,39,NO CONSENSUS,1,1,64.5,60.9,71.2,10.3,HIGH,8.8,7.6,1.2,63.6,NO,NO,NO,NO,NO,NO,,61.6,60.9,71.2,64.3,Slider,17,,Thin agreement
69,Andy Pages,Los Angeles Dodgers,San Francisco Giants,San Francisco Giants @ Los Angeles Dodgers,Robbie Ray,490,FanDuel,56.9,PASS,SPECULATIVE,37.3,NO CONSENSUS,1,1,64.3,54.5,75.6,21.1,MEDIUM,9.6,16.9,-7.3,34.1,NO,NO,NO,NO,NO,NO,,68.1,54.5,59.1,75.6,4-Seam Fastball,52.4,,Thin agreement
70,Byron Buxton,Minnesota Twins,Miami Marlins,Miami Marlins @ Minnesota Twins,Max Meyer,330,DraftKings,58.5,WATCH,SPECULATIVE,37.2,NO CONSENSUS,1,1,65.7,53.9,78.2,24.3,MEDIUM,9.8,23.3,-13.5,9.5,NO,NO,NO,NO,NO,NO,,70.4,53.9,60.1,78.2,Sweeper,29.9,PITCH|CONTACT,Thin agreement
71,Nolan Gorman,St. Louis Cardinals,Athletics,St. Louis Cardinals @ Athletics,J.T. Ginn,650,BetMGM,54.7,PASS,SPECULATIVE,37,NO CONSENSUS,1,1,63.4,53.2,71.6,18.4,MEDIUM,9.3,13.3,-4,48,NO,NO,NO,NO,NO,NO,,67.9,53.2,60.7,71.6,Sinker,31.7,,Thin agreement
72,Jackson Chourio,Milwaukee Brewers,San Diego Padres,San Diego Padres @ Milwaukee Brewers,Michael King,725,BetMGM,54.1,PASS,SPECULATIVE,37,NO CONSENSUS,1,1,63.3,53,70.9,17.9,MEDIUM,9.2,12.1,-2.9,51.3,NO,NO,NO,NO,NO,NO,,69.4,53,59.8,70.9,Sinker,20.8,,Thin agreement
73,Andrew Benintendi,Chicago White Sox,Kansas City Royals,Kansas City Royals @ Chicago White Sox,Seth Lugo,650,BetMGM,53.5,PASS,SPECULATIVE,36.6,NO CONSENSUS,1,1,61.9,53.5,70.2,16.7,MEDIUM,9.1,13.3,-4.2,47.4,NO,NO,NO,NO,NO,NO,,65.9,53.5,58,70.2,4-Seam Fastball,15.6,,Thin agreement
74,Josh Jung,Texas Rangers,Arizona Diamondbacks,Arizona Diamondbacks @ Texas Rangers,Ryne Nelson,550,DraftKings,60.7,WATCH,SPECULATIVE,35.9,NO CONSENSUS,0,1,65,57.7,70,12.3,LOW,10,15.4,-5.4,39.8,NO,NO,NO,NO,NO,NO,,70,57.7,62.8,69.5,4-Seam Fastball,61,,Thin agreement
75,Hunter Goodman,Colorado Rockies,Pittsburgh Pirates,Colorado Rockies @ Pittsburgh Pirates,Mitch Keller,407,DraftKings,57.1,PASS,SPECULATIVE,35.8,NO CONSENSUS,1,1,64.4,53.1,78.8,25.7,MEDIUM,9.6,19.7,-10.1,19.7,NO,NO,NO,NO,NO,NO,VOLATILE,67.2,53.1,58.5,78.8,4-Seam Fastball,39.7,PITCH,Thin agreement
76,Michael Harris II,Atlanta Braves,Chicago Cubs,Chicago Cubs @ Atlanta Braves,Shota Imanaga,590,DraftKings,56.4,PASS,SPECULATIVE,35.5,NO CONSENSUS,1,1,65.2,52.6,79.1,26.5,MEDIUM,9.5,14.5,-5,41,NO,NO,NO,NO,NO,NO,VOLATILE,68.9,52.6,60.2,79.1,4-Seam Fastball,34.6,PITCH|CONTACT|VALUE,Thin agreement
77,Salvador Perez,Kansas City Royals,Chicago White Sox,Kansas City Royals @ Chicago White Sox,Noah Schultz,430,FanDuel,60.3,WATCH,SPECULATIVE,35.3,NO CONSENSUS,0,1,63.3,57.2,69,11.8,LOW,10,18.9,-8.9,23.3,NO,NO,NO,NO,NO,NO,,69,57.2,59.5,67.6,4-Seam Fastball,25.1,,Thin agreement
78,Colby Thomas,Athletics,St. Louis Cardinals,St. Louis Cardinals @ Athletics,Matthew Liberatore,430,FanDuel,60,WATCH,SPECULATIVE,34.4,NO CONSENSUS,0,1,62.8,57.3,70.8,13.5,LOW,10,18.9,-8.9,23.3,NO,NO,NO,NO,NO,NO,,70.8,57.3,59.4,63.7,Slider,25.7,,Thin agreement
79,Dillon Dingler,Detroit Tigers,New York Mets,Detroit Tigers @ New York Mets,Christian Scott,525,BetMGM,59.7,WATCH,SPECULATIVE,34.4,NO CONSENSUS,0,1,63.6,55.9,70,14.1,LOW,9.9,16,-6.1,37.7,NO,NO,NO,NO,NO,NO,,70,55.9,59.6,68.8,Sweeper,15.6,,Thin agreement
80,Daulton Varsho,Toronto Blue Jays,Tampa Bay Rays,Tampa Bay Rays @ Toronto Blue Jays,Griffin Jax,520,FanDuel,58.2,WATCH,SPECULATIVE,34.4,NO CONSENSUS,0,1,61.8,55.7,66.1,10.4,LOW,9.7,16.1,-6.4,36.8,NO,NO,NO,NO,NO,NO,,66.1,55.7,59.6,65.6,4-Seam Fastball,30.4,,Thin agreement
81,Adrian Del Castillo,Arizona Diamondbacks,Texas Rangers,Arizona Diamondbacks @ Texas Rangers,Kumar Rocker,780,DraftKings,56.5,PASS,SPECULATIVE,34.3,NO CONSENSUS,0,1,62.3,55.5,65.2,9.7,MEDIUM,9.5,11.4,-1.9,54.3,NO,NO,NO,NO,NO,NO,,65.2,55.5,63.6,64.8,Sinker,32.6,,Thin agreement
82,Evan Carter,Texas Rangers,Arizona Diamondbacks,Arizona Diamondbacks @ Texas Rangers,Ryne Nelson,770,DraftKings,57.9,PASS,SPECULATIVE,34.1,NO CONSENSUS,0,1,64,55.2,68.9,13.7,MEDIUM,9.7,11.5,-1.8,54.6,NO,NO,NO,NO,NO,NO,,67,55.2,64.7,68.9,4-Seam Fastball,61,,Thin agreement
83,Daylen Lile,Washington Nationals,Cincinnati Reds,Washington Nationals @ Cincinnati Reds,Nick Lodolo,820,FanDuel,56.8,PASS,SPECULATIVE,34,NO CONSENSUS,0,1,62.7,56.5,67.7,11.2,MEDIUM,9.5,10.9,-1.4,55.8,NO,NO,NO,NO,NO,NO,,67.7,56.5,65.2,61.3,4-Seam Fastball,23.1,,Thin agreement
84,Jesús Sánchez,Toronto Blue Jays,Tampa Bay Rays,Tampa Bay Rays @ Toronto Blue Jays,Griffin Jax,690,DraftKings,56.6,PASS,SPECULATIVE,33.9,NO CONSENSUS,0,1,61.5,56.1,66.2,10.1,MEDIUM,9.5,12.7,-3.2,50.4,NO,NO,NO,NO,NO,NO,,66.2,56.1,63,60.8,4-Seam Fastball,30.4,,Thin agreement
85,Brendan Donovan,Seattle Mariners,Houston Astros,Seattle Mariners @ Houston Astros,Lance McCullers Jr.,589,DraftKings,57.6,PASS,SPECULATIVE,33.2,NO CONSENSUS,0,1,61.6,56,69.1,13.1,LOW,9.6,14.5,-4.9,41.3,NO,NO,NO,NO,NO,NO,,69.1,56,59.9,61.4,Sinker,20.3,,Thin agreement
86,Carter Jensen,Kansas City Royals,Chicago White Sox,Kansas City Royals @ Chicago White Sox,Noah Schultz,800,BetMGM,56.2,PASS,SPECULATIVE,33.1,NO CONSENSUS,0,1,61.7,55,67.1,12.1,MEDIUM,9.5,11.1,-1.6,55.2,NO,NO,NO,NO,NO,NO,,67.1,55,59.6,65.2,Sinker,23.1,,Thin agreement
87,Alec Burleson,St. Louis Cardinals,Athletics,St. Louis Cardinals @ Athletics,J.T. Ginn,575,Caesars,55.1,PASS,SPECULATIVE,32.6,NO CONSENSUS,0,1,63.5,54.8,69.3,14.5,LOW,9.3,14.8,-5.5,39.5,NO,NO,NO,NO,NO,NO,,68.4,54.8,61.4,69.3,4-Seam Fastball,14.3,,Thin agreement
88,Xavier Edwards,Miami Marlins,Minnesota Twins,Miami Marlins @ Minnesota Twins,Simeon Woods Richardson,950,Caesars,50.4,PASS,SPECULATIVE,32.4,NO CONSENSUS,0,1,62.8,57.7,67.3,9.6,HIGH,8.7,9.5,-0.8,57.6,NO,NO,NO,NO,NO,NO,,62.3,57.7,67.3,63.7,4-Seam Fastball,37.7,,Thin agreement
89,Liam Hicks,Miami Marlins,Minnesota Twins,Miami Marlins @ Minnesota Twins,Simeon Woods Richardson,900,BetMGM,50.5,PASS,SPECULATIVE,32,NO CONSENSUS,0,1,63,58.6,69.7,11.1,HIGH,8.7,10,-1.3,56.1,NO,NO,NO,NO,NO,NO,,59.3,58.6,69.7,64.5,4-Seam Fastball,37.7,,Thin agreement
90,Ceddanne Rafaela,Boston Red Sox,Philadelphia Phillies,Philadelphia Phillies @ Boston Red Sox,Andrew Painter,980,FanDuel,50.2,PASS,SPECULATIVE,32,NO CONSENSUS,0,1,61.9,55.6,65,9.4,HIGH,8.7,9.3,-0.6,58.2,NO,NO,NO,NO,NO,NO,,65,55.6,64.6,62.2,4-Seam Fastball,39.2,,Thin agreement
91,Marcell Ozuna,Pittsburgh Pirates,Colorado Rockies,Colorado Rockies @ Pittsburgh Pirates,Jose Quintana,650,DraftKings,52.3,PASS,SPECULATIVE,31.8,NO CONSENSUS,0,1,60.6,53.6,64.2,10.6,MEDIUM,9,13.3,-4.3,47.1,NO,NO,NO,NO,NO,NO,,63.5,53.6,60.9,64.2,4-Seam Fastball,28.2,,Thin agreement
92,Keibert Ruiz,Washington Nationals,Cincinnati Reds,Washington Nationals @ Cincinnati Reds,Nick Lodolo,880,FanDuel,52.3,PASS,SPECULATIVE,31.5,NO CONSENSUS,0,1,62.8,54.6,68.7,14.1,MEDIUM,9,10.2,-1.2,56.4,NO,NO,NO,NO,NO,NO,,68.7,54.6,65.6,62.1,Sinker,24.4,,Thin agreement
93,Masataka Yoshida,Boston Red Sox,Philadelphia Phillies,Philadelphia Phillies @ Boston Red Sox,Andrew Painter,1040,DraftKings,49.3,PASS,SPECULATIVE,31.4,NO CONSENSUS,0,1,62.3,57.4,68.1,10.7,HIGH,8.6,8.8,-0.2,59.4,NO,NO,NO,NO,NO,NO,,62.3,57.4,68.1,61.2,Slider,17,,Thin agreement
94,Isaac Collins,Kansas City Royals,Chicago White Sox,Kansas City Royals @ Chicago White Sox,Noah Schultz,850,BetMGM,50.5,PASS,SPECULATIVE,30.9,NO CONSENSUS,0,1,60.5,53.1,64.6,11.5,MEDIUM,8.7,10.5,-1.8,54.6,NO,NO,NO,NO,NO,NO,,64.6,53.1,59.8,64.5,Sweeper,26.3,,Thin agreement
95,Matt Olson,Atlanta Braves,Chicago Cubs,Chicago Cubs @ Atlanta Braves,Shota Imanaga,400,DraftKings,58.2,WATCH,SPECULATIVE,30.8,NO CONSENSUS,1,2,65.2,54.7,76.7,22,MEDIUM,9.7,20,-10.3,11.1,NO,NO,NO,NO,NO,NO,,71.6,54.7,57.9,76.7,4-Seam Fastball,34.6,CONTACT,Thin agreement
96,Maikel Garcia,Kansas City Royals,Chicago White Sox,Kansas City Royals @ Chicago White Sox,Noah Schultz,725,BetMGM,51.3,PASS,SPECULATIVE,30.6,NO CONSENSUS,0,1,60.1,52.2,64.7,12.5,MEDIUM,8.8,12.1,-3.3,50.1,NO,NO,NO,NO,NO,NO,,64.7,52.2,59.3,64.2,Sweeper,26.3,,Thin agreement
97,Teoscar Hernández,Los Angeles Dodgers,San Francisco Giants,San Francisco Giants @ Los Angeles Dodgers,Robbie Ray,440,DraftKings,55.4,PASS,SPECULATIVE,30.5,NO CONSENSUS,1,2,62.2,54.1,70.6,16.5,LOW,9.4,18.5,-9.1,14.7,NO,NO,NO,NO,NO,NO,,66.6,54.1,57.5,70.6,4-Seam Fastball,52.4,,Thin agreement
98,Mickey Moniak,Colorado Rockies,Pittsburgh Pirates,Colorado Rockies @ Pittsburgh Pirates,Mitch Keller,404,DraftKings,55,PASS,SPECULATIVE,27.3,NO CONSENSUS,1,2,61.8,49.1,73.7,24.6,MEDIUM,9.3,19.8,-10.5,10.5,NO,NO,NO,NO,NO,NO,,67.1,49.1,57.1,73.7,4-Seam Fastball,39.7,,Thin agreement
99,Drake Baldwin,Atlanta Braves,Chicago Cubs,Chicago Cubs @ Atlanta Braves,Shota Imanaga,525,DraftKings,53.4,PASS,SPECULATIVE,27.3,NO CONSENSUS,1,2,60.7,50,71.9,21.9,MEDIUM,9.1,16,-6.9,27.3,NO,NO,NO,NO,NO,NO,,66.9,50,54,71.9,4-Seam Fastball,34.6,,Thin agreement
100,Fernando Tatis Jr.,San Diego Padres,Milwaukee Brewers,San Diego Padres @ Milwaukee Brewers,Jacob Misiorowski,502,DraftKings,53.4,PASS,SPECULATIVE,26.9,NO CONSENSUS,1,2,60.6,50.8,73.7,22.9,MEDIUM,9.1,16.6,-7.5,25.5,NO,NO,NO,NO,NO,NO,,64.5,50.8,53.5,73.7,4-Seam Fastball,61.3,,Thin agreement
101,Ryan Jeffers,Minnesota Twins,Miami Marlins,Miami Marlins @ Minnesota Twins,Max Meyer,600,BetMGM,53.2,PASS,SPECULATIVE,26.6,NO CONSENSUS,1,2,61.2,49.2,73.6,24.4,MEDIUM,9.1,14.3,-5.2,32.4,NO,NO,NO,NO,NO,NO,,66.1,49.2,55.9,73.6,4-Seam Fastball,25.2,,Thin agreement
102,Kody Clemens,Minnesota Twins,Miami Marlins,Miami Marlins @ Minnesota Twins,Max Meyer,625,BetMGM,51.9,PASS,SPECULATIVE,25.4,NO CONSENSUS,1,2,59.9,47.6,72.5,24.9,MEDIUM,8.9,13.8,-4.9,33.3,NO,NO,NO,NO,NO,NO,,63.5,47.6,55.9,72.5,4-Seam Fastball,25.2,,Thin agreement
103,Casey Schmitt,San Francisco Giants,Los Angeles Dodgers,San Francisco Giants @ Los Angeles Dodgers,Shohei Ohtani,550,BetMGM,52.8,PASS,SPECULATIVE,25.1,NO CONSENSUS,1,2,60.1,47.6,74.5,26.9,MEDIUM,9,15.4,-6.4,28.8,NO,NO,NO,NO,NO,NO,VOLATILE,66,47.6,52.2,74.5,4-Seam Fastball,47,,Thin agreement
104,Austin Riley,Atlanta Braves,Chicago Cubs,Chicago Cubs @ Atlanta Braves,Shota Imanaga,441,DraftKings,53.4,PASS,SPECULATIVE,24.9,NO CONSENSUS,1,2,59.8,48,75.8,27.8,MEDIUM,9.1,18.5,-9.4,13.8,NO,NO,NO,NO,NO,NO,VOLATILE,63.4,48,52,75.8,4-Seam Fastball,34.6,,Thin agreement
105,Ramón Laureano,San Diego Padres,Milwaukee Brewers,San Diego Padres @ Milwaukee Brewers,Jacob Misiorowski,575,BetMGM,51.8,PASS,SPECULATIVE,24.8,NO CONSENSUS,1,2,59.3,48.4,74.2,25.8,MEDIUM,8.9,14.8,-5.9,30.3,NO,NO,NO,NO,NO,NO,VOLATILE,63.9,48.4,50.8,74.2,4-Seam Fastball,61.3,,Thin agreement
106,Jakob Marsee,Miami Marlins,Minnesota Twins,Miami Marlins @ Minnesota Twins,Simeon Woods Richardson,900,BetMGM,49.8,PASS,SPECULATIVE,24.8,NO CONSENSUS,0,2,61.9,56.8,66.5,9.7,HIGH,8.6,10,-1.4,47.8,NO,NO,NO,NO,NO,NO,,61.3,56.8,66.5,63,Splitter,28.5,,Thin agreement
107,Trevor Story,Boston Red Sox,Philadelphia Phillies,Philadelphia Phillies @ Boston Red Sox,Andrew Painter,760,FanDuel,51.2,PASS,SPECULATIVE,24.7,NO CONSENSUS,0,2,60.5,56.9,66.6,9.7,MEDIUM,8.8,11.6,-2.8,43.6,NO,NO,NO,NO,NO,NO,,66.6,56.9,60.9,57.5,Sinker,13.4,,Thin agreement
108,Gabriel Moreno,Arizona Diamondbacks,Texas Rangers,Arizona Diamondbacks @ Texas Rangers,Kumar Rocker,1000,BetMGM,49.8,PASS,SPECULATIVE,24.7,NO CONSENSUS,0,2,62.3,57.1,67.6,10.5,HIGH,8.6,9.1,-0.5,50.5,NO,NO,NO,NO,NO,NO,,58.7,57.1,65.8,67.6,Sinker,32.6,,Thin agreement
109,Dalton Rushing,Los Angeles Dodgers,San Francisco Giants,San Francisco Giants @ Los Angeles Dodgers,Robbie Ray,520,FanDuel,54.3,PASS,SPECULATIVE,24.6,NO CONSENSUS,0,2,61.7,54.1,68.7,14.6,LOW,9.2,16.1,-6.9,27.3,NO,NO,NO,NO,NO,NO,,68,54.1,56.1,68.7,4-Seam Fastball,52.4,,Thin agreement
110,Cole Young,Seattle Mariners,Houston Astros,Seattle Mariners @ Houston Astros,Lance McCullers Jr.,1000,BetMGM,49.5,PASS,SPECULATIVE,24.6,NO CONSENSUS,0,2,61.8,57.2,67.1,9.9,HIGH,8.6,9.1,-0.5,50.5,NO,NO,NO,NO,NO,NO,,61.8,57.2,67.1,61.2,Cutter,21.8,,Thin agreement
111,Adolis García,Philadelphia Phillies,Boston Red Sox,Philadelphia Phillies @ Boston Red Sox,Sonny Gray,561,DraftKings,52.3,PASS,SPECULATIVE,24.4,NO CONSENSUS,0,2,60,53.7,64.8,11.1,LOW,9,15.1,-6.1,29.7,NO,NO,NO,NO,NO,NO,,64.5,53.7,56.9,64.8,4-Seam Fastball,11.4,,Thin agreement
112,Jackson Merrill,San Diego Padres,Milwaukee Brewers,San Diego Padres @ Milwaukee Brewers,Jacob Misiorowski,568,DraftKings,50.9,PASS,SPECULATIVE,24.2,NO CONSENSUS,1,2,58.1,46.6,71.9,25.3,MEDIUM,8.8,15,-6.2,29.4,NO,NO,NO,NO,NO,NO,VOLATILE,63.5,46.6,50.5,71.9,4-Seam Fastball,61.3,,Thin agreement
113,Danny Jansen,Texas Rangers,Arizona Diamondbacks,Arizona Diamondbacks @ Texas Rangers,Ryne Nelson,620,DraftKings,52,PASS,SPECULATIVE,24.1,NO CONSENSUS,0,2,59.8,54.5,65.9,11.4,LOW,8.9,13.9,-5,33,NO,NO,NO,NO,NO,NO,,65.9,54.5,57.7,61.2,Slider,13.4,,Thin agreement
114,Bryan Reynolds,Pittsburgh Pirates,Colorado Rockies,Colorado Rockies @ Pittsburgh Pirates,Jose Quintana,800,BetMGM,49.9,PASS,SPECULATIVE,24,NO CONSENSUS,0,2,59.8,52.9,62.7,9.8,MEDIUM,8.7,11.1,-2.4,44.8,NO,NO,NO,NO,NO,NO,,61.8,52.9,61.9,62.7,4-Seam Fastball,28.2,,Thin agreement
115,Gavin Sheets,San Diego Padres,Milwaukee Brewers,San Diego Padres @ Milwaukee Brewers,Jacob Misiorowski,590,FanDuel,50.1,PASS,SPECULATIVE,23.9,NO CONSENSUS,1,2,57.3,46.1,70.7,24.6,MEDIUM,8.7,14.5,-5.8,30.6,NO,NO,NO,NO,NO,NO,,63,46.1,49.5,70.7,4-Seam Fastball,61.3,,Thin agreement
116,Vinnie Pasquantino,Kansas City Royals,Chicago White Sox,Kansas City Royals @ Chicago White Sox,Noah Schultz,680,FanDuel,51.6,PASS,SPECULATIVE,23.8,NO CONSENSUS,0,2,60.2,54.2,66.5,12.3,MEDIUM,8.9,12.8,-3.9,40.3,NO,NO,NO,NO,NO,NO,,66.5,54.2,57.1,62.8,4-Seam Fastball,25.1,,Thin agreement
117,Joe Mack,Miami Marlins,Minnesota Twins,Miami Marlins @ Minnesota Twins,Simeon Woods Richardson,900,BetMGM,48.2,PASS,SPECULATIVE,23.8,NO CONSENSUS,0,2,60.1,56.4,65.1,8.7,HIGH,8.4,10,-1.6,47.2,NO,NO,NO,NO,NO,NO,,58.7,56.4,65.1,60,4-Seam Fastball,37.7,,Thin agreement
118,Heliot Ramos,San Francisco Giants,Los Angeles Dodgers,San Francisco Giants @ Los Angeles Dodgers,Shohei Ohtani,575,DraftKings,51.4,PASS,SPECULATIVE,23.6,NO CONSENSUS,1,2,58.9,46.8,75.2,28.4,HIGH,8.8,14.8,-6,30,NO,NO,NO,NO,NO,NO,VOLATILE,62.3,46.8,51.1,75.2,4-Seam Fastball,47,VALUE,Thin agreement
119,J.P. Crawford,Seattle Mariners,Houston Astros,Seattle Mariners @ Houston Astros,Lance McCullers Jr.,1060,DraftKings,47.5,PASS,SPECULATIVE,23.3,NO CONSENSUS,0,2,60.2,56.2,66,9.8,HIGH,8.3,8.6,-0.3,51.1,NO,NO,NO,NO,NO,NO,,58.6,56.2,66,59.9,Cutter,21.8,,Thin agreement
120,Henry Davis,Pittsburgh Pirates,Colorado Rockies,Colorado Rockies @ Pittsburgh Pirates,Jose Quintana,760,FanDuel,49,PASS,SPECULATIVE,23,NO CONSENSUS,0,2,57.9,51.7,61.1,9.4,MEDIUM,8.5,11.6,-3.1,42.7,NO,NO,NO,NO,NO,NO,,61.1,51.7,58.5,60.1,Sinker,16.7,,Thin agreement
121,Nolan Arenado,Arizona Diamondbacks,Texas Rangers,Arizona Diamondbacks @ Texas Rangers,Kumar Rocker,840,DraftKings,48.8,PASS,SPECULATIVE,22.3,NO CONSENSUS,0,2,58.4,52,63.8,11.8,MEDIUM,8.5,10.6,-2.1,45.7,NO,NO,NO,NO,NO,NO,,63.8,52,56.7,60.9,Sinker,32.6,,Thin agreement
122,Ryan O'Hearn,Pittsburgh Pirates,Colorado Rockies,Colorado Rockies @ Pittsburgh Pirates,Jose Quintana,770,DraftKings,48.7,PASS,SPECULATIVE,22.1,NO CONSENSUS,0,2,57.4,51.9,63,11.1,MEDIUM,8.5,11.5,-3,43,NO,NO,NO,NO,NO,NO,,63,51.9,56.8,58,Sinker,16.7,,Thin agreement
123,Mookie Betts,Los Angeles Dodgers,San Francisco Giants,San Francisco Giants @ Los Angeles Dodgers,Robbie Ray,390,BetMGM,50.9,PASS,SPECULATIVE,21.8,NO CONSENSUS,0,2,56.3,51.1,64.1,13,LOW,8.8,20.4,-11.6,7.2,NO,NO,NO,NO,NO,NO,,64.1,51.3,51.1,58.7,Slider,23.6,,Thin agreement
124,Kyle Tucker,Los Angeles Dodgers,San Francisco Giants,San Francisco Giants @ Los Angeles Dodgers,Robbie Ray,533,DraftKings,51.5,PASS,SPECULATIVE,21.6,NO CONSENSUS,0,2,58.4,50.7,67.2,16.5,LOW,8.9,15.8,-6.9,27.3,NO,NO,NO,NO,NO,NO,,63.6,50.7,52.2,67.2,4-Seam Fastball,52.4,,Thin agreement
125,Connor Wong,Boston Red Sox,Philadelphia Phillies,Philadelphia Phillies @ Boston Red Sox,Andrew Painter,920,FanDuel,43.6,PASS,SPECULATIVE,21.5,NO CONSENSUS,0,2,59,54.3,63.8,9.5,HIGH,7.8,9.8,-2,46,NO,NO,NO,NO,NO,NO,,63.8,54.3,60.4,57.3,Sinker,13.4,,Thin agreement
126,Luis Torrens,New York Mets,Detroit Tigers,Detroit Tigers @ New York Mets,Framber Valdez,930,DraftKings,42.2,PASS,SPECULATIVE,21.2,NO CONSENSUS,0,2,57.5,52.7,59.9,7.2,HIGH,7.7,9.7,-2,46,NO,NO,NO,NO,NO,NO,,58.6,52.7,59.9,58.6,Curveball,31.9,,Thin agreement
127,Ezequiel Duran,Texas Rangers,Arizona Diamondbacks,Arizona Diamondbacks @ Texas Rangers,Ryne Nelson,930,DraftKings,44.3,PASS,SPECULATIVE,21.1,NO CONSENSUS,0,2,60.2,53.5,66.4,12.9,HIGH,7.9,9.7,-1.8,46.6,NO,NO,NO,NO,NO,NO,,58.6,53.5,62.4,66.4,4-Seam Fastball,61,,Thin agreement
128,Brice Turang,Milwaukee Brewers,San Diego Padres,San Diego Padres @ Milwaukee Brewers,Michael King,680,FanDuel,51,PASS,SPECULATIVE,21,NO CONSENSUS,0,2,59.5,49.8,68.6,18.8,MEDIUM,8.8,12.8,-4,40,NO,NO,NO,NO,NO,NO,,63.2,49.8,56.2,68.6,4-Seam Fastball,22.9,,Thin agreement
129,Matt McLain,Cincinnati Reds,Washington Nationals,Washington Nationals @ Cincinnati Reds,Jake Irvin,760,FanDuel,48.2,PASS,SPECULATIVE,21,NO CONSENSUS,0,2,56.6,50.2,63.1,12.9,MEDIUM,8.4,11.6,-3.2,42.4,NO,NO,NO,NO,NO,NO,,63.1,50.2,52.2,61,Sinker,28.4,,Thin agreement
130,Ivan Herrera,St. Louis Cardinals,Athletics,St. Louis Cardinals @ Athletics,J.T. Ginn,670,DraftKings,52.1,PASS,SPECULATIVE,20.9,NO CONSENSUS,0,2,60.4,49.8,71.3,21.5,MEDIUM,8.9,13,-4.1,39.7,NO,NO,NO,NO,NO,NO,,71.3,49.8,54.5,66,Sinker,31.7,,Thin agreement
131,Jake Bauers,Milwaukee Brewers,San Diego Padres,San Diego Padres @ Milwaukee Brewers,Michael King,800,BetMGM,50.3,PASS,SPECULATIVE,20.8,NO CONSENSUS,0,2,60.1,49.8,69.3,19.5,MEDIUM,8.7,11.1,-2.4,44.8,NO,NO,NO,NO,NO,NO,,63.6,49.8,57.6,69.3,4-Seam Fastball,22.9,,Thin agreement
132,Ke'Bryan Hayes,Cincinnati Reds,Washington Nationals,Washington Nationals @ Cincinnati Reds,Jake Irvin,1020,DraftKings,43.2,PASS,SPECULATIVE,20.1,NO CONSENSUS,0,2,59.5,52.9,66.6,13.7,HIGH,7.8,8.9,-1.1,48.7,NO,NO,NO,NO,NO,NO,,58.4,52.9,60.1,66.6,Sinker,28.4,,Thin agreement
133,Junior Caminero,Tampa Bay Rays,Toronto Blue Jays,Tampa Bay Rays @ Toronto Blue Jays,Dylan Cease,440,FanDuel,52.8,PASS,SPECULATIVE,20,NO CONSENSUS,1,3,59.1,51.3,71.7,20.4,MEDIUM,9,18.5,-9.5,13.5,NO,NO,NO,NO,NO,NO,,61.7,51.6,51.3,71.7,4-Seam Fastball,31.9,,Thin agreement
134,Darell Hernaiz,Athletics,St. Louis Cardinals,St. Louis Cardinals @ Athletics,Matthew Liberatore,1000,BetMGM,42.2,PASS,SPECULATIVE,19.8,NO CONSENSUS,0,2,57.4,51.5,62.7,11.2,HIGH,7.7,9.1,-1.4,47.8,NO,NO,NO,NO,NO,NO,,62.7,51.5,59.1,56.4,Slider,25.7,,Thin agreement
135,Brandon Marsh,Philadelphia Phillies,Boston Red Sox,Philadelphia Phillies @ Boston Red Sox,Sonny Gray,1060,DraftKings,40.6,PASS,SPECULATIVE,18.5,NO CONSENSUS,0,2,56.4,47.7,59.9,12.2,HIGH,7.4,8.6,-1.2,48.4,NO,NO,NO,NO,NO,NO,,58.8,47.7,59.1,59.9,4-Seam Fastball,11.4,,Thin agreement
136,Royce Lewis,Minnesota Twins,Miami Marlins,Miami Marlins @ Minnesota Twins,Max Meyer,650,BetMGM,49.8,PASS,SPECULATIVE,16.9,NO CONSENSUS,1,3,57.4,46.3,70.5,24.2,MEDIUM,8.6,13.3,-4.7,37.9,NO,NO,NO,NO,NO,NO,,61.3,46.3,51.5,70.5,4-Seam Fastball,25.2,,Thin agreement
137,Yordan Alvarez,Houston Astros,Seattle Mariners,Seattle Mariners @ Houston Astros,Bryce Miller,285,FanDuel,54.1,PASS,SPECULATIVE,15.6,NO CONSENSUS,0,3,59.6,54.1,71.8,17.7,LOW,9.2,26,-16.8,0,NO,NO,NO,NO,NO,NO,,71.8,54.1,56,56.4,,0,CONTACT,Thin agreement
138,Marcus Semien,New York Mets,Detroit Tigers,Detroit Tigers @ New York Mets,Framber Valdez,790,DraftKings,48.7,PASS,SPECULATIVE,15.3,NO CONSENSUS,0,3,57.6,51.1,61.9,10.8,MEDIUM,8.5,11.2,-2.7,43.9,NO,NO,NO,NO,NO,NO,,60.8,51.1,56.7,61.9,Changeup,24.2,,Thin agreement
139,Zach Cole,Houston Astros,Seattle Mariners,Seattle Mariners @ Houston Astros,Bryce Miller,420,FanDuel,52.2,PASS,SPECULATIVE,14.6,NO CONSENSUS,0,3,58.1,52.3,69.1,16.8,LOW,8.9,19.2,-10.3,11.1,NO,NO,NO,NO,NO,NO,,69.1,52.3,55.9,55.2,,0,CONTACT,Thin agreement
140,Bo Bichette,New York Mets,Detroit Tigers,Detroit Tigers @ New York Mets,Framber Valdez,850,DraftKings,47.2,PASS,SPECULATIVE,14.6,NO CONSENSUS,0,3,56.6,50.8,60.9,10.1,MEDIUM,8.3,10.5,-2.2,45.4,NO,NO,NO,NO,NO,NO,,58.4,50.8,56.3,60.9,Curveball,31.9,,Thin agreement
141,Lourdes Gurriel Jr.,Arizona Diamondbacks,Texas Rangers,Arizona Diamondbacks @ Texas Rangers,Kumar Rocker,890,DraftKings,46.1,PASS,SPECULATIVE,14.5,NO CONSENSUS,0,3,55.9,50.7,59.1,8.4,MEDIUM,8.2,10.1,-1.9,46.3,NO,NO,NO,NO,NO,NO,,59.1,50.7,54.8,58.8,Cutter,12.1,,Thin agreement
142,Lane Thomas,Kansas City Royals,Chicago White Sox,Kansas City Royals @ Chicago White Sox,Noah Schultz,680,FanDuel,48.1,PASS,SPECULATIVE,14.3,NO CONSENSUS,0,3,55.9,49.8,61,11.2,MEDIUM,8.4,12.8,-4.4,38.8,NO,NO,NO,NO,NO,NO,,60.5,49.8,52.3,61,4-Seam Fastball,25.1,,Thin agreement
143,James McCann,Arizona Diamondbacks,Texas Rangers,Arizona Diamondbacks @ Texas Rangers,Kumar Rocker,950,DraftKings,42.1,PASS,SPECULATIVE,13.7,NO CONSENSUS,0,3,57.3,51.8,60.3,8.5,HIGH,7.6,9.5,-1.9,46.3,NO,NO,NO,NO,NO,NO,,59.3,51.8,57.9,60.3,Sinker,32.6,,Thin agreement
144,Nasim Nuñez,Washington Nationals,Cincinnati Reds,Washington Nationals @ Cincinnati Reds,Nick Lodolo,1200,BetMGM,41.6,PASS,SPECULATIVE,13.3,NO CONSENSUS,0,3,57.8,53.1,62.9,9.8,HIGH,7.6,7.7,-0.1,51.7,NO,NO,NO,NO,NO,NO,,60.3,53.1,62.9,55,Curveball,20.5,,Thin agreement
145,Nick Yorke,Pittsburgh Pirates,Colorado Rockies,Colorado Rockies @ Pittsburgh Pirates,Jose Quintana,920,FanDuel,41.5,PASS,SPECULATIVE,12.6,NO CONSENSUS,0,3,56.6,50.6,60.7,10.1,HIGH,7.6,9.8,-2.2,45.4,NO,NO,NO,NO,NO,NO,,59.4,50.6,60.7,55.7,4-Seam Fastball,28.2,,Thin agreement
146,Pedro Pagés,St. Louis Cardinals,Athletics,St. Louis Cardinals @ Athletics,J.T. Ginn,760,FanDuel,46.7,PASS,SPECULATIVE,12.2,NO CONSENSUS,0,3,54.8,46.6,61.2,14.6,MEDIUM,8.2,11.6,-3.4,41.8,NO,NO,NO,NO,NO,NO,,61,46.6,50.5,61.2,Sinker,31.7,,Thin agreement
147,TJ Friedl,Cincinnati Reds,Washington Nationals,Washington Nationals @ Cincinnati Reds,Jake Irvin,880,FanDuel,45.4,PASS,SPECULATIVE,11.8,NO CONSENSUS,0,3,54.9,46.5,61,14.5,MEDIUM,8.1,10.2,-2.1,45.7,NO,NO,NO,NO,NO,NO,,60.4,46.5,51.6,61,Sinker,28.4,,Thin agreement
148,Colt Keith,Detroit Tigers,New York Mets,Detroit Tigers @ New York Mets,Christian Scott,680,DraftKings,46.1,PASS,SPECULATIVE,11.7,NO CONSENSUS,0,3,53.4,46.2,60,13.8,MEDIUM,8.2,12.8,-4.6,38.2,NO,NO,NO,NO,NO,NO,,57.6,46.2,49.9,60,4-Seam Fastball,55.3,,Thin agreement
149,Nick Loftin,Kansas City Royals,Chicago White Sox,Kansas City Royals @ Chicago White Sox,Noah Schultz,940,DraftKings,42.3,PASS,SPECULATIVE,11.6,NO CONSENSUS,0,3,57.4,48.4,63.1,14.7,HIGH,7.7,9.6,-1.9,46.3,NO,NO,NO,NO,NO,NO,,61.6,48.4,56.4,63.1,Sweeper,26.3,,Thin agreement
150,Jacob Young,Washington Nationals,Cincinnati Reds,Washington Nationals @ Cincinnati Reds,Nick Lodolo,1600,FanDuel,39.9,PASS,SPECULATIVE,11.4,NO CONSENSUS,0,3,56.4,50.8,62.4,11.6,HIGH,7.4,5.9,1.5,56.5,NO,NO,NO,NO,NO,NO,,54.5,50.8,62.4,57.7,4-Seam Fastball,23.1,,Thin agreement
151,Christian Walker,Houston Astros,Seattle Mariners,Seattle Mariners @ Houston Astros,Bryce Miller,350,FanDuel,49,PASS,SPECULATIVE,11.1,NO CONSENSUS,0,3,53.7,47.6,66.4,18.8,MEDIUM,8.5,22.2,-13.7,0.9,NO,NO,NO,NO,NO,NO,,66.4,49.4,47.6,51.5,,0,,Thin agreement
152,Wenceel Pérez,Detroit Tigers,New York Mets,Detroit Tigers @ New York Mets,Christian Scott,800,BetMGM,45.2,PASS,SPECULATIVE,11.1,NO CONSENSUS,0,3,53.8,46.5,61.5,15,MEDIUM,8,11.1,-3.1,42.7,NO,NO,NO,NO,NO,NO,,57.6,46.5,49.6,61.5,Sweeper,15.6,,Thin agreement
153,Jonathan Aranda,Tampa Bay Rays,Toronto Blue Jays,Tampa Bay Rays @ Toronto Blue Jays,Dylan Cease,720,DraftKings,47,PASS,SPECULATIVE,10.8,NO CONSENSUS,0,3,54.7,45.4,64,18.6,MEDIUM,8.3,12.2,-3.9,40.3,NO,NO,NO,NO,NO,NO,,59.9,45.4,49.5,64,4-Seam Fastball,31.9,,Thin agreement
154,Nathan Church,St. Louis Cardinals,Athletics,St. Louis Cardinals @ Athletics,J.T. Ginn,1000,BetMGM,42.5,PASS,SPECULATIVE,10.7,NO CONSENSUS,0,3,57.9,47.7,65.8,18.1,HIGH,7.7,9.1,-1.4,47.8,NO,NO,NO,NO,NO,NO,,60.5,47.7,57.6,65.8,Sinker,31.7,,Thin agreement
155,Jorge Mateo,Atlanta Braves,Chicago Cubs,Chicago Cubs @ Atlanta Braves,Shota Imanaga,960,DraftKings,40.1,PASS,SPECULATIVE,10.7,NO CONSENSUS,1,3,54.8,41.5,70.7,29.2,HIGH,7.4,9.4,-2,46,NO,NO,NO,NO,NO,NO,VOLATILE,56.1,41.5,50.9,70.7,4-Seam Fastball,34.6,,Thin agreement
156,Cesar Prieto,St. Louis Cardinals,Athletics,St. Louis Cardinals @ Athletics,J.T. Ginn,920,FanDuel,41,PASS,SPECULATIVE,10.6,NO CONSENSUS,0,3,55.8,47.5,61.8,14.3,HIGH,7.5,9.8,-2.3,45.1,NO,NO,NO,NO,NO,NO,,61.8,47.5,55.2,58.5,Sinker,31.7,,Thin agreement
157,Nick Gonzales,Pittsburgh Pirates,Colorado Rockies,Colorado Rockies @ Pittsburgh Pirates,Jose Quintana,1080,DraftKings,39.2,PASS,SPECULATIVE,10.6,NO CONSENSUS,0,3,54.8,47.9,59.3,11.4,HIGH,7.3,8.5,-1.2,48.4,NO,NO,NO,NO,NO,NO,,54.4,47.9,57.5,59.3,4-Seam Fastball,28.2,,Thin agreement
158,Garrett Mitchell,Milwaukee Brewers,San Diego Padres,San Diego Padres @ Milwaukee Brewers,Michael King,1000,BetMGM,42.1,PASS,SPECULATIVE,10.4,NO CONSENSUS,0,3,57.5,48.2,66.2,18,HIGH,7.6,9.1,-1.5,47.5,NO,NO,NO,NO,NO,NO,,58.2,48.2,57.2,66.2,Sinker,20.8,,Thin agreement
159,Matt Vierling,Detroit Tigers,New York Mets,Detroit Tigers @ New York Mets,Christian Scott,760,DraftKings,43.7,PASS,SPECULATIVE,9.8,NO CONSENSUS,0,3,51.2,44,58.2,14.2,MEDIUM,7.9,11.6,-3.7,40.9,NO,NO,NO,NO,NO,NO,,56.4,44,46.1,58.2,4-Seam Fastball,55.3,,Thin agreement
160,Edouard Julien,Colorado Rockies,Pittsburgh Pirates,Colorado Rockies @ Pittsburgh Pirates,Mitch Keller,830,DraftKings,44.7,PASS,SPECULATIVE,9.6,NO CONSENSUS,0,3,53.4,43.6,61.7,18.1,MEDIUM,8,10.8,-2.8,43.6,NO,NO,NO,NO,NO,NO,,56.6,43.6,51.5,61.7,Slider,9.6,,Thin agreement
161,Alejandro Osuna,Texas Rangers,Arizona Diamondbacks,Arizona Diamondbacks @ Texas Rangers,Ryne Nelson,1220,DraftKings,38.1,PASS,SPECULATIVE,9.5,NO CONSENSUS,0,3,53.7,48.4,60.6,12.2,HIGH,7.1,7.6,-0.5,50.5,NO,NO,NO,NO,NO,NO,,55.6,50,60.6,48.4,Curveball,5.1,,Thin agreement
162,Manny Machado,San Diego Padres,Milwaukee Brewers,San Diego Padres @ Milwaukee Brewers,Jacob Misiorowski,556,DraftKings,46.8,PASS,SPECULATIVE,9.4,NO CONSENSUS,0,3,53.1,44,64.6,20.6,MEDIUM,8.3,15.2,-6.9,27.3,NO,NO,NO,NO,NO,NO,,59.5,44,44.2,64.6,4-Seam Fastball,61.3,,Thin agreement
163,Josh Bell,Minnesota Twins,Miami Marlins,Miami Marlins @ Minnesota Twins,Max Meyer,700,BetMGM,46.7,PASS,SPECULATIVE,9.4,NO CONSENSUS,0,3,54.3,42.9,64.8,21.9,MEDIUM,8.2,12.5,-4.3,39.1,NO,NO,NO,NO,NO,NO,,59.2,42.9,50.1,64.8,Slider,26.4,,Thin agreement
164,Rafael Devers,San Francisco Giants,Los Angeles Dodgers,San Francisco Giants @ Los Angeles Dodgers,Shohei Ohtani,525,DraftKings,48.3,PASS,SPECULATIVE,9,NO CONSENSUS,0,3,54.4,43.3,68,24.7,MEDIUM,8.4,16,-7.6,25.2,NO,NO,NO,NO,NO,NO,,60.3,43.3,46,68,4-Seam Fastball,47,,Thin agreement
165,Bryson Stott,Philadelphia Phillies,Boston Red Sox,Philadelphia Phillies @ Boston Red Sox,Sonny Gray,1160,DraftKings,38.2,PASS,SPECULATIVE,9,NO CONSENSUS,0,3,53.7,46.2,60.1,13.9,HIGH,7.1,7.9,-0.8,49.6,NO,NO,NO,NO,NO,NO,,53,46.2,55.5,60.1,Cutter,30,,Thin agreement
166,Sung-Mun Song,San Diego Padres,Milwaukee Brewers,San Diego Padres @ Milwaukee Brewers,Jacob Misiorowski,1000,BetMGM,40.9,PASS,SPECULATIVE,8.7,NO CONSENSUS,0,3,55.9,45.8,65.7,19.9,HIGH,7.5,9.1,-1.6,47.2,NO,NO,NO,NO,NO,NO,,58,45.8,54.1,65.7,4-Seam Fastball,61.3,,Thin agreement
167,William Contreras,Milwaukee Brewers,San Diego Padres,San Diego Padres @ Milwaukee Brewers,Michael King,900,DraftKings,38.6,PASS,SPECULATIVE,8.2,NO CONSENSUS,0,3,52.7,44.1,59.6,15.5,HIGH,7.2,10,-2.8,43.6,NO,NO,NO,NO,NO,NO,,58.2,44.1,48.8,59.6,4-Seam Fastball,22.9,,Thin agreement
168,Yandy Díaz,Tampa Bay Rays,Toronto Blue Jays,Tampa Bay Rays @ Toronto Blue Jays,Dylan Cease,770,DraftKings,43.4,PASS,SPECULATIVE,7.9,NO CONSENSUS,0,3,50.9,42.6,61.7,19.1,MEDIUM,7.8,11.5,-3.7,40.9,NO,NO,NO,NO,NO,NO,,54.9,42.6,44.4,61.7,4-Seam Fastball,31.9,,Thin agreement
169,Willy Adames,San Francisco Giants,Los Angeles Dodgers,San Francisco Giants @ Los Angeles Dodgers,Shohei Ohtani,720,DraftKings,43.8,PASS,SPECULATIVE,7,NO CONSENSUS,0,3,50.6,40.1,61.8,21.7,MEDIUM,7.9,12.2,-4.3,39.1,NO,NO,NO,NO,NO,NO,,57.5,40.1,42.9,61.8,4-Seam Fastball,47,,Thin agreement
170,Xander Bogaerts,San Diego Padres,Milwaukee Brewers,San Diego Padres @ Milwaukee Brewers,Jacob Misiorowski,720,DraftKings,44.5,PASS,SPECULATIVE,6.9,NO CONSENSUS,0,3,51.5,41.1,64.8,23.7,MEDIUM,8,12.2,-4.2,39.4,NO,NO,NO,NO,NO,NO,,57.4,41.1,42.6,64.8,4-Seam Fastball,61.3,,Thin agreement
171,Trevor Larnach,Minnesota Twins,Miami Marlins,Miami Marlins @ Minnesota Twins,Max Meyer,725,BetMGM,41.9,PASS,SPECULATIVE,6.2,NO CONSENSUS,0,3,48.4,38.6,58.2,19.6,MEDIUM,7.6,12.1,-4.5,38.5,NO,NO,NO,NO,NO,NO,,53.4,38.6,43.5,58.2,4-Seam Fastball,25.2,,Thin agreement
172,Alec Bohm,Philadelphia Phillies,Boston Red Sox,Philadelphia Phillies @ Boston Red Sox,Sonny Gray,1120,DraftKings,35.5,PASS,SPECULATIVE,6.2,NO CONSENSUS,0,3,50.2,44,59.1,15.1,HIGH,6.8,8.2,-1.4,47.8,NO,NO,NO,NO,NO,NO,,49.6,44,48.2,59.1,Cutter,30,,Thin agreement
173,Ozzie Albies,Atlanta Braves,Chicago Cubs,Chicago Cubs @ Atlanta Braves,Shota Imanaga,518,DraftKings,44.3,PASS,SPECULATIVE,5.8,NO CONSENSUS,0,3,49.3,38.6,62.7,24.1,MEDIUM,7.9,16.2,-8.3,23.1,NO,NO,NO,NO,NO,NO,,56.4,38.6,39.7,62.7,4-Seam Fastball,34.6,,Thin agreement
174,Trea Turner,Philadelphia Phillies,Boston Red Sox,Philadelphia Phillies @ Boston Red Sox,Sonny Gray,820,DraftKings,44.2,PASS,SPECULATIVE,4.6,NO CONSENSUS,0,4,52.7,46.6,57.8,11.2,MEDIUM,7.9,10.9,-3,43,NO,NO,NO,NO,NO,NO,,57.8,46.6,50.3,56.1,4-Seam Fastball,11.4,,Thin agreement
175,Nico Hoerner,Chicago Cubs,Atlanta Braves,Chicago Cubs @ Atlanta Braves,JR Ritchie,1280,DraftKings,38.7,PASS,SPECULATIVE,4.6,NO CONSENSUS,0,4,54.5,49.2,57.1,7.9,HIGH,7.2,7.2,0,52,NO,NO,NO,NO,NO,NO,,54.9,49.2,57.1,56.6,Curveball,25.7,,Thin agreement
176,Miguel Andujar,San Diego Padres,Milwaukee Brewers,San Diego Padres @ Milwaukee Brewers,Jacob Misiorowski,880,FanDuel,41.3,PASS,SPECULATIVE,4.5,NO CONSENSUS,0,3,49.7,38.6,63.8,25.2,MEDIUM,7.5,10.2,-2.7,43.9,NO,NO,NO,NO,NO,NO,VOLATILE,54.5,38.6,42,63.8,4-Seam Fastball,61.3,,Thin agreement
177,Brett Baty,New York Mets,Detroit Tigers,Detroit Tigers @ New York Mets,Framber Valdez,1040,FanDuel,38.4,PASS,SPECULATIVE,4.4,NO CONSENSUS,0,4,53.6,49.7,56.8,7.1,HIGH,7.2,8.8,-1.6,47.2,NO,NO,NO,NO,NO,NO,,54.4,49.7,53.4,56.8,Changeup,24.2,,Thin agreement
178,Tyler Heineman,Toronto Blue Jays,Tampa Bay Rays,Tampa Bay Rays @ Toronto Blue Jays,Griffin Jax,1280,DraftKings,36.9,PASS,SPECULATIVE,4.1,NO CONSENSUS,0,4,52.4,50,55,5,HIGH,7,7.2,-0.2,51.4,NO,NO,NO,NO,NO,NO,,51.6,50,55,52.8,4-Seam Fastball,30.4,,Thin agreement
179,Willi Castro,Colorado Rockies,Pittsburgh Pirates,Colorado Rockies @ Pittsburgh Pirates,Mitch Keller,900,BetMGM,38.1,PASS,SPECULATIVE,4,NO CONSENSUS,0,3,52.3,40,66.3,26.3,HIGH,7.1,10,-2.9,43.3,NO,NO,NO,NO,NO,NO,VOLATILE,53.8,40,49,66.3,4-Seam Fastball,39.7,,Thin agreement
180,Geraldo Perdomo,Arizona Diamondbacks,Texas Rangers,Arizona Diamondbacks @ Texas Rangers,Kumar Rocker,1100,DraftKings,38.1,PASS,SPECULATIVE,3.9,NO CONSENSUS,0,4,53.3,48.4,56.2,7.8,HIGH,7.1,8.3,-1.2,48.4,NO,NO,NO,NO,NO,NO,,54.8,48.4,53.9,56.2,Sinker,32.6,,Thin agreement
181,Andrés Giménez,Toronto Blue Jays,Tampa Bay Rays,Tampa Bay Rays @ Toronto Blue Jays,Griffin Jax,1120,DraftKings,38,PASS,SPECULATIVE,3.9,NO CONSENSUS,0,4,53.3,47.9,55.6,7.7,HIGH,7.1,8.2,-1.1,48.7,NO,NO,NO,NO,NO,NO,,54.6,47.9,55.1,55.6,4-Seam Fastball,30.4,,Thin agreement
182,Billy Cook,Pittsburgh Pirates,Colorado Rockies,Colorado Rockies @ Pittsburgh Pirates,Jose Quintana,900,DraftKings,39.5,PASS,SPECULATIVE,3.5,NO CONSENSUS,0,4,53.9,48.2,59.2,11,HIGH,7.3,10,-2.7,43.9,NO,NO,NO,NO,NO,NO,,59.2,48.2,56.2,52.1,4-Seam Fastball,28.2,,Thin agreement
183,Ernie Clement,Toronto Blue Jays,Tampa Bay Rays,Tampa Bay Rays @ Toronto Blue Jays,Griffin Jax,1200,DraftKings,37.2,PASS,SPECULATIVE,3.4,NO CONSENSUS,0,4,52.5,47.6,55.1,7.5,HIGH,7,7.7,-0.7,49.9,NO,NO,NO,NO,NO,NO,,54.2,47.6,52.9,55.1,4-Seam Fastball,30.4,,Thin agreement
184,Mauricio Dubón,Atlanta Braves,Chicago Cubs,Chicago Cubs @ Atlanta Braves,Shota Imanaga,890,DraftKings,38.8,PASS,SPECULATIVE,3,NO CONSENSUS,0,3,46.8,35.5,59.1,23.6,MEDIUM,7.2,10.1,-2.9,43.3,NO,NO,NO,NO,NO,NO,,51.4,35.5,41.2,59.1,4-Seam Fastball,34.6,,Thin agreement
185,Brooks Lee,Minnesota Twins,Miami Marlins,Miami Marlins @ Minnesota Twins,Max Meyer,880,FanDuel,38.8,PASS,SPECULATIVE,2.8,NO CONSENSUS,0,3,46.8,35.3,59.5,24.2,MEDIUM,7.2,10.2,-3,43,NO,NO,NO,NO,NO,NO,,51.3,35.3,41.2,59.5,4-Seam Fastball,25.2,,Thin agreement
186,Harrison Bader,San Francisco Giants,Los Angeles Dodgers,San Francisco Giants @ Los Angeles Dodgers,Shohei Ohtani,900,BetMGM,37,PASS,SPECULATIVE,2.8,NO CONSENSUS,0,3,50.7,38.1,65.2,27.1,HIGH,7,10,-3,43,NO,NO,NO,NO,NO,NO,VOLATILE,54.5,38.1,45.1,65.2,4-Seam Fastball,47,,Thin agreement
187,Tyrone Taylor,New York Mets,Detroit Tigers,Detroit Tigers @ New York Mets,Framber Valdez,980,FanDuel,38.4,PASS,SPECULATIVE,2.7,NO CONSENSUS,0,4,52.8,46.5,57.6,11.1,HIGH,7.2,9.3,-2.1,45.7,NO,NO,NO,NO,NO,NO,,55.5,46.5,51.6,57.6,Sinker,39.9,,Thin agreement
188,Troy Johnston,Colorado Rockies,Pittsburgh Pirates,Colorado Rockies @ Pittsburgh Pirates,Mitch Keller,900,BetMGM,36.4,PASS,SPECULATIVE,2.7,NO CONSENSUS,0,3,50.1,37.9,63.9,26,HIGH,6.9,10,-3.1,42.7,NO,NO,NO,NO,NO,NO,VOLATILE,52.6,37.9,45.9,63.9,4-Seam Fastball,39.7,,Thin agreement
189,Ha-Seong Kim,Atlanta Braves,Chicago Cubs,Chicago Cubs @ Atlanta Braves,Shota Imanaga,680,DraftKings,43.4,PASS,SPECULATIVE,2.4,NO CONSENSUS,0,4,49.9,44.7,58.4,13.7,MEDIUM,7.8,12.8,-5,37,NO,NO,NO,NO,NO,NO,,58.4,46.6,44.7,50,,0,,Thin agreement
190,Vidal Bruján,New York Mets,Detroit Tigers,Detroit Tigers @ New York Mets,Framber Valdez,1050,BetMGM,36.8,PASS,SPECULATIVE,2.2,NO CONSENSUS,0,4,51.6,45.7,55.3,9.6,HIGH,7,8.7,-1.7,46.9,NO,NO,NO,NO,NO,NO,,55.3,50.5,54.8,45.7,,0,,Thin agreement
191,Jared Triolo,Pittsburgh Pirates,Colorado Rockies,Colorado Rockies @ Pittsburgh Pirates,Jose Quintana,1200,BetMGM,37.1,PASS,SPECULATIVE,2,NO CONSENSUS,0,4,52.4,46.1,57.3,11.2,HIGH,7,7.7,-0.7,49.9,NO,NO,NO,NO,NO,NO,,51.2,46.1,55.1,57.3,4-Seam Fastball,28.2,,Thin agreement
192,J.T. Realmuto,Philadelphia Phillies,Boston Red Sox,Philadelphia Phillies @ Boston Red Sox,Sonny Gray,980,FanDuel,37.2,PASS,SPECULATIVE,1.3,NO CONSENSUS,0,4,51.3,44.8,57,12.2,HIGH,7,9.3,-2.3,45.1,NO,NO,NO,NO,NO,NO,,53.9,44.8,49.4,57,Cutter,30,,Thin agreement
193,Edmundo Sosa,Philadelphia Phillies,Boston Red Sox,Philadelphia Phillies @ Boston Red Sox,Sonny Gray,1020,DraftKings,35.8,PASS,SPECULATIVE,1.1,NO CONSENSUS,0,4,50.4,44.5,54.7,10.2,HIGH,6.8,8.9,-2.1,45.7,NO,NO,NO,NO,NO,NO,,52.8,44.5,49.5,54.7,4-Seam Fastball,11.4,,Thin agreement
194,Kyle Karros,Colorado Rockies,Pittsburgh Pirates,Colorado Rockies @ Pittsburgh Pirates,Mitch Keller,1240,DraftKings,32.4,PASS,SPECULATIVE,0.7,NO CONSENSUS,0,3,46.6,37.7,61.4,23.7,HIGH,6.4,7.5,-1.1,48.7,NO,NO,NO,NO,NO,NO,,44.7,37.7,42.7,61.4,4-Seam Fastball,39.7,,Thin agreement
195,Brice Matthews,Houston Astros,Seattle Mariners,Seattle Mariners @ Houston Astros,Bryce Miller,520,FanDuel,42.8,PASS,SPECULATIVE,0.1,NO CONSENSUS,0,4,47.5,41.7,58.4,16.7,LOW,7.7,16.1,-8.4,22.8,NO,NO,NO,NO,NO,NO,,58.4,43.1,41.7,46.7,,0,,Thin agreement
196,Jake McCarthy,Colorado Rockies,Pittsburgh Pirates,Colorado Rockies @ Pittsburgh Pirates,Mitch Keller,1200,FanDuel,32.9,PASS,SPECULATIVE,0.1,NO CONSENSUS,0,3,47.1,35.4,62,26.6,HIGH,6.5,7.7,-1.2,48.4,NO,NO,NO,NO,NO,NO,VOLATILE,46.7,35.4,44.4,62,4-Seam Fastball,39.7,,Thin agreement
197,Mike Yastrzemski,Atlanta Braves,Chicago Cubs,Chicago Cubs @ Atlanta Braves,Shota Imanaga,620,DraftKings,42.2,PASS,SPECULATIVE,0,NO CONSENSUS,0,4,47.7,38.2,57.6,19.4,MEDIUM,7.7,13.9,-6.2,29.4,NO,NO,NO,NO,NO,NO,,54.9,39.9,38.2,57.6,4-Seam Fastball,34.6,,Thin agreement
198,Jose Altuve,Houston Astros,Seattle Mariners,Seattle Mariners @ Houston Astros,Bryce Miller,537,DraftKings,40.1,PASS,SPECULATIVE,0,NO CONSENSUS,0,4,44.3,37.8,54.6,16.8,LOW,7.4,15.7,-8.3,23.1,NO,NO,NO,NO,NO,NO,,54.6,40.4,37.8,44.5,,0,,Thin agreement
199,Christian Yelich,Milwaukee Brewers,San Diego Padres,San Diego Padres @ Milwaukee Brewers,Michael King,790,FanDuel,39.1,PASS,SPECULATIVE,0,NO CONSENSUS,0,4,45.4,38.7,54.8,16.1,MEDIUM,7.3,11.2,-3.9,40.3,NO,NO,NO,NO,NO,NO,,54.8,43.9,38.7,44.2,,0,,Thin agreement
200,César Salazar,Houston Astros,Seattle Mariners,Seattle Mariners @ Houston Astros,Bryce Miller,750,Caesars,38.6,PASS,SPECULATIVE,0,NO CONSENSUS,0,4,44.3,38.2,55,16.8,MEDIUM,7.2,11.8,-4.6,38.2,NO,NO,NO,NO,NO,NO,,55,38.2,40.3,43.7,,0,,Thin agreement
201,Matt Chapman,San Francisco Giants,Los Angeles Dodgers,San Francisco Giants @ Los Angeles Dodgers,Shohei Ohtani,790,FanDuel,38.5,PASS,SPECULATIVE,0,NO CONSENSUS,0,4,44.9,35.6,56.6,21,MEDIUM,7.2,11.2,-4,40,NO,NO,NO,NO,NO,NO,,51.4,35.6,35.8,56.6,4-Seam Fastball,47,,Thin agreement
202,Isaac Paredes,Houston Astros,Seattle Mariners,Seattle Mariners @ Houston Astros,Bryce Miller,541,DraftKings,37.4,PASS,SPECULATIVE,0,NO CONSENSUS,0,4,41,32.2,53.3,21.1,MEDIUM,7,15.6,-8.6,22.2,NO,NO,NO,NO,NO,NO,,53.3,36.7,32.2,41.6,,0,,Thin agreement
203,Andrew Vaughn,Milwaukee Brewers,San Diego Padres,San Diego Padres @ Milwaukee Brewers,Michael King,900,BetMGM,36.9,PASS,SPECULATIVE,0,NO CONSENSUS,0,4,50.6,42.6,57.5,14.9,HIGH,7,10,-3,43,NO,NO,NO,NO,NO,NO,,55.6,42.6,46.6,57.5,4-Seam Fastball,22.9,,Thin agreement
204,Cam Smith,Houston Astros,Seattle Mariners,Seattle Mariners @ Houston Astros,Bryce Miller,910,DraftKings,36.3,PASS,SPECULATIVE,0,NO CONSENSUS,0,4,49.7,43.1,59.8,16.7,HIGH,6.9,9.9,-3,43,NO,NO,NO,NO,NO,NO,,59.8,43.1,48.1,47.6,,0,,Thin agreement
205,Jake Fraley,Tampa Bay Rays,Toronto Blue Jays,Tampa Bay Rays @ Toronto Blue Jays,Dylan Cease,940,DraftKings,34.8,PASS,SPECULATIVE,0,NO CONSENSUS,0,4,48.1,39.7,56.2,16.5,HIGH,6.7,9.6,-2.9,43.3,NO,NO,NO,NO,NO,NO,,53.8,39.7,42.6,56.2,Changeup,13.5,,Thin agreement
206,Chase Meidroth,Chicago White Sox,Kansas City Royals,Kansas City Royals @ Chicago White Sox,Seth Lugo,1200,BetMGM,33.6,PASS,SPECULATIVE,0,NO CONSENSUS,0,4,47.9,42.5,55.9,13.4,HIGH,6.5,7.7,-1.2,48.4,NO,NO,NO,NO,NO,NO,,48.1,42.5,45.3,55.9,4-Seam Fastball,15.6,,Thin agreement
207,Ezequiel Tovar,Colorado Rockies,Pittsburgh Pirates,Colorado Rockies @ Pittsburgh Pirates,Mitch Keller,980,FanDuel,33.6,PASS,SPECULATIVE,0,NO CONSENSUS,0,4,46.8,38.6,55.8,17.2,HIGH,6.5,9.3,-2.8,43.6,NO,NO,NO,NO,NO,NO,,50.7,38.6,42.2,55.8,Sinker,12.4,,Thin agreement
208,Nick Fortes,Tampa Bay Rays,Toronto Blue Jays,Tampa Bay Rays @ Toronto Blue Jays,Dylan Cease,1100,DraftKings,32.6,PASS,SPECULATIVE,0,NO CONSENSUS,0,4,46.6,39.8,56.8,17,HIGH,6.4,8.3,-1.9,46.3,NO,NO,NO,NO,NO,NO,,47.9,39.8,41.8,56.8,4-Seam Fastball,31.9,,Thin agreement
209,Luis Rengifo,Milwaukee Brewers,San Diego Padres,San Diego Padres @ Milwaukee Brewers,Michael King,1500,BetMGM,32.1,PASS,SPECULATIVE,0,NO CONSENSUS,0,4,46.8,40.4,56.5,16.1,HIGH,6.4,6.3,0.2,52.6,NO,NO,NO,NO,NO,NO,,42.8,40.4,47.3,56.5,Sinker,20.8,,Thin agreement
210,Freddy Fermin,San Diego Padres,Milwaukee Brewers,San Diego Padres @ Milwaukee Brewers,Jacob Misiorowski,1050,BetMGM,32.1,PASS,SPECULATIVE,0,NO CONSENSUS,0,4,45.6,37.7,54,16.3,HIGH,6.4,8.7,-2.3,45.1,NO,NO,NO,NO,NO,NO,,51.1,37.7,39.4,54,4-Seam Fastball,61.3,,Thin agreement
211,Masyn Winn,St. Louis Cardinals,Athletics,St. Louis Cardinals @ Athletics,J.T. Ginn,1450,BetMGM,31.9,PASS,SPECULATIVE,0,NO CONSENSUS,0,4,46.3,41,51.5,10.5,HIGH,6.3,6.5,-0.2,51.4,NO,NO,NO,NO,NO,NO,,47.3,41,45.2,51.5,4-Seam Fastball,14.3,,Thin agreement
212,Cedric Mullins,Tampa Bay Rays,Toronto Blue Jays,Tampa Bay Rays @ Toronto Blue Jays,Dylan Cease,980,FanDuel,31.9,PASS,SPECULATIVE,0,NO CONSENSUS,0,4,44.7,36.1,55.2,19.1,HIGH,6.3,9.3,-3,43,NO,NO,NO,NO,NO,NO,,49.3,36.1,38.2,55.2,Changeup,13.5,,Thin agreement
213,Jung Hoo Lee,San Francisco Giants,Los Angeles Dodgers,San Francisco Giants @ Los Angeles Dodgers,Shohei Ohtani,1080,DraftKings,31.6,PASS,SPECULATIVE,0,NO CONSENSUS,0,3,45.1,32.9,61.3,28.4,HIGH,6.3,8.5,-2.2,45.4,NO,NO,NO,NO,NO,NO,VOLATILE,48.3,32.9,37.9,61.3,4-Seam Fastball,47,,Thin agreement
214,Jonny DeLuca,Tampa Bay Rays,Toronto Blue Jays,Tampa Bay Rays @ Toronto Blue Jays,Dylan Cease,990,DraftKings,31.5,PASS,SPECULATIVE,0,NO CONSENSUS,0,4,44.1,37,51.3,14.3,HIGH,6.3,9.2,-2.9,43.3,NO,NO,NO,NO,NO,NO,,50.6,37,37.4,51.3,Sinker,9.7,,Thin agreement
215,Taylor Walls,Tampa Bay Rays,Toronto Blue Jays,Tampa Bay Rays @ Toronto Blue Jays,Dylan Cease,1300,FanDuel,30.9,PASS,SPECULATIVE,0,NO CONSENSUS,0,4,44.9,37.8,56,18.2,HIGH,6.2,7.1,-0.9,49.3,NO,NO,NO,NO,NO,NO,,44.6,37.8,41.1,56,4-Seam Fastball,31.9,,Thin agreement
216,Jesus Rodriguez,San Francisco Giants,Los Angeles Dodgers,San Francisco Giants @ Los Angeles Dodgers,Shohei Ohtani,1220,DraftKings,30.9,PASS,SPECULATIVE,0,NO CONSENSUS,0,4,44.7,36.5,55.9,19.4,HIGH,6.2,7.6,-1.4,47.8,NO,NO,NO,NO,NO,NO,,46,36.5,40.3,55.9,4-Seam Fastball,47,,Thin agreement
217,Victor Scott II,St. Louis Cardinals,Athletics,St. Louis Cardinals @ Athletics,J.T. Ginn,2200,BetMGM,30.8,PASS,SPECULATIVE,0,NO CONSENSUS,0,4,45.4,40.5,53.2,12.7,HIGH,6.2,4.3,1.9,57.7,NO,NO,NO,NO,NO,NO,,40.5,40.8,47.1,53.2,Cutter,17.4,,Thin agreement
218,Ryan Vilade,Tampa Bay Rays,Toronto Blue Jays,Tampa Bay Rays @ Toronto Blue Jays,Dylan Cease,1060,DraftKings,30.6,PASS,SPECULATIVE,0,NO CONSENSUS,0,4,43.8,37.5,49.8,12.3,HIGH,6.2,8.6,-2.4,44.8,NO,NO,NO,NO,NO,NO,,49.3,37.5,38.7,49.8,Sinker,9.7,,Thin agreement
219,Tyler Freeman,Colorado Rockies,Pittsburgh Pirates,Colorado Rockies @ Pittsburgh Pirates,Mitch Keller,1560,DraftKings,30.3,PASS,SPECULATIVE,0,NO CONSENSUS,0,3,44.7,36.7,58.7,22,HIGH,6.1,6,0.1,52.3,NO,NO,NO,NO,NO,NO,,39.5,36.7,43.7,58.7,4-Seam Fastball,39.7,,Thin agreement
220,Ben Williamson,Tampa Bay Rays,Toronto Blue Jays,Tampa Bay Rays @ Toronto Blue Jays,Dylan Cease,1300,Caesars,30.2,PASS,SPECULATIVE,0,NO CONSENSUS,0,4,44,37.5,56,18.5,HIGH,6.1,7.1,-1,49,NO,NO,NO,NO,NO,NO,,42.6,37.5,40,56,4-Seam Fastball,31.9,,Thin agreement
221,David Hamilton,Milwaukee Brewers,San Diego Padres,San Diego Padres @ Milwaukee Brewers,Michael King,1600,BetMGM,29.8,PASS,SPECULATIVE,0,NO CONSENSUS,0,4,43.9,37.3,54,16.7,HIGH,6.1,5.9,0.2,52.6,NO,NO,NO,NO,NO,NO,,41.8,37.3,42.4,54,4-Seam Fastball,22.9,,Thin agreement
222,Zach McKinstry,Detroit Tigers,New York Mets,Detroit Tigers @ New York Mets,Christian Scott,1260,FanDuel,29.3,PASS,SPECULATIVE,0,NO CONSENSUS,0,4,42.8,38.5,48.3,9.8,HIGH,6,7.4,-1.4,47.8,NO,NO,NO,NO,NO,NO,,44.3,38.5,40.1,48.3,4-Seam Fastball,55.3,,Thin agreement
223,Luis Arraez,San Francisco Giants,Los Angeles Dodgers,San Francisco Giants @ Los Angeles Dodgers,Shohei Ohtani,1500,DraftKings,29.1,PASS,SPECULATIVE,0,NO CONSENSUS,0,4,42.9,33.6,56,22.4,HIGH,6,6.3,-0.2,51.4,NO,NO,NO,NO,NO,NO,,42.2,33.6,39.9,56,4-Seam Fastball,47,,Thin agreement
224,Austin Martin,Minnesota Twins,Miami Marlins,Miami Marlins @ Minnesota Twins,Max Meyer,1800,BetMGM,28.9,PASS,SPECULATIVE,0,NO CONSENSUS,0,3,42.9,34.2,59.4,25.2,HIGH,5.9,5.3,0.6,53.8,NO,NO,NO,NO,NO,NO,VOLATILE,37.9,34.2,40.3,59.4,Sweeper,29.9,,Thin agreement
225,Luke Keaschall,Minnesota Twins,Miami Marlins,Miami Marlins @ Minnesota Twins,Max Meyer,1360,DraftKings,28.7,PASS,SPECULATIVE,0,NO CONSENSUS,0,4,42.2,33,55.8,22.8,HIGH,5.9,6.8,-0.9,49.3,NO,NO,NO,NO,NO,NO,,42.1,33,37.9,55.8,Slider,26.4,,Thin agreement
226,Sal Frelick,Milwaukee Brewers,San Diego Padres,San Diego Padres @ Milwaukee Brewers,Michael King,2000,Caesars,28.6,PASS,SPECULATIVE,0,NO CONSENSUS,0,4,42.6,37.3,52.7,15.4,HIGH,5.9,4.8,1.1,55.3,NO,NO,NO,NO,NO,NO,,38,37.3,42.3,52.7,Sweeper,22.5,,Thin agreement
227,Chandler Simpson,Tampa Bay Rays,Toronto Blue Jays,Tampa Bay Rays @ Toronto Blue Jays,Dylan Cease,2200,DraftKings,26.7,PASS,SPECULATIVE,0,NO CONSENSUS,0,4,40.4,33.8,48.4,14.6,HIGH,5.7,4.3,1.4,56.2,NO,NO,NO,NO,NO,NO,,33.8,37.4,42.2,48.4,Sinker,9.7,,Thin agreement