rank,player,team,game,pitcher,odds,matchup_score,pitcher_splits_score,per_pitch_score,weather_environment_score,market_score,green_lights,red_flags,floor_score,ceiling_score,agreement_spread,agreement_penalty,consensus_score,agreement_grade,confidence,decision,matchup_matched,splits_matched,per_pitch_matched,weather_matched
1,James Wood,Washington Nationals,Baltimore Orioles @ Washington Nationals,Shane Baz,350,71.70,85.30,84.90,50.50,59.00,3,0,50.50,85.30,34.80,1.74,76.32,STRONG_AGREEMENT,MEDIUM_HIGH,STRONG_PLAY,YES,YES,YES,YES
2,Nick Kurtz,Athletics,San Francisco Giants @ Athletics,Tyler Mahle,300,68.40,76.70,82.60,52.80,61.00,3,0,52.80,82.60,29.80,1.49,73.63,POSITIVE_AGREEMENT,MEDIUM,PLAYABLE,YES,YES,YES,YES
3,Shea Langeliers,Athletics,San Francisco Giants @ Athletics,Tyler Mahle,250,68.00,73.10,80.20,52.80,64.00,3,0,52.80,80.20,27.40,1.37,72.71,POSITIVE_AGREEMENT,MEDIUM,PLAYABLE,YES,YES,YES,YES
4,Luke Raley,Seattle Mariners,San Diego Padres @ Seattle Mariners,Randy Vásquez,520,69.80,75.50,73.60,49.70,56.00,3,0,49.70,75.50,25.80,1.29,70.65,POSITIVE_AGREEMENT,MEDIUM,PLAYABLE,YES,YES,YES,YES
5,Oneil Cruz,Pittsburgh Pirates,Philadelphia Phillies @ Pittsburgh Pirates,Aaron Nola,390,66.80,74.60,81.10,45.30,57.00,3,0,45.30,81.10,35.80,1.79,70.63,POSITIVE_AGREEMENT,MEDIUM,PLAYABLE,YES,YES,YES,YES
6,Corey Seager,Texas Rangers,Texas Rangers @ Houston Astros,Spencer Arrighetti,340,64.80,74.50,81.00,53.00,59.00,2,0,53.00,81.00,28.00,1.40,70.19,POSITIVE_AGREEMENT,LOW_MEDIUM,LEANS_PLAYABLE,YES,YES,YES,YES
7,Ian Happ,Chicago Cubs,Chicago Cubs @ Chicago White Sox,Sean Burke,496,67.50,72.00,75.10,51.10,58.00,3,0,51.10,75.10,24.00,1.20,70.12,POSITIVE_AGREEMENT,MEDIUM,PLAYABLE,YES,YES,YES,YES
8,Willson Contreras,Boston Red Sox,Boston Red Sox @ Atlanta Braves,Spencer Strider,490,69.70,75.20,76.80,45.70,52.00,3,0,45.70,76.80,31.10,1.55,69.94,POSITIVE_AGREEMENT,MEDIUM,PLAYABLE,YES,YES,YES,YES
9,Max Muncy,Los Angeles Dodgers,Los Angeles Dodgers @ Los Angeles Angels,Jack Kochanowicz,410,61.70,74.40,85.80,50.80,56.00,2,0,50.80,85.80,35.00,1.75,69.41,POSITIVE_AGREEMENT,LOW_MEDIUM,LEANS_PLAYABLE,YES,YES,YES,YES
10,Tyler Soderstrom,Athletics,San Francisco Giants @ Athletics,Tyler Mahle,390,63.50,70.30,77.00,52.80,61.00,2,0,52.80,77.00,24.20,1.21,68.40,POSITIVE_AGREEMENT,LOW_MEDIUM,LEANS_PLAYABLE,YES,YES,YES,YES
11,Brent Rooker,Athletics,San Francisco Giants @ Athletics,Tyler Mahle,340,64.50,68.20,76.60,52.80,61.00,2,0,52.80,76.60,23.80,1.19,68.05,POSITIVE_AGREEMENT,LOW_MEDIUM,LEANS_PLAYABLE,YES,YES,YES,YES
12,Munetaka Murakami,Chicago White Sox,Chicago Cubs @ Chicago White Sox,Edward Cabrera,310,63.60,68.10,78.50,51.70,61.00,2,0,51.70,78.50,26.80,1.34,67.98,MIXED_POSITIVE,LOW_MEDIUM,LEANS_PLAYABLE,YES,YES,YES,YES
13,Kyle Stowers,Miami Marlins,Miami Marlins @ Tampa Bay Rays,Jesse Scholtens,500,66.30,69.60,70.20,48.90,56.00,3,0,48.90,70.20,21.30,1.07,67.67,MIXED_POSITIVE,MEDIUM,PLAYABLE,YES,YES,YES,YES
14,CJ Abrams,Washington Nationals,Baltimore Orioles @ Washington Nationals,Shane Baz,473,61.30,75.50,74.80,50.50,56.00,2,0,50.50,75.50,25.00,1.25,67.52,MIXED_POSITIVE,LOW_MEDIUM,LEANS_PLAYABLE,YES,YES,YES,YES
15,JJ Bleday,Cincinnati Reds,Cincinnati Reds @ Cleveland Guardians,Tanner Bibee,475,63.20,74.00,80.70,45.10,52.00,2,0,45.10,80.70,35.60,1.78,67.23,MIXED_POSITIVE,LOW_MEDIUM,LEANS_PLAYABLE,YES,YES,YES,YES
16,Wilyer Abreu,Boston Red Sox,Boston Red Sox @ Atlanta Braves,Spencer Strider,490,65.90,72.10,78.20,45.70,52.00,2,0,45.70,78.20,32.50,1.63,67.07,MIXED_POSITIVE,LOW_MEDIUM,LEANS_PLAYABLE,YES,YES,YES,YES
17,Moisés Ballesteros,Chicago Cubs,Chicago Cubs @ Chicago White Sox,Sean Burke,492,63.60,70.40,73.20,51.10,58.00,2,0,51.10,73.20,22.10,1.11,67.00,MIXED_POSITIVE,LOW_MEDIUM,LEANS_PLAYABLE,YES,YES,YES,YES
18,Juan Soto,New York Mets,New York Yankees @ New York Mets,Cam Schlittler,610,63.30,67.70,81.60,48.20,53.00,2,0,48.20,81.60,33.40,1.67,66.48,MIXED_POSITIVE,LOW_MEDIUM,LEANS_PLAYABLE,YES,YES,YES,YES
19,Brandon Nimmo,Texas Rangers,Texas Rangers @ Houston Astros,Spencer Arrighetti,450,59.80,69.30,73.90,53.00,56.00,2,0,53.00,73.90,20.90,1.05,65.85,MIXED_POSITIVE,LOW_MEDIUM,LEANS_PLAYABLE,YES,YES,YES,YES
20,Dominic Canzone,Seattle Mariners,San Diego Padres @ Seattle Mariners,Randy Vásquez,650,65.70,70.30,69.30,49.70,53.00,2,0,49.70,70.30,20.60,1.03,65.69,MIXED_POSITIVE,LOW_MEDIUM,LEANS_PLAYABLE,YES,YES,YES,YES
21,Bobby Witt Jr.,Kansas City Royals,Kansas City Royals @ St. Louis Cardinals,Dustin May,525,60.30,66.00,75.60,51.00,58.00,2,0,51.00,75.60,24.60,1.23,65.49,MIXED_POSITIVE,LOW_MEDIUM,LEANS_PLAYABLE,YES,YES,YES,YES
22,Hunter Goodman,Colorado Rockies,Arizona Diamondbacks @ Colorado Rockies,Merrill Kelly,270,54.00,66.40,78.80,55.20,59.00,2,0,54.00,78.80,24.80,1.24,65.33,MIXED_POSITIVE,LOW_MEDIUM,LEANS_PLAYABLE,YES,YES,YES,YES
23,Sal Stewart,Cincinnati Reds,Cincinnati Reds @ Cleveland Guardians,Tanner Bibee,414,62.20,69.10,77.10,45.10,52.00,2,0,45.10,77.10,32.00,1.60,65.11,MIXED_POSITIVE,LOW_MEDIUM,LEANS_PLAYABLE,YES,YES,YES,YES
24,Elly De La Cruz,Cincinnati Reds,Cincinnati Reds @ Cleveland Guardians,Tanner Bibee,500,61.90,69.60,76.50,45.10,52.00,2,0,45.10,76.50,31.40,1.57,65.05,MIXED_POSITIVE,LOW_MEDIUM,LEANS_PLAYABLE,YES,YES,YES,YES
25,Otto Lopez,Miami Marlins,Miami Marlins @ Tampa Bay Rays,Jesse Scholtens,700,62.20,69.70,71.10,48.90,53.00,2,0,48.90,71.10,22.20,1.11,64.92,MIXED_POSITIVE,LOW_MEDIUM,LEANS_PLAYABLE,YES,YES,YES,YES
26,Jordan Walker,St. Louis Cardinals,Kansas City Royals @ St. Louis Cardinals,Michael Wacha,425,58.30,66.70,73.30,51.70,58.00,2,0,51.70,73.30,21.60,1.08,64.86,MIXED_POSITIVE,LOW_MEDIUM,LEANS_PLAYABLE,YES,YES,YES,YES
27,Owen Caissie,Miami Marlins,Miami Marlins @ Tampa Bay Rays,Jesse Scholtens,725,61.80,70.30,68.30,48.90,53.00,2,0,48.90,70.30,21.40,1.07,64.36,MIXED_POSITIVE,LOW_MEDIUM,LEANS_PLAYABLE,YES,YES,YES,YES
28,Joc Pederson,Texas Rangers,Texas Rangers @ Houston Astros,Spencer Arrighetti,453,57.80,66.90,71.50,53.00,56.00,2,0,53.00,71.50,18.50,0.93,64.32,MIXED_POSITIVE,LOW_MEDIUM,LEANS_PLAYABLE,YES,YES,YES,YES
29,Ketel Marte,Arizona Diamondbacks,Arizona Diamondbacks @ Colorado Rockies,Kyle Freeland,300,61.90,64.70,71.50,55.20,59.00,1,0,55.20,71.50,16.30,0.81,64.23,MIXED_POSITIVE,LOW,THIN,YES,YES,YES,YES
30,Corbin Carroll,Arizona Diamondbacks,Arizona Diamondbacks @ Colorado Rockies,Kyle Freeland,353,62.60,64.40,70.60,55.20,59.00,1,0,55.20,70.60,15.40,0.77,64.17,MIXED_POSITIVE,LOW,THIN,YES,YES,YES,YES
31,Brady House,Washington Nationals,Baltimore Orioles @ Washington Nationals,Shane Baz,820,59.00,70.60,68.10,50.50,53.00,2,0,50.50,70.60,20.10,1.00,63.92,MIXED_POSITIVE,LOW_MEDIUM,LEANS_PLAYABLE,YES,YES,YES,YES
32,Jake Burger,Texas Rangers,Texas Rangers @ Houston Astros,Spencer Arrighetti,470,60.80,65.70,72.30,53.00,56.00,1,0,53.00,72.30,19.30,0.96,63.51,MIXED_POSITIVE,LOW,THIN,YES,YES,YES,YES
33,Gabriel Moreno,Arizona Diamondbacks,Arizona Diamondbacks @ Colorado Rockies,Kyle Freeland,700,57.30,67.00,68.80,55.20,53.00,2,0,53.00,68.80,15.80,0.79,63.44,MIXED_POSITIVE,LOW_MEDIUM,LEANS_PLAYABLE,YES,YES,YES,YES
34,Jeff McNeil,Athletics,San Francisco Giants @ Athletics,Tyler Mahle,1040,56.60,69.60,67.50,52.80,50.00,2,0,50.00,69.60,19.60,0.98,62.67,MIXED_POSITIVE,LOW_MEDIUM,LEANS_PLAYABLE,YES,YES,YES,YES
35,Kyle Schwarber,Philadelphia Phillies,Philadelphia Phillies @ Pittsburgh Pirates,Braxton Ashcraft,360,61.80,68.00,80.00,44.80,57.00,2,1,44.80,80.00,35.20,1.76,62.56,MIXED_POSITIVE,LOW_MEDIUM,LEANS_PLAYABLE,YES,YES,YES,YES
36,Mickey Gasper,Boston Red Sox,Boston Red Sox @ Atlanta Braves,Spencer Strider,790,67.30,74.90,55.20,45.70,49.00,2,0,45.70,74.90,29.20,1.46,62.49,MIXED_POSITIVE,LOW_MEDIUM,LEANS_PLAYABLE,YES,YES,YES,YES
37,Freddie Freeman,Los Angeles Dodgers,Los Angeles Dodgers @ Los Angeles Angels,Jack Kochanowicz,496,53.80,65.40,77.30,50.80,56.00,1,0,50.80,77.30,26.50,1.33,62.25,MIXED_POSITIVE,LOW,THIN,YES,YES,YES,YES
38,Colson Montgomery,Chicago White Sox,Chicago Cubs @ Chicago White Sox,Edward Cabrera,393,56.00,60.10,74.80,51.70,61.00,1,0,51.70,74.80,23.10,1.15,62.01,MIXED_POSITIVE,LOW,THIN,YES,YES,YES,YES
39,Seiya Suzuki,Chicago Cubs,Chicago Cubs @ Chicago White Sox,Sean Burke,457,62.30,61.40,66.60,51.10,58.00,1,0,51.10,66.60,15.50,0.77,61.84,MIXED_POSITIVE,LOW,THIN,YES,YES,YES,YES
40,Pete Crow-Armstrong,Chicago Cubs,Chicago Cubs @ Chicago White Sox,Sean Burke,525,60.30,63.20,66.50,51.10,58.00,1,0,51.10,66.50,15.40,0.77,61.77,MIXED_POSITIVE,LOW,THIN,YES,YES,YES,YES
41,Connor Norby,Miami Marlins,Miami Marlins @ Tampa Bay Rays,Jesse Scholtens,790,61.60,65.80,66.40,48.90,53.00,1,0,48.90,66.40,17.50,0.88,61.55,MIXED_POSITIVE,LOW,THIN,YES,YES,YES,YES
42,Spencer Steer,Cincinnati Reds,Cincinnati Reds @ Cleveland Guardians,Tanner Bibee,600,59.00,65.10,75.10,45.10,52.00,1,0,45.10,75.10,30.00,1.50,61.55,MIXED_POSITIVE,LOW,THIN,YES,YES,YES,YES
43,Mickey Moniak,Colorado Rockies,Arizona Diamondbacks @ Colorado Rockies,Merrill Kelly,308,50.00,64.90,73.70,55.20,59.00,1,0,50.00,73.70,23.70,1.19,61.44,MIXED_POSITIVE,LOW,THIN,YES,YES,YES,YES
44,Dansby Swanson,Chicago Cubs,Chicago Cubs @ Chicago White Sox,Sean Burke,680,60.10,62.30,68.60,51.10,55.00,1,0,51.10,68.60,17.50,0.87,61.36,MIXED_POSITIVE,LOW,THIN,YES,YES,YES,YES
45,Will Benson,Cincinnati Reds,Cincinnati Reds @ Cleveland Guardians,Tanner Bibee,487,58.20,62.90,74.70,45.10,52.00,1,0,45.10,74.70,29.60,1.48,60.73,MIXED_POSITIVE,LOW,THIN,YES,YES,YES,YES
46,Josh Jung,Texas Rangers,Texas Rangers @ Houston Astros,Spencer Arrighetti,730,56.70,62.60,69.50,53.00,53.00,1,0,53.00,69.50,16.50,0.83,60.69,MIXED_POSITIVE,LOW,THIN,YES,YES,YES,YES
47,Liam Hicks,Miami Marlins,Miami Marlins @ Tampa Bay Rays,Jesse Scholtens,850,57.80,67.50,64.50,48.90,53.00,1,0,48.90,67.50,18.60,0.93,60.53,MIXED_POSITIVE,LOW,THIN,YES,YES,YES,YES
48,Brandon Lowe,Pittsburgh Pirates,Philadelphia Phillies @ Pittsburgh Pirates,Aaron Nola,440,56.80,65.50,69.90,45.30,54.00,1,0,45.30,69.90,24.60,1.23,60.53,MIXED_POSITIVE,LOW,THIN,YES,YES,YES,YES
49,Evan Carter,Texas Rangers,Texas Rangers @ Houston Astros,Spencer Arrighetti,790,54.20,64.50,68.90,53.00,53.00,1,0,53.00,68.90,15.90,0.80,60.44,MIXED_POSITIVE,LOW,THIN,YES,YES,YES,YES
50,Jarren Duran,Boston Red Sox,Boston Red Sox @ Atlanta Braves,Spencer Strider,700,59.80,65.70,69.30,45.70,49.00,1,0,45.70,69.30,23.60,1.18,60.43,MIXED_POSITIVE,LOW,THIN,YES,YES,YES,YES
51,Will Smith,Los Angeles Dodgers,Los Angeles Dodgers @ Los Angeles Angels,Jack Kochanowicz,495,54.30,60.80,72.80,50.80,56.00,1,0,50.80,72.80,22.00,1.10,60.42,MIXED_POSITIVE,LOW,THIN,YES,YES,YES,YES
52,Miguel Vargas,Chicago White Sox,Chicago Cubs @ Chicago White Sox,Edward Cabrera,575,54.60,59.70,70.40,51.70,58.00,1,0,51.70,70.40,18.70,0.94,60.26,MIXED_POSITIVE,LOW,THIN,YES,YES,YES,YES
53,Kazuma Okamoto,Toronto Blue Jays,Toronto Blue Jays @ Detroit Tigers,Ty Madden,404,65.50,65.70,78.70,43.30,52.00,1,1,43.30,78.70,35.40,1.77,60.20,MIXED_POSITIVE,LOW,THIN,YES,YES,YES,YES
54,Michael Busch,Chicago Cubs,Chicago Cubs @ Chicago White Sox,Sean Burke,524,61.10,61.70,65.60,51.10,58.00,0,0,51.10,65.60,14.50,0.72,60.03,MIXED_POSITIVE,LOW,THIN,YES,YES,YES,YES
55,Carter Jensen,Kansas City Royals,Kansas City Royals @ St. Louis Cardinals,Dustin May,600,53.20,61.50,67.10,51.00,58.00,1,0,51.00,67.10,16.10,0.80,59.66,MIXED,LOW,THIN,YES,YES,YES,YES
56,Andy Pages,Los Angeles Dodgers,Los Angeles Dodgers @ Los Angeles Angels,Jack Kochanowicz,610,53.00,59.60,74.40,50.80,53.00,1,0,50.80,74.40,23.60,1.18,59.57,MIXED,LOW,THIN,YES,YES,YES,YES
57,Matt Olson,Atlanta Braves,Boston Red Sox @ Atlanta Braves,Connelly Early,483,53.70,60.90,76.70,45.70,52.00,1,0,45.70,76.70,31.00,1.55,59.55,MIXED,LOW,THIN,YES,YES,YES,YES
58,Alec Burleson,St. Louis Cardinals,Kansas City Royals @ St. Louis Cardinals,Michael Wacha,550,53.00,59.20,69.30,51.70,58.00,1,0,51.70,69.30,17.60,0.88,59.54,MIXED,LOW,THIN,YES,YES,YES,YES
59,Daylen Lile,Washington Nationals,Baltimore Orioles @ Washington Nationals,Shane Baz,725,54.10,67.30,63.20,50.50,53.00,1,0,50.50,67.30,16.80,0.84,59.51,MIXED,LOW,THIN,YES,YES,YES,YES
60,Tyler Stephenson,Cincinnati Reds,Cincinnati Reds @ Cleveland Guardians,Tanner Bibee,675,57.50,61.40,73.40,45.10,49.00,1,0,45.10,73.40,28.30,1.42,59.43,MIXED,LOW,THIN,YES,YES,YES,YES
61,Nolan Gorman,St. Louis Cardinals,Kansas City Royals @ St. Louis Cardinals,Michael Wacha,450,51.50,58.50,71.60,51.70,58.00,1,0,51.50,71.60,20.10,1.00,59.39,MIXED,LOW,THIN,YES,YES,YES,YES
62,Julio Rodríguez,Seattle Mariners,San Diego Padres @ Seattle Mariners,Randy Vásquez,520,61.20,62.00,63.90,49.70,56.00,0,0,49.70,63.90,14.20,0.71,59.28,MIXED,LOW,THIN,YES,YES,YES,YES
63,Marcelo Mayer,Boston Red Sox,Boston Red Sox @ Atlanta Braves,Spencer Strider,820,57.50,63.80,68.00,45.70,49.00,1,0,45.70,68.00,22.30,1.11,59.15,MIXED,LOW,THIN,YES,YES,YES,YES
64,Ezequiel Duran,Texas Rangers,Texas Rangers @ Houston Astros,Spencer Arrighetti,760,52.40,62.20,66.40,53.00,53.00,1,0,52.40,66.40,14.00,0.70,58.93,MIXED,LOW,THIN,YES,YES,YES,YES
65,Mark Vientos,New York Mets,New York Yankees @ New York Mets,Cam Schlittler,640,56.10,56.00,72.40,48.20,53.00,1,0,48.20,72.40,24.20,1.21,58.70,MIXED,LOW,THIN,YES,YES,YES,YES
66,Salvador Perez,Kansas City Royals,Kansas City Royals @ St. Louis Cardinals,Dustin May,520,55.40,55.80,66.40,51.00,58.00,1,0,51.00,66.40,15.40,0.77,58.66,MIXED,LOW,THIN,YES,YES,YES,YES
67,Zack Gelof,Athletics,San Francisco Giants @ Athletics,Tyler Mahle,502,57.70,58.70,64.60,52.80,58.00,0,0,52.80,64.60,11.80,0.59,58.51,MIXED,LOW,THIN,YES,YES,YES,YES
68,Andrew Benintendi,Chicago White Sox,Chicago Cubs @ Chicago White Sox,Edward Cabrera,675,52.30,57.10,70.20,51.70,55.00,1,0,51.70,70.20,18.50,0.93,58.49,MIXED,LOW,THIN,YES,YES,YES,YES
69,Josh Naylor,Seattle Mariners,San Diego Padres @ Seattle Mariners,Randy Vásquez,522,58.20,61.50,63.30,49.70,56.00,0,0,49.70,63.30,13.60,0.68,58.29,MIXED,LOW,THIN,YES,YES,YES,YES
70,Teoscar Hernández,Los Angeles Dodgers,Los Angeles Dodgers @ Los Angeles Angels,Jack Kochanowicz,630,52.50,58.00,69.40,50.80,53.00,1,0,50.80,69.40,18.60,0.93,58.15,MIXED,LOW,THIN,YES,YES,YES,YES
71,Casey Schmitt,San Francisco Giants,San Francisco Giants @ Athletics,Aaron Civale,425,46.60,57.20,74.50,52.00,58.00,1,0,46.60,74.50,27.90,1.40,58.15,MIXED,LOW,THIN,YES,YES,YES,YES
72,Carson Kelly,Chicago Cubs,Chicago Cubs @ Chicago White Sox,Sean Burke,710,58.50,61.10,60.80,51.10,55.00,0,0,51.10,61.10,10.00,0.50,57.84,MIXED,LOW,THIN,YES,YES,YES,YES
73,Heliot Ramos,San Francisco Giants,San Francisco Giants @ Athletics,Aaron Civale,447,45.80,56.10,75.20,52.00,58.00,1,0,45.80,75.20,29.40,1.47,57.76,MIXED,LOW,THIN,YES,YES,YES,YES
74,Alex Bregman,Chicago Cubs,Chicago Cubs @ Chicago White Sox,Sean Burke,520,58.30,58.40,61.30,51.10,58.00,0,0,51.10,61.30,10.20,0.51,57.73,MIXED,LOW,THIN,YES,YES,YES,YES
75,Kyle Tucker,Los Angeles Dodgers,Los Angeles Dodgers @ Los Angeles Angels,Jack Kochanowicz,540,49.10,58.20,69.10,50.80,56.00,1,0,49.10,69.10,20.00,1.00,57.72,MIXED,LOW,THIN,YES,YES,YES,YES
76,Fernando Tatis Jr.,San Diego Padres,San Diego Padres @ Seattle Mariners,Emerson Hancock,504,49.30,54.90,73.70,49.00,56.00,1,0,49.00,73.70,24.70,1.24,57.59,MIXED,LOW,THIN,YES,YES,YES,YES
77,Xavier Edwards,Miami Marlins,Miami Marlins @ Tampa Bay Rays,Jesse Scholtens,1250,56.90,65.00,63.70,48.90,48.00,0,0,48.00,65.00,17.00,0.85,57.33,MIXED,LOW,THIN,YES,YES,YES,YES
78,Junior Caminero,Tampa Bay Rays,Miami Marlins @ Tampa Bay Rays,Janson Junk,367,50.20,52.60,71.70,48.40,59.00,1,0,48.40,71.70,23.30,1.17,57.30,MIXED,LOW,THIN,YES,YES,YES,YES
79,Vinnie Pasquantino,Kansas City Royals,Kansas City Royals @ St. Louis Cardinals,Dustin May,481,52.40,59.00,64.70,51.00,58.00,0,0,51.00,64.70,13.70,0.69,57.01,MIXED,LOW,THIN,YES,YES,YES,YES
80,Randy Arozarena,Seattle Mariners,San Diego Padres @ Seattle Mariners,Randy Vásquez,650,57.50,59.20,62.20,49.70,53.00,0,0,49.70,62.20,12.50,0.63,56.84,MIXED,LOW,THIN,YES,YES,YES,YES
81,Jakob Marsee,Miami Marlins,Miami Marlins @ Tampa Bay Rays,Jesse Scholtens,880,56.00,64.20,63.00,48.90,48.00,0,0,48.00,64.20,16.20,0.81,56.78,MIXED,LOW,THIN,YES,YES,YES,YES
82,Joe Mack,Miami Marlins,Miami Marlins @ Tampa Bay Rays,Jesse Scholtens,760,55.60,62.80,60.00,48.90,53.00,0,0,48.90,62.80,13.90,0.69,56.61,MIXED,LOW,THIN,YES,YES,YES,YES
83,Drake Baldwin,Atlanta Braves,Boston Red Sox @ Atlanta Braves,Connelly Early,600,49.00,57.00,71.90,45.70,52.00,1,0,45.70,71.90,26.20,1.31,56.54,MIXED,LOW,THIN,YES,YES,YES,YES
84,Nolan Arenado,Arizona Diamondbacks,Arizona Diamondbacks @ Colorado Rockies,Kyle Freeland,410,52.20,57.90,62.10,55.20,56.00,0,0,52.20,62.10,9.90,0.49,56.35,MIXED,LOW,THIN,YES,YES,YES,YES
85,Danny Jansen,Texas Rangers,Texas Rangers @ Houston Astros,Spencer Arrighetti,569,53.50,57.50,61.20,53.00,56.00,0,0,53.00,61.20,8.20,0.41,56.24,MIXED,LOW,THIN,YES,YES,YES,YES
86,Austin Riley,Atlanta Braves,Boston Red Sox @ Atlanta Braves,Connelly Early,510,47.00,55.00,75.80,45.70,52.00,1,0,45.70,75.80,30.10,1.50,56.24,MIXED,LOW,THIN,YES,YES,YES,YES
87,Cole Young,Seattle Mariners,San Diego Padres @ Seattle Mariners,Randy Vásquez,1350,54.70,62.70,61.20,49.70,48.00,0,0,48.00,62.70,14.70,0.74,55.82,MIXED,LOW,THIN,YES,YES,YES,YES
88,Keibert Ruiz,Washington Nationals,Baltimore Orioles @ Washington Nationals,Shane Baz,1020,52.20,64.30,62.10,50.50,48.00,0,0,48.00,64.30,16.30,0.81,55.80,MIXED,LOW,THIN,YES,YES,YES,YES
89,Ramón Laureano,San Diego Padres,San Diego Padres @ Seattle Mariners,Emerson Hancock,780,46.90,52.20,74.20,49.00,53.00,1,0,46.90,74.20,27.30,1.37,55.79,MIXED,LOW,THIN,YES,YES,YES,YES
90,Bryce Harper,Philadelphia Phillies,Philadelphia Phillies @ Pittsburgh Pirates,Braxton Ashcraft,575,55.80,60.50,70.40,44.80,54.00,1,1,44.80,70.40,25.60,1.28,55.55,MIXED,LOW,THIN,YES,YES,YES,YES
91,Caleb Durbin,Boston Red Sox,Boston Red Sox @ Atlanta Braves,Spencer Strider,1220,60.20,67.30,64.30,45.70,44.00,1,1,44.00,67.30,23.30,1.16,55.45,MIXED,LOW,THIN,YES,YES,YES,YES
92,Yordan Alvarez,Houston Astros,Texas Rangers @ Houston Astros,Jack Leiter,260,52.80,56.50,56.40,53.70,59.00,0,0,52.80,59.00,6.20,0.31,55.39,MIXED,LOW,THIN,YES,YES,YES,YES
93,Riley Greene,Detroit Tigers,Toronto Blue Jays @ Detroit Tigers,Trey Yesavage,610,55.10,61.80,74.60,43.30,49.00,1,1,43.30,74.60,31.30,1.56,55.38,MIXED,LOW,THIN,YES,YES,YES,YES
94,Ceddanne Rafaela,Boston Red Sox,Boston Red Sox @ Atlanta Braves,Spencer Strider,850,54.90,60.70,62.20,45.70,49.00,0,0,45.70,62.20,16.50,0.83,55.28,MIXED,LOW,THIN,YES,YES,YES,YES
95,Ivan Herrera,St. Louis Cardinals,Kansas City Royals @ St. Louis Cardinals,Michael Wacha,730,48.00,52.30,66.00,51.70,55.00,1,0,48.00,66.00,18.00,0.90,55.28,MIXED,LOW,THIN,YES,YES,YES,YES
96,Jackson Merrill,San Diego Padres,San Diego Padres @ Seattle Mariners,Emerson Hancock,595,45.00,51.90,71.90,49.00,56.00,1,0,45.00,71.90,26.90,1.35,55.24,MIXED,LOW,THIN,YES,YES,YES,YES
97,Michael Harris II,Atlanta Braves,Boston Red Sox @ Atlanta Braves,Connelly Early,880,51.70,63.20,79.10,45.70,44.00,1,1,44.00,79.10,35.10,1.75,55.11,MIXED,LOW,THIN,YES,YES,YES,YES
98,Lourdes Gurriel Jr.,Arizona Diamondbacks,Arizona Diamondbacks @ Colorado Rockies,Kyle Freeland,590,50.90,56.00,60.00,55.20,56.00,0,0,50.90,60.00,9.10,0.46,55.11,MIXED,LOW,THIN,YES,YES,YES,YES
99,Isaac Collins,Kansas City Royals,Kansas City Royals @ St. Louis Cardinals,Dustin May,990,51.20,58.20,64.50,51.00,50.00,0,0,50.00,64.50,14.50,0.73,55.06,MIXED,LOW,THIN,YES,YES,YES,YES
100,J.P. Crawford,Seattle Mariners,San Diego Padres @ Seattle Mariners,Randy Vásquez,980,53.70,61.60,59.90,49.70,48.00,0,0,48.00,61.60,13.60,0.68,55.05,MIXED,LOW,THIN,YES,YES,YES,YES
101,Spencer Torkelson,Detroit Tigers,Toronto Blue Jays @ Detroit Tigers,Trey Yesavage,760,55.60,60.20,73.70,43.30,49.00,1,1,43.30,73.70,30.40,1.52,54.94,MIXED,LOW,THIN,YES,YES,YES,YES
102,Brendan Donovan,Seattle Mariners,San Diego Padres @ Seattle Mariners,Randy Vásquez,820,53.50,55.60,61.40,49.70,53.00,0,0,49.70,61.40,11.70,0.58,54.79,MIXED,LOW,THIN,YES,YES,YES,YES
103,Bryan Reynolds,Pittsburgh Pirates,Philadelphia Phillies @ Pittsburgh Pirates,Aaron Nola,725,51.50,58.60,62.70,45.30,51.00,0,0,45.30,62.70,17.40,0.87,54.28,MIXED,LOW,THIN,YES,YES,YES,YES
104,Zach Cole,Houston Astros,Texas Rangers @ Houston Astros,Jack Leiter,420,51.00,56.40,55.20,53.70,56.00,0,0,51.00,56.40,5.40,0.27,54.17,MIXED,LOW,THIN,YES,YES,YES,YES
105,Nathan Church,St. Louis Cardinals,Kansas City Royals @ St. Louis Cardinals,Michael Wacha,790,45.90,55.40,65.80,51.70,55.00,0,0,45.90,65.80,19.90,0.99,53.98,MIXED,LOW,THIN,YES,YES,YES,YES
106,Maikel Garcia,Kansas City Royals,Kansas City Royals @ St. Louis Cardinals,Dustin May,950,50.30,55.60,63.00,51.00,50.00,0,0,50.00,63.00,13.00,0.65,53.92,MIXED,LOW,THIN,YES,YES,YES,YES
107,Trevor Story,Boston Red Sox,Boston Red Sox @ Atlanta Braves,Spencer Strider,760,56.20,57.00,57.50,45.70,49.00,0,0,45.70,57.50,11.80,0.59,53.84,MIXED,LOW,THIN,YES,YES,YES,YES
108,Dillon Dingler,Detroit Tigers,Toronto Blue Jays @ Detroit Tigers,Trey Yesavage,700,54.40,59.30,68.80,43.30,49.00,1,1,43.30,68.80,25.50,1.28,53.53,MIXED,LOW,THIN,YES,YES,YES,YES
109,Nasim Nuñez,Washington Nationals,Baltimore Orioles @ Washington Nationals,Shane Baz,1450,50.70,61.60,55.00,50.50,48.00,0,0,48.00,61.60,13.60,0.68,53.26,MIXED,LOW,THIN,YES,YES,YES,YES
110,Ryan O'Hearn,Pittsburgh Pirates,Philadelphia Phillies @ Pittsburgh Pirates,Aaron Nola,790,50.50,56.90,59.90,45.30,51.00,0,0,45.30,59.90,14.60,0.73,53.10,MIXED,LOW,THIN,YES,YES,YES,YES
111,Marcell Ozuna,Pittsburgh Pirates,Philadelphia Phillies @ Pittsburgh Pirates,Aaron Nola,880,52.20,55.50,63.00,45.30,46.00,0,0,45.30,63.00,17.70,0.89,52.88,MIXED,LOW,THIN,YES,YES,YES,YES
112,Darell Hernaiz,Athletics,San Francisco Giants @ Athletics,Tyler Mahle,1180,50.10,55.50,55.20,52.80,50.00,0,0,50.00,55.50,5.50,0.28,52.60,MIXED,LOW,THIN,YES,YES,YES,YES
113,Jacob Young,Washington Nationals,Baltimore Orioles @ Washington Nationals,Shane Baz,1450,48.40,58.90,56.50,50.50,48.00,0,0,48.00,58.90,10.90,0.54,52.48,MIXED,LOW,THIN,YES,YES,YES,YES
114,Geraldo Perdomo,Arizona Diamondbacks,Arizona Diamondbacks @ Colorado Rockies,Kyle Freeland,700,48.60,52.90,56.20,55.20,53.00,0,0,48.60,56.20,7.60,0.38,52.45,MIXED,LOW,THIN,YES,YES,YES,YES
115,Mookie Betts,Los Angeles Dodgers,Los Angeles Dodgers @ Los Angeles Angels,Jack Kochanowicz,630,49.70,51.50,57.50,50.80,53.00,0,0,49.70,57.50,7.80,0.39,52.23,MIXED,LOW,THIN,YES,YES,YES,YES
116,Carlos Narváez,Boston Red Sox,Boston Red Sox @ Atlanta Braves,Spencer Strider,875,58.10,62.00,61.60,45.70,44.00,0,1,44.00,62.00,18.00,0.90,51.84,WEAK,LOW,THIN,YES,YES,YES,YES
117,Masataka Yoshida,Boston Red Sox,Boston Red Sox @ Atlanta Braves,Spencer Strider,1040,56.70,64.10,61.20,45.70,44.00,0,1,44.00,64.10,20.10,1.00,51.82,WEAK,LOW,THIN,YES,YES,YES,YES
118,Marcus Semien,New York Mets,New York Yankees @ New York Mets,Cam Schlittler,825,49.80,47.60,60.70,48.20,53.00,0,0,47.60,60.70,13.10,0.66,51.49,WEAK,LOW,THIN,YES,YES,YES,YES
119,Alejandro Osuna,Texas Rangers,Texas Rangers @ Houston Astros,Spencer Arrighetti,1000,49.00,60.40,48.40,53.00,48.00,0,0,48.00,60.40,12.40,0.62,51.32,WEAK,LOW,THIN,YES,YES,YES,YES
120,Luis Torrens,New York Mets,New York Yankees @ New York Mets,Cam Schlittler,1320,51.30,50.80,57.40,48.20,48.00,0,0,48.00,57.40,9.40,0.47,51.24,WEAK,LOW,THIN,YES,YES,YES,YES
121,Nico Hoerner,Chicago Cubs,Chicago Cubs @ Chicago White Sox,Sean Burke,1120,48.60,51.20,56.60,51.10,50.00,0,0,48.60,56.60,8.00,0.40,51.18,WEAK,LOW,THIN,YES,YES,YES,YES
122,Rafael Devers,San Francisco Giants,San Francisco Giants @ Athletics,Aaron Civale,300,42.30,50.90,68.00,52.00,61.00,1,1,42.30,68.00,25.70,1.29,51.13,WEAK,LOW,THIN,YES,YES,YES,YES
123,Gunnar Henderson,Baltimore Orioles,Baltimore Orioles @ Washington Nationals,Zack Littell,361,50.00,50.00,50.00,50.00,59.00,0,0,50.00,59.00,9.00,0.45,51.08,WEAK,LOW,THIN,NO,NO,NO,NO
124,Pete Alonso,Baltimore Orioles,Baltimore Orioles @ Washington Nationals,Zack Littell,353,50.00,50.00,50.00,50.00,59.00,0,0,50.00,59.00,9.00,0.45,51.08,WEAK,LOW,THIN,NO,NO,NO,NO
125,Aaron Judge,New York Yankees,New York Yankees @ New York Mets,Clay Holmes,320,50.00,50.00,50.00,50.00,59.00,0,0,50.00,59.00,9.00,0.45,51.08,WEAK,LOW,THIN,NO,NO,NO,NO
126,Shohei Ohtani,Los Angeles Dodgers,Los Angeles Dodgers @ Los Angeles Angels,Jack Kochanowicz,263,50.00,50.00,50.00,50.00,59.00,0,0,50.00,59.00,9.00,0.45,51.08,WEAK,LOW,THIN,NO,NO,NO,NO
127,Henry Davis,Pittsburgh Pirates,Philadelphia Phillies @ Pittsburgh Pirates,Aaron Nola,900,50.30,53.10,58.90,45.30,46.00,0,0,45.30,58.90,13.60,0.68,51.07,WEAK,LOW,THIN,YES,YES,YES,YES
128,Lawrence Butler,Athletics,San Francisco Giants @ Athletics,Tyler Mahle,550,50.00,50.00,50.00,50.00,58.00,0,0,50.00,58.00,8.00,0.40,50.96,WEAK,LOW,THIN,NO,NO,NO,NO
129,Vladimir Guerrero Jr.,Toronto Blue Jays,Toronto Blue Jays @ Detroit Tigers,Ty Madden,610,56.40,54.80,65.10,43.30,49.00,0,1,43.30,65.10,21.80,1.09,50.84,WEAK,LOW,THIN,YES,YES,YES,YES
130,Willi Castro,Colorado Rockies,Arizona Diamondbacks @ Colorado Rockies,Merrill Kelly,625,40.80,56.80,66.30,55.20,53.00,1,1,40.80,66.30,25.50,1.28,50.80,WEAK,LOW,THIN,YES,YES,YES,YES
131,Edouard Julien,Colorado Rockies,Arizona Diamondbacks @ Colorado Rockies,Merrill Kelly,512,44.40,59.30,61.70,55.20,56.00,0,1,44.40,61.70,17.30,0.87,50.79,WEAK,LOW,THIN,YES,YES,YES,YES
132,Jeremiah Jackson,Baltimore Orioles,Baltimore Orioles @ Washington Nationals,Zack Littell,578,50.00,50.00,50.00,50.00,56.00,0,0,50.00,56.00,6.00,0.30,50.72,WEAK,LOW,THIN,NO,NO,NO,NO
133,Taylor Ward,Baltimore Orioles,Baltimore Orioles @ Washington Nationals,Zack Littell,553,50.00,50.00,50.00,50.00,56.00,0,0,50.00,56.00,6.00,0.30,50.72,WEAK,LOW,THIN,NO,NO,NO,NO
134,Jorge Soler,Los Angeles Angels,Los Angeles Dodgers @ Los Angeles Angels,Blake Snell,525,50.00,50.00,50.00,50.00,56.00,0,0,50.00,56.00,6.00,0.30,50.72,WEAK,LOW,THIN,NO,NO,NO,NO
135,Coby Mayo,Baltimore Orioles,Baltimore Orioles @ Washington Nationals,Zack Littell,520,50.00,50.00,50.00,50.00,56.00,0,0,50.00,56.00,6.00,0.30,50.72,WEAK,LOW,THIN,NO,NO,NO,NO
136,Mike Trout,Los Angeles Angels,Los Angeles Dodgers @ Los Angeles Angels,Blake Snell,507,50.00,50.00,50.00,50.00,56.00,0,0,50.00,56.00,6.00,0.30,50.72,WEAK,LOW,THIN,NO,NO,NO,NO
137,Jo Adell,Los Angeles Angels,Los Angeles Dodgers @ Los Angeles Angels,Blake Snell,493,50.00,50.00,50.00,50.00,56.00,0,0,50.00,56.00,6.00,0.30,50.72,WEAK,LOW,THIN,NO,NO,NO,NO
138,Ben Rice,New York Yankees,New York Yankees @ New York Mets,Clay Holmes,490,50.00,50.00,50.00,50.00,56.00,0,0,50.00,56.00,6.00,0.30,50.72,WEAK,LOW,THIN,NO,NO,NO,NO
139,Samuel Basallo,Baltimore Orioles,Baltimore Orioles @ Washington Nationals,Zack Littell,475,50.00,50.00,50.00,50.00,56.00,0,0,50.00,56.00,6.00,0.30,50.72,WEAK,LOW,THIN,NO,NO,NO,NO
140,Tyler O'Neill,Baltimore Orioles,Baltimore Orioles @ Washington Nationals,Zack Littell,412,50.00,50.00,50.00,50.00,56.00,0,0,50.00,56.00,6.00,0.30,50.72,WEAK,LOW,THIN,NO,NO,NO,NO
141,Gavin Sheets,San Diego Padres,San Diego Padres @ Seattle Mariners,Emerson Hancock,730,44.60,50.90,70.70,49.00,53.00,1,1,44.60,70.70,26.10,1.31,50.64,WEAK,LOW,THIN,YES,YES,YES,YES
142,Michael Massey,Kansas City Royals,Kansas City Royals @ St. Louis Cardinals,Dustin May,725,50.00,50.00,50.00,50.00,55.00,0,0,50.00,55.00,5.00,0.25,50.60,WEAK,LOW,THIN,NO,NO,NO,NO
143,Carlos Cortes,Athletics,San Francisco Giants @ Athletics,Tyler Mahle,725,50.00,50.00,50.00,50.00,55.00,0,0,50.00,55.00,5.00,0.25,50.60,WEAK,LOW,THIN,NO,NO,NO,NO
144,Jac Caglianone,Kansas City Royals,Kansas City Royals @ St. Louis Cardinals,Dustin May,650,50.00,50.00,50.00,50.00,55.00,0,0,50.00,55.00,5.00,0.25,50.60,WEAK,LOW,THIN,NO,NO,NO,NO
145,Brett Baty,New York Mets,New York Yankees @ New York Mets,Cam Schlittler,1040,48.30,49.90,58.70,48.20,48.00,0,0,48.00,58.70,10.70,0.54,50.50,WEAK,LOW,THIN,YES,YES,YES,YES
146,Christian Walker,Houston Astros,Texas Rangers @ Houston Astros,Jack Leiter,490,48.10,48.10,51.50,53.70,56.00,0,0,48.10,56.00,7.90,0.39,50.39,WEAK,LOW,THIN,YES,YES,YES,YES
147,José Tena,Washington Nationals,Baltimore Orioles @ Washington Nationals,Shane Baz,850,50.00,50.00,50.00,50.00,53.00,0,0,50.00,53.00,3.00,0.15,50.36,WEAK,LOW,THIN,NO,NO,NO,NO
148,Leody Taveras,Baltimore Orioles,Baltimore Orioles @ Washington Nationals,Zack Littell,820,50.00,50.00,50.00,50.00,53.00,0,0,50.00,53.00,3.00,0.15,50.36,WEAK,LOW,THIN,NO,NO,NO,NO
149,Oswald Peraza,Los Angeles Angels,Los Angeles Dodgers @ Los Angeles Angels,Blake Snell,820,50.00,50.00,50.00,50.00,53.00,0,0,50.00,53.00,3.00,0.15,50.36,WEAK,LOW,THIN,NO,NO,NO,NO
150,MJ Melendez,New York Mets,New York Yankees @ New York Mets,Cam Schlittler,790,50.00,50.00,50.00,50.00,53.00,0,0,50.00,53.00,3.00,0.15,50.36,WEAK,LOW,THIN,NO,NO,NO,NO
151,Nick Castellanos,San Diego Padres,San Diego Padres @ Seattle Mariners,Emerson Hancock,740,50.00,50.00,50.00,50.00,53.00,0,0,50.00,53.00,3.00,0.15,50.36,WEAK,LOW,THIN,NO,NO,NO,NO
152,Luis García Jr.,Washington Nationals,Baltimore Orioles @ Washington Nationals,Shane Baz,730,50.00,50.00,50.00,50.00,53.00,0,0,50.00,53.00,3.00,0.15,50.36,WEAK,LOW,THIN,NO,NO,NO,NO
153,Ryan McMahon,New York Yankees,New York Yankees @ New York Mets,Clay Holmes,730,50.00,50.00,50.00,50.00,53.00,0,0,50.00,53.00,3.00,0.15,50.36,WEAK,LOW,THIN,NO,NO,NO,NO
154,Jose Fernandez,Arizona Diamondbacks,Arizona Diamondbacks @ Colorado Rockies,Kyle Freeland,725,50.00,50.00,50.00,50.00,53.00,0,0,50.00,53.00,3.00,0.15,50.36,WEAK,LOW,THIN,NO,NO,NO,NO
155,Spencer Jones,New York Yankees,New York Yankees @ New York Mets,Clay Holmes,710,50.00,50.00,50.00,50.00,53.00,0,0,50.00,53.00,3.00,0.15,50.36,WEAK,LOW,THIN,NO,NO,NO,NO
156,Cody Bellinger,New York Yankees,New York Yankees @ New York Mets,Clay Holmes,680,50.00,50.00,50.00,50.00,53.00,0,0,50.00,53.00,3.00,0.15,50.36,WEAK,LOW,THIN,NO,NO,NO,NO
157,Zach Neto,Los Angeles Angels,Los Angeles Dodgers @ Los Angeles Angels,Blake Snell,680,50.00,50.00,50.00,50.00,53.00,0,0,50.00,53.00,3.00,0.15,50.36,WEAK,LOW,THIN,NO,NO,NO,NO
158,Trent Grisham,New York Yankees,New York Yankees @ New York Mets,Clay Holmes,680,50.00,50.00,50.00,50.00,53.00,0,0,50.00,53.00,3.00,0.15,50.36,WEAK,LOW,THIN,NO,NO,NO,NO
159,Kyle Higashioka,Texas Rangers,Texas Rangers @ Houston Astros,Spencer Arrighetti,630,50.00,50.00,50.00,50.00,53.00,0,0,50.00,53.00,3.00,0.15,50.36,WEAK,LOW,THIN,NO,NO,NO,NO
160,Jazz Chisholm Jr.,New York Yankees,New York Yankees @ New York Mets,Clay Holmes,630,50.00,50.00,50.00,50.00,53.00,0,0,50.00,53.00,3.00,0.15,50.36,WEAK,LOW,THIN,NO,NO,NO,NO
161,Adley Rutschman,Baltimore Orioles,Baltimore Orioles @ Washington Nationals,Zack Littell,620,50.00,50.00,50.00,50.00,53.00,0,0,50.00,53.00,3.00,0.15,50.36,WEAK,LOW,THIN,NO,NO,NO,NO
162,Bo Bichette,New York Mets,New York Yankees @ New York Mets,Cam Schlittler,880,49.40,47.20,59.70,48.20,48.00,0,0,47.20,59.70,12.50,0.63,50.24,WEAK,LOW,THIN,YES,YES,YES,YES
163,José Ramírez,Cleveland Guardians,Cincinnati Reds @ Cleveland Guardians,Andrew Abbott,425,50.00,50.00,50.00,50.00,52.00,0,0,50.00,52.00,2.00,0.10,50.24,WEAK,LOW,THIN,NO,NO,NO,NO
164,Tristan Peters,Chicago White Sox,Chicago Cubs @ Chicago White Sox,Edward Cabrera,1200,50.00,50.00,50.00,50.00,50.00,0,0,50.00,50.00,0.00,0.00,50.00,WEAK,LOW,THIN,NO,NO,NO,NO
165,Kyle Isbel,Kansas City Royals,Kansas City Royals @ St. Louis Cardinals,Dustin May,1120,50.00,50.00,50.00,50.00,50.00,0,0,50.00,50.00,0.00,0.00,50.00,WEAK,LOW,THIN,NO,NO,NO,NO
166,George Springer,Toronto Blue Jays,Toronto Blue Jays @ Detroit Tigers,Ty Madden,520,55.90,51.60,62.20,43.30,52.00,0,1,43.30,62.20,18.90,0.95,49.91,WEAK,LOW,THIN,YES,YES,YES,YES
167,Daulton Varsho,Toronto Blue Jays,Toronto Blue Jays @ Detroit Tigers,Ty Madden,586,53.30,51.50,65.60,43.30,52.00,0,1,43.30,65.60,22.30,1.11,49.84,WEAK,LOW,THIN,YES,YES,YES,YES
168,Daniel Schneemann,Cleveland Guardians,Cincinnati Reds @ Cleveland Guardians,Andrew Abbott,820,50.00,50.00,50.00,50.00,49.00,0,0,49.00,50.00,1.00,0.05,49.78,WEAK,LOW,THIN,NO,NO,NO,NO
169,Chase DeLauter,Cleveland Guardians,Cincinnati Reds @ Cleveland Guardians,Andrew Abbott,640,50.00,50.00,50.00,50.00,49.00,0,0,49.00,50.00,1.00,0.05,49.78,WEAK,LOW,THIN,NO,NO,NO,NO
170,Angel Martínez,Cleveland Guardians,Cincinnati Reds @ Cleveland Guardians,Andrew Abbott,630,50.00,50.00,50.00,50.00,49.00,0,0,49.00,50.00,1.00,0.05,49.78,WEAK,LOW,THIN,NO,NO,NO,NO
171,Nick Gonzales,Pittsburgh Pirates,Philadelphia Phillies @ Pittsburgh Pirates,Aaron Nola,1260,46.60,52.10,58.10,45.30,46.00,0,0,45.30,58.10,12.80,0.64,49.75,WEAK,LOW,THIN,YES,YES,YES,YES
172,Adolis García,Philadelphia Phillies,Philadelphia Phillies @ Pittsburgh Pirates,Braxton Ashcraft,790,51.90,52.20,64.80,44.80,51.00,0,1,44.80,64.80,20.00,1.00,49.58,WEAK,LOW,THIN,YES,YES,YES,YES
173,Hunter Feduccia,Tampa Bay Rays,Miami Marlins @ Tampa Bay Rays,Janson Junk,1500,50.00,50.00,50.00,50.00,48.00,0,0,48.00,50.00,2.00,0.10,49.56,WEAK,LOW,THIN,NO,NO,NO,NO
174,Nolan Schanuel,Los Angeles Angels,Los Angeles Dodgers @ Los Angeles Angels,Blake Snell,1260,50.00,50.00,50.00,50.00,48.00,0,0,48.00,50.00,2.00,0.10,49.56,WEAK,LOW,THIN,NO,NO,NO,NO
175,Bryce Teodosio,Los Angeles Angels,Los Angeles Dodgers @ Los Angeles Angels,Blake Snell,1200,50.00,50.00,50.00,50.00,48.00,0,0,48.00,50.00,2.00,0.10,49.56,WEAK,LOW,THIN,NO,NO,NO,NO
176,Hyeseong Kim,Los Angeles Dodgers,Los Angeles Dodgers @ Los Angeles Angels,Jack Kochanowicz,1200,50.00,50.00,50.00,50.00,48.00,0,0,48.00,50.00,2.00,0.10,49.56,WEAK,LOW,THIN,NO,NO,NO,NO
177,Vaughn Grissom,Los Angeles Angels,Los Angeles Dodgers @ Los Angeles Angels,Blake Snell,940,50.00,50.00,50.00,50.00,48.00,0,0,48.00,50.00,2.00,0.10,49.56,WEAK,LOW,THIN,NO,NO,NO,NO
178,Austin Wells,New York Yankees,New York Yankees @ New York Mets,Clay Holmes,920,50.00,50.00,50.00,50.00,48.00,0,0,48.00,50.00,2.00,0.10,49.56,WEAK,LOW,THIN,NO,NO,NO,NO
179,Richie Palacios,Tampa Bay Rays,Miami Marlins @ Tampa Bay Rays,Janson Junk,920,50.00,50.00,50.00,50.00,48.00,0,0,48.00,50.00,2.00,0.10,49.56,WEAK,LOW,THIN,NO,NO,NO,NO
180,Anthony Volpe,New York Yankees,New York Yankees @ New York Mets,Clay Holmes,920,50.00,50.00,50.00,50.00,48.00,0,0,48.00,50.00,2.00,0.10,49.56,WEAK,LOW,THIN,NO,NO,NO,NO
181,Blaze Alexander,Baltimore Orioles,Baltimore Orioles @ Washington Nationals,Zack Littell,880,50.00,50.00,50.00,50.00,48.00,0,0,48.00,50.00,2.00,0.10,49.56,WEAK,LOW,THIN,NO,NO,NO,NO
182,Jesús Sánchez,Toronto Blue Jays,Toronto Blue Jays @ Detroit Tigers,Ty Madden,760,53.70,55.00,60.80,43.30,49.00,0,1,43.30,60.80,17.50,0.88,49.44,WEAK,LOW,THIN,YES,YES,YES,YES
183,Rafael Marchán,Philadelphia Phillies,Philadelphia Phillies @ Pittsburgh Pirates,Braxton Ashcraft,1120,50.00,50.00,50.00,50.00,46.00,0,0,46.00,50.00,4.00,0.20,49.12,WEAK,LOW,THIN,NO,NO,NO,NO
184,Spencer Horwitz,Pittsburgh Pirates,Philadelphia Phillies @ Pittsburgh Pirates,Aaron Nola,920,50.00,50.00,50.00,50.00,46.00,0,0,46.00,50.00,4.00,0.20,49.12,WEAK,LOW,THIN,NO,NO,NO,NO
185,Jonathan Aranda,Tampa Bay Rays,Miami Marlins @ Tampa Bay Rays,Janson Junk,575,44.00,50.80,64.00,48.40,56.00,0,1,44.00,64.00,20.00,1.00,48.28,WEAK,LOW,THIN,YES,YES,YES,YES
186,Troy Johnston,Colorado Rockies,Arizona Diamondbacks @ Colorado Rockies,Merrill Kelly,575,38.70,53.80,63.90,55.20,56.00,0,1,38.70,63.90,25.20,1.26,48.10,WEAK,LOW,THIN,YES,YES,YES,YES
187,Pedro Pagés,St. Louis Cardinals,Kansas City Royals @ St. Louis Cardinals,Michael Wacha,840,44.80,48.30,61.20,51.70,55.00,0,1,44.80,61.20,16.40,0.82,47.55,WEAK,LOW,THIN,YES,YES,YES,YES
188,Brandon Marsh,Philadelphia Phillies,Philadelphia Phillies @ Pittsburgh Pirates,Braxton Ashcraft,1000,46.00,54.30,59.90,44.80,46.00,0,1,44.80,59.90,15.10,0.76,46.90,WEAK,LOW,THIN,YES,YES,YES,YES
189,Manny Machado,San Diego Padres,San Diego Padres @ Seattle Mariners,Emerson Hancock,598,42.40,45.60,64.60,49.00,56.00,0,1,42.40,64.60,22.20,1.11,46.67,WEAK,LOW,THIN,YES,YES,YES,YES
190,Harrison Bader,San Francisco Giants,San Francisco Giants @ Athletics,Aaron Civale,675,37.10,50.10,65.20,52.00,55.00,0,1,37.10,65.20,28.10,1.41,46.44,WEAK,LOW,THIN,YES,YES,YES,YES
191,Willy Adames,San Francisco Giants,San Francisco Giants @ Athletics,Aaron Civale,470,39.10,47.90,61.80,52.00,58.00,0,1,39.10,61.80,22.70,1.13,46.39,WEAK,LOW,THIN,YES,YES,YES,YES
192,Matt McLain,Cincinnati Reds,Cincinnati Reds @ Cleveland Guardians,Tanner Bibee,1000,47.50,51.00,61.00,45.10,44.00,0,1,44.00,61.00,17.00,0.85,46.29,WEAK,LOW,THIN,YES,YES,YES,YES
193,Jake McCarthy,Colorado Rockies,Arizona Diamondbacks @ Colorado Rockies,Merrill Kelly,820,36.20,52.20,62.00,55.20,53.00,0,1,36.20,62.00,25.80,1.29,46.10,WEAK,LOW,THIN,YES,YES,YES,YES
194,Ezequiel Tovar,Colorado Rockies,Arizona Diamondbacks @ Colorado Rockies,Merrill Kelly,600,39.40,50.10,55.80,55.20,56.00,0,1,39.40,56.00,16.60,0.83,45.92,WEAK,LOW,THIN,YES,YES,YES,YES
195,Yandy Díaz,Tampa Bay Rays,Miami Marlins @ Tampa Bay Rays,Janson Junk,730,41.10,45.70,61.70,48.40,53.00,0,1,41.10,61.70,20.60,1.03,45.21,WEAK,LOW,THIN,YES,YES,YES,YES
196,Steven Kwan,Cleveland Guardians,Cincinnati Reds @ Cleveland Guardians,Andrew Abbott,1580,50.00,50.00,50.00,50.00,44.00,0,1,44.00,50.00,6.00,0.30,45.18,WEAK,LOW,THIN,NO,NO,NO,NO
197,Brayan Rocchio,Cleveland Guardians,Cincinnati Reds @ Cleveland Guardians,Andrew Abbott,1040,50.00,50.00,50.00,50.00,44.00,0,1,44.00,50.00,6.00,0.30,45.18,WEAK,LOW,THIN,NO,NO,NO,NO
198,Brandon Valenzuela,Toronto Blue Jays,Toronto Blue Jays @ Detroit Tigers,Ty Madden,1000,50.00,50.00,50.00,50.00,44.00,0,1,44.00,50.00,6.00,0.30,45.18,WEAK,LOW,THIN,NO,NO,NO,NO
199,Tyler Freeman,Colorado Rockies,Arizona Diamondbacks @ Colorado Rockies,Merrill Kelly,880,37.60,51.50,58.70,55.20,48.00,0,1,37.60,58.70,21.10,1.06,44.90,WEAK,LOW,THIN,YES,YES,YES,YES
200,Cam Smith,Houston Astros,Texas Rangers @ Houston Astros,Jack Leiter,710,41.80,48.60,47.60,53.70,53.00,0,1,41.80,53.70,11.90,0.60,43.83,FADE,LOW,THIN,YES,YES,YES,YES
201,Ha-Seong Kim,Atlanta Braves,Boston Red Sox @ Atlanta Braves,Connelly Early,900,45.60,47.80,50.00,45.70,44.00,0,1,44.00,50.00,6.00,0.30,43.10,FADE,LOW,THIN,YES,YES,YES,YES
202,Jesus Rodriguez,San Francisco Giants,San Francisco Giants @ Athletics,Aaron Civale,820,35.50,45.30,55.90,52.00,55.00,0,1,35.50,55.90,20.40,1.02,43.09,FADE,LOW,THIN,YES,YES,YES,YES
203,Bryson Stott,Philadelphia Phillies,Philadelphia Phillies @ Pittsburgh Pirates,Braxton Ashcraft,1250,44.50,50.70,60.10,44.80,46.00,0,2,44.50,60.10,15.60,0.78,42.14,FADE,LOW,FADE,YES,YES,YES,YES
204,TJ Friedl,Cincinnati Reds,Cincinnati Reds @ Cleveland Guardians,Tanner Bibee,1140,43.90,50.30,61.00,45.10,44.00,0,2,43.90,61.00,17.10,0.86,41.71,FADE,LOW,FADE,YES,YES,YES,YES
205,Wenceel Pérez,Detroit Tigers,Toronto Blue Jays @ Detroit Tigers,Trey Yesavage,1200,45.10,49.30,61.50,43.30,44.00,0,2,43.30,61.50,18.20,0.91,41.65,FADE,LOW,FADE,YES,YES,YES,YES
206,Xander Bogaerts,San Diego Padres,San Diego Padres @ Seattle Mariners,Emerson Hancock,860,39.60,44.00,64.80,49.00,48.00,0,2,39.60,64.80,25.20,1.26,40.60,FADE,LOW,FADE,YES,YES,YES,YES
207,Trea Turner,Philadelphia Phillies,Philadelphia Phillies @ Pittsburgh Pirates,Braxton Ashcraft,1020,44.90,45.60,56.10,44.80,46.00,0,2,44.80,56.10,11.30,0.57,40.26,FADE,LOW,FADE,YES,YES,YES,YES
208,Chase Meidroth,Chicago White Sox,Chicago Cubs @ Chicago White Sox,Edward Cabrera,1260,41.30,44.40,55.90,51.70,50.00,0,2,41.30,55.90,14.60,0.73,40.22,FADE,LOW,FADE,YES,YES,YES,YES
209,Andrés Giménez,Toronto Blue Jays,Toronto Blue Jays @ Detroit Tigers,Ty Madden,980,45.50,47.10,55.60,43.30,44.00,0,2,43.30,55.60,12.30,0.62,40.13,FADE,LOW,FADE,YES,YES,YES,YES
210,Ozzie Albies,Atlanta Braves,Boston Red Sox @ Atlanta Braves,Connelly Early,590,37.60,42.70,62.70,45.70,52.00,0,2,37.60,62.70,25.10,1.26,39.65,FADE,LOW,FADE,YES,YES,YES,YES
211,Miguel Andujar,San Diego Padres,San Diego Padres @ Seattle Mariners,Emerson Hancock,900,37.00,43.30,63.80,49.00,48.00,0,2,37.00,63.80,26.80,1.34,39.47,FADE,LOW,FADE,YES,YES,YES,YES
212,Victor Scott II,St. Louis Cardinals,Kansas City Royals @ St. Louis Cardinals,Michael Wacha,1500,39.00,44.90,53.20,51.70,50.00,0,2,39.00,53.20,14.20,0.71,39.17,FADE,LOW,FADE,YES,YES,YES,YES
213,Brice Matthews,Houston Astros,Texas Rangers @ Houston Astros,Jack Leiter,557,41.80,42.20,46.70,53.70,56.00,0,2,41.80,56.00,14.20,0.71,38.92,FADE,LOW,FADE,YES,YES,YES,YES
214,Jung Hoo Lee,San Francisco Giants,San Francisco Giants @ Athletics,Aaron Civale,760,31.80,42.90,61.30,52.00,55.00,0,2,31.80,61.30,29.50,1.47,38.85,FADE,LOW,FADE,YES,YES,YES,YES
215,Matt Chapman,San Francisco Giants,San Francisco Giants @ Athletics,Aaron Civale,564,34.60,40.80,56.60,52.00,58.00,0,2,34.60,58.00,23.40,1.17,38.76,FADE,LOW,FADE,YES,YES,YES,YES
216,Jake Fraley,Tampa Bay Rays,Miami Marlins @ Tampa Bay Rays,Janson Junk,970,38.30,44.00,56.20,48.40,48.00,0,2,38.30,56.20,17.90,0.90,38.61,FADE,LOW,FADE,YES,YES,YES,YES
217,Nick Fortes,Tampa Bay Rays,Miami Marlins @ Tampa Bay Rays,Janson Junk,1050,38.30,43.20,56.80,48.40,48.00,0,2,38.30,56.80,18.50,0.93,38.51,FADE,LOW,FADE,YES,YES,YES,YES
218,Masyn Winn,St. Louis Cardinals,Kansas City Royals @ St. Louis Cardinals,Michael Wacha,1120,39.20,43.00,51.50,51.70,50.00,0,2,39.20,51.70,12.50,0.63,38.44,FADE,LOW,FADE,YES,YES,YES,YES
219,Colt Keith,Detroit Tigers,Toronto Blue Jays @ Detroit Tigers,Trey Yesavage,880,44.70,49.50,60.00,43.30,44.00,0,3,43.30,60.00,16.70,0.84,38.32,FADE,LOW,FADE,YES,YES,YES,YES
220,Luis Arraez,San Francisco Giants,San Francisco Giants @ Athletics,Aaron Civale,1050,32.60,44.90,56.00,52.00,50.00,0,2,32.60,56.00,23.40,1.17,37.79,FADE,LOW,FADE,YES,YES,YES,YES
221,Taylor Walls,Tampa Bay Rays,Miami Marlins @ Tampa Bay Rays,Janson Junk,1300,36.40,42.40,56.00,48.40,48.00,0,2,36.40,56.00,19.60,0.98,37.60,FADE,LOW,FADE,YES,YES,YES,YES
222,Ben Williamson,Tampa Bay Rays,Miami Marlins @ Tampa Bay Rays,Janson Junk,1200,36.10,41.30,56.00,48.40,48.00,0,2,36.10,56.00,19.90,0.99,37.24,FADE,LOW,FADE,YES,YES,YES,YES
223,Freddy Fermin,San Diego Padres,San Diego Padres @ Seattle Mariners,Emerson Hancock,1150,36.20,40.80,54.00,49.00,48.00,0,2,36.20,54.00,17.80,0.89,36.84,FADE,LOW,FADE,YES,YES,YES,YES
224,Matt Vierling,Detroit Tigers,Toronto Blue Jays @ Detroit Tigers,Trey Yesavage,1000,42.60,45.70,58.20,43.30,44.00,0,3,42.60,58.20,15.60,0.78,36.49,FADE,LOW,FADE,YES,YES,YES,YES
225,Alec Bohm,Philadelphia Phillies,Philadelphia Phillies @ Pittsburgh Pirates,Braxton Ashcraft,1400,42.30,43.40,59.10,44.80,46.00,0,3,42.30,59.10,16.80,0.84,36.48,FADE,LOW,FADE,YES,YES,YES,YES
226,Ernie Clement,Toronto Blue Jays,Toronto Blue Jays @ Detroit Tigers,Ty Madden,1150,45.10,44.90,55.10,43.30,44.00,0,3,43.30,55.10,11.80,0.59,36.39,FADE,LOW,FADE,YES,YES,YES,YES
227,Chandler Simpson,Tampa Bay Rays,Miami Marlins @ Tampa Bay Rays,Janson Junk,2500,35.90,43.50,48.40,48.40,48.00,0,2,35.90,48.40,12.50,0.63,36.36,FADE,LOW,FADE,YES,YES,YES,YES
228,Cedric Mullins,Tampa Bay Rays,Miami Marlins @ Tampa Bay Rays,Janson Junk,980,34.60,39.50,55.20,48.40,48.00,0,2,34.60,55.20,20.60,1.03,36.19,FADE,LOW,FADE,YES,YES,YES,YES
229,Ryan Vilade,Tampa Bay Rays,Miami Marlins @ Tampa Bay Rays,Janson Junk,1060,36.10,40.00,49.80,48.40,48.00,0,2,36.10,49.80,13.70,0.68,35.79,FADE,LOW,FADE,YES,YES,YES,YES
230,Jonny DeLuca,Tampa Bay Rays,Miami Marlins @ Tampa Bay Rays,Janson Junk,990,35.50,38.70,51.30,48.40,48.00,0,2,35.50,51.30,15.80,0.79,35.56,FADE,LOW,FADE,YES,YES,YES,YES
231,Mauricio Dubón,Atlanta Braves,Boston Red Sox @ Atlanta Braves,Connelly Early,930,34.50,44.30,59.10,45.70,44.00,0,3,34.50,59.10,24.60,1.23,34.11,FADE,LOW,FADE,YES,YES,YES,YES
232,Jose Altuve,Houston Astros,Texas Rangers @ Houston Astros,Jack Leiter,600,39.10,38.30,44.50,53.70,56.00,0,3,38.30,56.00,17.70,0.89,33.59,FADE,LOW,FADE,YES,YES,YES,YES
233,Zach McKinstry,Detroit Tigers,Toronto Blue Jays @ Detroit Tigers,Trey Yesavage,1200,37.00,39.70,48.30,43.30,44.00,0,4,37.00,48.30,11.30,0.56,31.53,FADE,LOW,FADE,YES,YES,YES,YES
234,Isaac Paredes,Houston Astros,Texas Rangers @ Houston Astros,Jack Leiter,493,35.40,32.70,41.60,53.70,56.00,0,3,32.70,56.00,23.30,1.16,30.32,FADE,LOW,FADE,YES,YES,YES,YES