rank,name,team,opponent,game,lineup_spot,pitcher,pitcher_hand,odds,book,final_hr_score,decision_tier,confidence,agreement_count,signal_flags,master_score,master_tier,matchup_score,matchup_grade,split_score,split_grade,per_pitch_score,per_pitch_grade,contact_score,environment_score,recent_score,market_score,value_score,barrel_rate,hard_hit_rate,primary_pitch_match,primary_pitch_usage_pct,best_hitter_pitch,weakest_pitcher_pitch,pitcher_vulnerability_score,handedness_split_score,note
1,James Wood,Washington Nationals,Cincinnati Reds,Washington Nationals @ Cincinnati Reds,,Nick Lodolo,,362,DraftKings,89,SLIP LAB ELITE,HIGH,4,MASTER|MATCHUP|SPLITS|PITCH|CONTACT,88.4,ELITE,74.1,PLUS,83.2,ATTACK,83,ATTACK,92,57.5,50,83,62,27.6,61.2,Sinker,24.4,Sinker,Sinker,99,43,Multi-layer agreement
2,Shea Langeliers,Athletics,St. Louis Cardinals,St. Louis Cardinals @ Athletics,,Matthew Liberatore,,240,BetMGM,80.7,STRONG PLAY,HIGH,3,MASTER|SPLITS|PITCH,84.4,STRONG,69.4,PLUS,76.8,ATTACK,81.4,ATTACK,79.7,53.3,50,87,58,17.1,48.7,4-Seam Fastball,32.4,4-Seam Fastball,4-Seam Fastball,79.2,62,Strong layered support
3,Luke Raley,Seattle Mariners,Houston Astros,Seattle Mariners @ Houston Astros,,Lance McCullers Jr.,,474,DraftKings,80.6,STRONG PLAY,HIGH,4,MASTER|MATCHUP|SPLITS|CONTACT,85.2,ELITE,72.3,PLUS,79.9,ATTACK,73.6,PLUS,86.2,57.2,50,76.6,74,22.2,54,Cutter,21.8,4-Seam Fastball,Sinker,87.2,62,Multi-layer agreement
4,Willson Contreras,Boston Red Sox,Philadelphia Phillies,Philadelphia Phillies @ Boston Red Sox,,Andrew Painter,,490,FanDuel,80.2,STRONG PLAY,HIGH,4,MASTER|SPLITS|CONTACT,83.4,STRONG,70.4,PLUS,79.2,ATTACK,76.8,PLUS,80,48.6,50,75.4,74,18,46.2,Slider,17,Slider,4-Seam Fastball,96,50,Strong layered support
5,Nick Kurtz,Athletics,St. Louis Cardinals,St. Louis Cardinals @ Athletics,,Matthew Liberatore,,333,BetMGM,79.8,STRONG PLAY,HIGH,3,MASTER|PITCH|CONTACT,82.8,STRONG,69.9,PLUS,74.8,PLUS,80.7,ATTACK,83.9,53.3,50,83,62,15.4,59.3,4-Seam Fastball,32.4,Slider,4-Seam Fastball,79.2,43,Strong layered support
6,JJ Bleday,Cincinnati Reds,Washington Nationals,Washington Nationals @ Cincinnati Reds,,Jake Irvin,,390,FanDuel,78.9,STRONG PLAY,MEDIUM,3,MASTER|SPLITS|PITCH|CONTACT,82.1,STRONG,65.9,PLUS,75.3,ATTACK,80.7,ATTACK,81.7,57.4,50,83,62,15.8,55.3,4-Seam Fastball,23.4,4-Seam Fastball,4-Seam Fastball,59.7,62,Multi-layer agreement
7,Kazuma Okamoto,Toronto Blue Jays,Tampa Bay Rays,Tampa Bay Rays @ Toronto Blue Jays,,Griffin Jax,,398,DraftKings,76.1,STRONG PLAY,MEDIUM,3,PITCH,79.8,STRONG,67.9,PLUS,73.8,PLUS,78.7,PLUS,79.5,53.8,50,83,62,15.5,53.4,4-Seam Fastball,30.4,4-Seam Fastball,4-Seam Fastball,76.7,50,Thin profile
8,Oneil Cruz,Pittsburgh Pirates,Colorado Rockies,Colorado Rockies @ Pittsburgh Pirates,,Jose Quintana,,400,BetMGM,76.1,STRONG PLAY,MEDIUM,3,PITCH|CONTACT,78.7,STRONG,68.2,PLUS,74.4,PLUS,79.2,PLUS,91.6,49.3,50,83,62,19.8,60.7,4-Seam Fastball,28.2,4-Seam Fastball,Slurve,73.5,43,Playable with selectivity
9,Ian Happ,Chicago Cubs,Atlanta Braves,Chicago Cubs @ Atlanta Braves,,JR Ritchie,,430,DraftKings,75.8,PLAYABLE,MEDIUM,3,SPLITS,79.3,STRONG,68.2,PLUS,78,ATTACK,75.1,PLUS,76.5,50.3,50,78,64,18.3,41.9,Curveball,25.7,Cutter,Changeup,92.5,58,Thin profile
10,Corey Seager,Texas Rangers,Arizona Diamondbacks,Arizona Diamondbacks @ Texas Rangers,,Ryne Nelson,,441,DraftKings,75.7,PLAYABLE,MEDIUM,3,PITCH,78.2,STRONG,65.9,PLUS,74.7,PLUS,81,ATTACK,75,51.4,50,78,64,16,46.2,4-Seam Fastball,61,4-Seam Fastball,4-Seam Fastball,77.5,62,Thin profile
11,Wilyer Abreu,Boston Red Sox,Philadelphia Phillies,Philadelphia Phillies @ Boston Red Sox,,Andrew Painter,,490,FanDuel,75.6,VALUE BOMB,MEDIUM,3,SPLITS|PITCH,79.7,STRONG,66.6,PLUS,76,ATTACK,78.2,PLUS,65.3,48.6,50,75.4,64,12,46.6,4-Seam Fastball,39.2,4-Seam Fastball,4-Seam Fastball,96,62,Playable with selectivity
12,Sal Stewart,Cincinnati Reds,Washington Nationals,Washington Nationals @ Cincinnati Reds,,Jake Irvin,,369,DraftKings,74.9,PLAYABLE,MEDIUM,3,MASTER,81.2,STRONG,64.8,NEUTRAL,70.3,PLUS,77.1,PLUS,77.6,57.4,50,83,62,18.7,43.3,Sinker,28.4,Sinker,4-Seam Fastball,59.7,50,Thin profile
13,Brent Rooker,Athletics,St. Louis Cardinals,St. Louis Cardinals @ Athletics,,Matthew Liberatore,,310,BetMGM,74.8,PLAYABLE,MEDIUM,3,,78.2,STRONG,65.9,PLUS,71.9,PLUS,77.8,PLUS,68.9,53.3,50,83,62,15,41.7,4-Seam Fastball,32.4,4-Seam Fastball,4-Seam Fastball,79.2,62,Thin profile
14,Elly De La Cruz,Cincinnati Reds,Washington Nationals,Washington Nationals @ Cincinnati Reds,,Jake Irvin,,310,BetMGM,74.7,PLAYABLE,MEDIUM,3,MASTER,80.8,STRONG,64.5,NEUTRAL,70.9,PLUS,76.5,PLUS,76.5,57.4,50,83,62,15,51.3,Sinker,28.4,Curveball,4-Seam Fastball,59.7,58,Thin profile
15,Kyle Schwarber,Philadelphia Phillies,Boston Red Sox,Philadelphia Phillies @ Boston Red Sox,,Sonny Gray,,250,BetMGM,74.7,PLAYABLE,MEDIUM,3,PITCH|CONTACT,76.7,STRONG,63.5,NEUTRAL,72.8,PLUS,80,ATTACK,83,51.1,50,87,58,24.5,50,Cutter,30,Splitter,Cutter,52.5,62,Playable with selectivity
16,Juan Soto,New York Mets,Detroit Tigers,Detroit Tigers @ New York Mets,,Framber Valdez,,470,FanDuel,74.3,VALUE BOMB,MEDIUM,3,PITCH|CONTACT,77.5,STRONG,64.6,NEUTRAL,71.2,PLUS,79.7,PLUS,81,50.3,50,76.9,64,19,47.5,Sinker,39.9,Sinker,Sinker,62.9,43,Playable with selectivity
17,CJ Abrams,Washington Nationals,Cincinnati Reds,Washington Nationals @ Cincinnati Reds,,Nick Lodolo,,543,DraftKings,73.8,VALUE BOMB,MEDIUM,3,MASTER,81.1,STRONG,63.7,NEUTRAL,73.4,PLUS,72.9,PLUS,61.9,57.5,50,66.9,74,12.2,41.7,Sinker,24.4,Sinker,Sinker,99,43,Thin profile
18,Kyle Stowers,Miami Marlins,Minnesota Twins,Miami Marlins @ Minnesota Twins,,Simeon Woods Richardson,,400,BetMGM,73.4,PLAYABLE,MEDIUM,3,,77.9,STRONG,67.1,PLUS,71.8,PLUS,70.2,PLUS,54.8,50.8,50,83,62,3.8,58.5,Splitter,28.5,Splitter,Slider,99,62,Thin profile
19,Max Muncy,Los Angeles Dodgers,San Francisco Giants,San Francisco Giants @ Los Angeles Dodgers,,Robbie Ray,,320,FanDuel,72.5,PLAYABLE,MEDIUM,2,PITCH|CONTACT,76.6,STRONG,63.3,NEUTRAL,68.4,PLUS,83.9,ATTACK,87.6,53.3,50,83,62,19.6,55.7,4-Seam Fastball,52.4,4-Seam Fastball,4-Seam Fastball,45.3,43,Playable with selectivity
20,Dominic Canzone,Seattle Mariners,Houston Astros,Seattle Mariners @ Houston Astros,,Lance McCullers Jr.,,529,DraftKings,72.2,VALUE BOMB,LOW,2,MASTER,80.8,STRONG,68.2,PLUS,74.6,PLUS,69.3,NEUTRAL,75.9,57.2,50,67.7,74,15.4,49.2,Sinker,20.3,Splitter,Sinker,87.2,62,Thin profile
21,Munetaka Murakami,Chicago White Sox,Kansas City Royals,Kansas City Royals @ Chicago White Sox,,Seth Lugo,,293,DraftKings,72.2,PLAYABLE,MEDIUM,2,PITCH|CONTACT,77,STRONG,64.9,NEUTRAL,68.9,PLUS,78.5,PLUS,94.1,53.3,50,87,62,21.7,63.9,Curveball,14.9,Curveball,Cutter,35,62,Playable with selectivity
22,Tyler Soderstrom,Athletics,St. Louis Cardinals,St. Louis Cardinals @ Athletics,,Matthew Liberatore,,475,BetMGM,70.9,VALUE BOMB,LOW,2,,77.6,STRONG,65,PLUS,68.4,PLUS,75.1,PLUS,69.2,53.3,50,76.5,64,13.3,47.4,4-Seam Fastball,32.4,4-Seam Fastball,4-Seam Fastball,79.2,43,Thin profile
23,Bobby Witt Jr.,Kansas City Royals,Chicago White Sox,Kansas City Royals @ Chicago White Sox,,Noah Schultz,,475,BetMGM,70.8,VALUE BOMB,LOW,2,,77.1,STRONG,62.1,NEUTRAL,69.7,PLUS,76.8,PLUS,72.4,52.7,50,76.5,64,13.2,51.8,4-Seam Fastball,25.1,4-Seam Fastball,Sweeper,59.6,62,Thin profile
24,Spencer Steer,Cincinnati Reds,Washington Nationals,Washington Nationals @ Cincinnati Reds,,Jake Irvin,,470,FanDuel,69.9,WATCH,LOW,2,,77.5,STRONG,61.7,NEUTRAL,66.4,PLUS,75.1,PLUS,69.3,57.4,50,76.9,64,16.2,38.5,Sinker,28.4,4-Seam Fastball,4-Seam Fastball,59.7,50,Thin profile
25,Moisés Ballesteros,Chicago Cubs,Atlanta Braves,Chicago Cubs @ Atlanta Braves,,JR Ritchie,,610,FanDuel,69.7,WATCH,LOW,2,SPLITS,74.2,GOOD,64.3,NEUTRAL,76.4,ATTACK,73.2,PLUS,70.5,50.3,50,63.2,60,13.4,48.8,Curveball,25.7,Cutter,Changeup,92.5,62,Thin profile
26,Joey Wiemer,Washington Nationals,Cincinnati Reds,Washington Nationals @ Cincinnati Reds,,Nick Lodolo,,610,FanDuel,69.3,WATCH,LOW,2,SPLITS,75.8,STRONG,62.9,NEUTRAL,75,ATTACK,69.6,NEUTRAL,61.2,57.5,50,63.2,68,12.1,41.2,4-Seam Fastball,23.1,4-Seam Fastball,Sinker,99,62,Thin profile
27,Jordan Walker,St. Louis Cardinals,Athletics,St. Louis Cardinals @ Athletics,,J.T. Ginn,,650,BetMGM,68.2,LOTTO ONLY,LOW,2,CONTACT,75.5,STRONG,60.1,NEUTRAL,68.9,PLUS,73.3,PLUS,86,52.3,50,61.3,68,18.3,53.8,4-Seam Fastball,14.3,Sweeper,Sinker,49.5,50,Thin profile
28,Cal Raleigh,Seattle Mariners,Houston Astros,Seattle Mariners @ Houston Astros,,Lance McCullers Jr.,,310,FanDuel,65.5,WATCH,SPECULATIVE,1,,77.3,STRONG,64.9,NEUTRAL,67.6,PLUS,67.2,NEUTRAL,53.9,57.2,50,83,62,12.5,30.8,Cutter,21.8,Cutter,Sinker,87.2,58,Thin profile
29,Otto Lopez,Miami Marlins,Minnesota Twins,Miami Marlins @ Minnesota Twins,,Simeon Woods Richardson,,850,BetMGM,65.3,LOTTO ONLY,SPECULATIVE,2,,68.2,GOOD,63,NEUTRAL,71.9,PLUS,71.1,PLUS,59.8,50.8,50,49.3,54,9.8,46.6,4-Seam Fastball,37.7,4-Seam Fastball,Slider,99,50,Thin profile
30,Corbin Carroll,Arizona Diamondbacks,Texas Rangers,Arizona Diamondbacks @ Texas Rangers,,Kumar Rocker,,451,DraftKings,65.3,WATCH,SPECULATIVE,1,,74.6,GOOD,62.4,NEUTRAL,68.8,PLUS,72.5,PLUS,62.4,51.2,50,78,64,12,43,Slider,34.9,4-Seam Fastball,Changeup,72.5,62,Thin profile
31,Will Benson,Cincinnati Reds,Washington Nationals,Washington Nationals @ Cincinnati Reds,,Jake Irvin,,323,DraftKings,64.5,WATCH,SPECULATIVE,1,,73,GOOD,60.8,NEUTRAL,64.1,NEUTRAL,74.7,PLUS,62.2,57.4,50,83,62,13.2,39,Sinker,28.4,4-Seam Fastball,4-Seam Fastball,59.7,62,Thin profile
32,Jake Burger,Texas Rangers,Arizona Diamondbacks,Arizona Diamondbacks @ Texas Rangers,,Ryne Nelson,,470,FanDuel,64.4,WATCH,SPECULATIVE,1,,73.7,GOOD,61.9,NEUTRAL,65.9,PLUS,72.3,PLUS,60.3,51.4,50,76.9,64,9.8,47.3,4-Seam Fastball,61,Sinker,4-Seam Fastball,77.5,50,Thin profile
33,Christopher Morel,Miami Marlins,Minnesota Twins,Miami Marlins @ Minnesota Twins,,Simeon Woods Richardson,,520,FanDuel,64.2,WATCH,SPECULATIVE,1,,75.1,STRONG,64.5,NEUTRAL,69.1,PLUS,67.5,NEUTRAL,53.5,50.8,50,68.3,64,0,44.4,Slider,27.2,Slider,Slider,99,50,Thin profile
34,Seiya Suzuki,Chicago Cubs,Atlanta Braves,Chicago Cubs @ Atlanta Braves,,JR Ritchie,,425,BetMGM,64,WATCH,SPECULATIVE,0,,74.6,GOOD,62.9,NEUTRAL,67.3,PLUS,66.6,NEUTRAL,56.3,50.3,50,78,64,9.5,43.2,4-Seam Fastball,25.7,4-Seam Fastball,Changeup,92.5,50,Thin profile
35,Julio Rodríguez,Seattle Mariners,Houston Astros,Seattle Mariners @ Houston Astros,,Lance McCullers Jr.,,470,FanDuel,63.7,WATCH,SPECULATIVE,1,,76,STRONG,63.8,NEUTRAL,66.4,PLUS,63.9,NEUTRAL,53.1,57.2,50,76.9,64,8.7,41.7,Changeup,13,Slider,Sinker,87.2,50,Thin profile
36,Brandon Nimmo,Texas Rangers,Arizona Diamondbacks,Arizona Diamondbacks @ Texas Rangers,,Ryne Nelson,,573,DraftKings,63.7,WATCH,SPECULATIVE,1,,72.8,GOOD,60.8,NEUTRAL,69.5,PLUS,73.9,PLUS,63.5,51.4,50,65.1,60,9.7,51.6,4-Seam Fastball,61,Cutter,4-Seam Fastball,77.5,62,Thin profile
37,Ketel Marte,Arizona Diamondbacks,Texas Rangers,Arizona Diamondbacks @ Texas Rangers,,Kumar Rocker,,426,DraftKings,63.7,WATCH,SPECULATIVE,1,,71.6,GOOD,61.7,NEUTRAL,65.7,PLUS,71.5,PLUS,59.7,51.2,50,78,64,9.7,46.8,Slider,34.9,4-Seam Fastball,Changeup,72.5,58,Thin profile
38,Brady House,Washington Nationals,Cincinnati Reds,Washington Nationals @ Cincinnati Reds,,Nick Lodolo,,680,FanDuel,63.3,LOTTO ONLY,SPECULATIVE,1,,74.2,GOOD,61.4,NEUTRAL,74.1,PLUS,69.3,NEUTRAL,60.3,57.5,50,55.1,60,11.2,42.9,4-Seam Fastball,23.1,Sweeper,Sinker,99,62,Thin profile
39,Michael Busch,Chicago Cubs,Atlanta Braves,Chicago Cubs @ Atlanta Braves,,JR Ritchie,,450,DraftKings,63.1,WATCH,SPECULATIVE,0,,72.2,GOOD,61.8,NEUTRAL,67.6,PLUS,65.6,NEUTRAL,51.8,50.3,50,78,64,8.8,39.8,4-Seam Fastball,25.7,Sinker,Changeup,92.5,62,Thin profile
40,Colson Montgomery,Chicago White Sox,Kansas City Royals,Kansas City Royals @ Chicago White Sox,,Seth Lugo,,350,BetMGM,62.9,WATCH,SPECULATIVE,1,,71.4,GOOD,57.2,NEUTRAL,61,NEUTRAL,74.8,PLUS,67.2,53.3,50,83,62,14.3,41.8,Cutter,15.9,4-Seam Fastball,Cutter,35,62,Thin profile
41,Mickey Gasper,Boston Red Sox,Philadelphia Phillies,Philadelphia Phillies @ Boston Red Sox,,Andrew Painter,,790,FanDuel,62.7,LOTTO ONLY,SPECULATIVE,2,SPLITS|CONTACT,75.1,STRONG,68,PLUS,78.9,ATTACK,55.2,THIN,85.8,48.6,50,51.1,62,14.3,85.7,,0,,4-Seam Fastball,96,58,Playable with selectivity
42,Tyler Stephenson,Cincinnati Reds,Washington Nationals,Washington Nationals @ Cincinnati Reds,,Jake Irvin,,540,FanDuel,62.7,WATCH,SPECULATIVE,1,,72.8,GOOD,60.1,NEUTRAL,62.7,NEUTRAL,73.4,PLUS,69.3,57.4,50,67.1,64,13.2,47.9,4-Seam Fastball,23.4,4-Seam Fastball,4-Seam Fastball,59.7,50,Thin profile
43,Bryce Harper,Philadelphia Phillies,Boston Red Sox,Philadelphia Phillies @ Boston Red Sox,,Sonny Gray,,490,FanDuel,62.6,WATCH,SPECULATIVE,1,,72.4,GOOD,57.5,NEUTRAL,65.2,PLUS,70.4,PLUS,67.1,51.1,50,75.4,64,14.6,40.7,4-Seam Fastball,11.4,4-Seam Fastball,Cutter,52.5,62,Thin profile
44,Riley Greene,Detroit Tigers,New York Mets,Detroit Tigers @ New York Mets,,Christian Scott,,423,DraftKings,62.4,WATCH,SPECULATIVE,1,,70.3,GOOD,56.5,NEUTRAL,62.2,NEUTRAL,74.6,PLUS,73.2,48.4,50,78,64,13.9,50.5,Sweeper,15.6,Sinker,Sweeper,34.7,62,Thin profile
45,Pete Crow-Armstrong,Chicago Cubs,Atlanta Braves,Chicago Cubs @ Atlanta Braves,,JR Ritchie,,550,DraftKings,62.2,WATCH,SPECULATIVE,0,,71.4,GOOD,60.9,NEUTRAL,69.2,PLUS,66.5,NEUTRAL,55.7,50.3,50,66.5,64,8.1,46.8,4-Seam Fastball,25.7,4-Seam Fastball,Changeup,92.5,62,Thin profile
46,Connor Norby,Miami Marlins,Minnesota Twins,Miami Marlins @ Minnesota Twins,,Simeon Woods Richardson,,650,BetMGM,62.1,LOTTO ONLY,SPECULATIVE,0,,73.4,GOOD,62.4,NEUTRAL,68,PLUS,66.4,NEUTRAL,49.9,50.8,50,61.3,60,9.1,36.4,4-Seam Fastball,37.7,4-Seam Fastball,Slider,99,50,Thin profile
47,Joc Pederson,Texas Rangers,Arizona Diamondbacks,Arizona Diamondbacks @ Texas Rangers,,Ryne Nelson,,590,FanDuel,61.9,WATCH,SPECULATIVE,1,,70.9,GOOD,58.9,NEUTRAL,67.1,PLUS,71.5,PLUS,56.6,51.4,50,64.2,60,7.2,50.7,4-Seam Fastball,61,4-Seam Fastball,4-Seam Fastball,77.5,62,Thin profile
48,Dansby Swanson,Chicago Cubs,Atlanta Braves,Chicago Cubs @ Atlanta Braves,,JR Ritchie,,650,BetMGM,61.8,WATCH,SPECULATIVE,0,,71.4,GOOD,60.8,NEUTRAL,68.3,PLUS,68.6,NEUTRAL,58.1,50.3,50,61.3,60,9.4,45.8,4-Seam Fastball,25.7,Sinker,Changeup,92.5,50,Thin profile
49,Will Smith,Los Angeles Dodgers,San Francisco Giants,San Francisco Giants @ Los Angeles Dodgers,,Robbie Ray,,420,FanDuel,61.6,WATCH,SPECULATIVE,1,,69.4,GOOD,55.9,NEUTRAL,60.4,NEUTRAL,74,PLUS,62,53.3,50,78,64,13.4,38.1,4-Seam Fastball,52.4,Sinker,4-Seam Fastball,45.3,62,Thin profile
50,Brandon Lowe,Pittsburgh Pirates,Colorado Rockies,Colorado Rockies @ Pittsburgh Pirates,,Jose Quintana,,543,DraftKings,61.6,WATCH,SPECULATIVE,0,,72.4,GOOD,58.2,NEUTRAL,65.4,PLUS,68,NEUTRAL,63.1,49.3,50,66.9,64,12.5,42.3,4-Seam Fastball,28.2,Changeup,Slurve,73.5,43,Thin profile
51,Zack Gelof,Athletics,St. Louis Cardinals,St. Louis Cardinals @ Athletics,,Matthew Liberatore,,450,BetMGM,61.6,WATCH,SPECULATIVE,0,,71.9,GOOD,59.2,NEUTRAL,62.4,NEUTRAL,65.8,NEUTRAL,45.9,53.3,50,78,64,6.1,40.8,Slider,25.7,Slider,4-Seam Fastball,79.2,62,Thin profile
52,Mark Vientos,New York Mets,Detroit Tigers,Detroit Tigers @ New York Mets,,Framber Valdez,,570,FanDuel,61.5,WATCH,SPECULATIVE,1,,69.7,GOOD,57.5,NEUTRAL,65.1,PLUS,73.6,PLUS,60.6,50.3,50,65.3,60,10.3,46,Sinker,39.9,Slider,Sinker,62.9,62,Thin profile
53,Spencer Torkelson,Detroit Tigers,New York Mets,Detroit Tigers @ New York Mets,,Christian Scott,,500,BetMGM,61.5,WATCH,SPECULATIVE,1,,69.3,GOOD,57.1,NEUTRAL,60.6,NEUTRAL,73.7,PLUS,77.4,48.4,50,74.7,64,16.3,48.3,Sweeper,15.6,Sinker,Sweeper,34.7,50,Thin profile
54,Heriberto Hernández,Miami Marlins,Minnesota Twins,Miami Marlins @ Minnesota Twins,,Simeon Woods Richardson,,598,DraftKings,61.5,WATCH,SPECULATIVE,0,,72.4,GOOD,61.8,NEUTRAL,66.5,PLUS,65.5,NEUTRAL,46,50.8,50,63.8,60,5.1,44.1,4-Seam Fastball,37.7,4-Seam Fastball,Slider,99,50,Thin profile
55,Jarren Duran,Boston Red Sox,Philadelphia Phillies,Philadelphia Phillies @ Boston Red Sox,,Andrew Painter,,690,DraftKings,61.4,WATCH,SPECULATIVE,0,,70.6,GOOD,60.5,NEUTRAL,69.7,PLUS,69.3,NEUTRAL,54.6,48.6,50,54.6,60,9.9,39.8,4-Seam Fastball,39.2,4-Seam Fastball,4-Seam Fastball,96,62,Thin profile
56,Josh Naylor,Seattle Mariners,Houston Astros,Seattle Mariners @ Houston Astros,,Lance McCullers Jr.,,567,DraftKings,61.1,WATCH,SPECULATIVE,0,,73.6,GOOD,60.7,NEUTRAL,65.8,PLUS,63.3,NEUTRAL,48.4,57.2,50,65.5,60,6.8,41.7,Cutter,21.8,4-Seam Fastball,Sinker,87.2,62,Thin profile
57,Owen Caissie,Miami Marlins,Minnesota Twins,Miami Marlins @ Minnesota Twins,,Simeon Woods Richardson,,850,BetMGM,60.9,WATCH,SPECULATIVE,1,,68.5,GOOD,62.6,NEUTRAL,72.5,PLUS,68.3,NEUTRAL,58.2,50.8,50,49.3,54,10.3,43.1,Splitter,28.5,Splitter,Slider,99,62,Thin profile
58,Josh Jung,Texas Rangers,Arizona Diamondbacks,Arizona Diamondbacks @ Texas Rangers,,Ryne Nelson,,550,DraftKings,60.7,WATCH,SPECULATIVE,0,,70,GOOD,57.7,NEUTRAL,62.8,NEUTRAL,69.5,NEUTRAL,50.7,51.4,50,66.5,64,5.7,48,4-Seam Fastball,61,4-Seam Fastball,4-Seam Fastball,77.5,50,Thin profile
59,Freddie Freeman,Los Angeles Dodgers,San Francisco Giants,San Francisco Giants @ Los Angeles Dodgers,,Robbie Ray,,520,FanDuel,60.6,WATCH,SPECULATIVE,1,,68.6,GOOD,55.3,NEUTRAL,59.4,NEUTRAL,75.4,PLUS,66,53.3,50,68.3,64,11.9,47.8,4-Seam Fastball,52.4,4-Seam Fastball,4-Seam Fastball,45.3,43,Thin profile
60,Miguel Vargas,Chicago White Sox,Kansas City Royals,Kansas City Royals @ Chicago White Sox,,Seth Lugo,,550,BetMGM,60.4,WATCH,SPECULATIVE,1,,71.3,GOOD,55.8,NEUTRAL,60.6,NEUTRAL,70.4,PLUS,72,53.3,50,66.5,64,15.5,44,Sweeper,12.6,4-Seam Fastball,Cutter,35,50,Thin profile
61,Salvador Perez,Kansas City Royals,Chicago White Sox,Kansas City Royals @ Chicago White Sox,,Noah Schultz,,430,FanDuel,60.3,WATCH,SPECULATIVE,0,,69,GOOD,57.2,NEUTRAL,59.5,NEUTRAL,67.6,NEUTRAL,52.7,52.7,50,78,64,9,40.2,4-Seam Fastball,25.1,4-Seam Fastball,Sweeper,59.6,62,Thin profile
62,Colby Thomas,Athletics,St. Louis Cardinals,St. Louis Cardinals @ Athletics,,Matthew Liberatore,,430,FanDuel,60,WATCH,SPECULATIVE,0,,70.8,GOOD,57.3,NEUTRAL,59.4,NEUTRAL,63.7,NEUTRAL,38.6,53.3,50,78,64,5.6,33.3,Slider,25.7,Slider,4-Seam Fastball,79.2,62,Thin profile
63,Dillon Dingler,Detroit Tigers,New York Mets,Detroit Tigers @ New York Mets,,Christian Scott,,525,BetMGM,59.7,WATCH,SPECULATIVE,0,,70,GOOD,55.9,NEUTRAL,59.6,NEUTRAL,68.8,NEUTRAL,76.8,48.4,50,68,64,15.2,51,Sweeper,15.6,Slider,Sweeper,34.7,50,Thin profile
64,Randy Arozarena,Seattle Mariners,Houston Astros,Seattle Mariners @ Houston Astros,,Lance McCullers Jr.,,591,DraftKings,59.4,WATCH,SPECULATIVE,0,,70.1,GOOD,60,NEUTRAL,63.5,NEUTRAL,62.2,NEUTRAL,46.6,57.2,50,64.2,60,6.1,41.7,Cutter,21.8,4-Seam Fastball,Sinker,87.2,50,Thin profile
65,Vladimir Guerrero Jr.,Toronto Blue Jays,Tampa Bay Rays,Tampa Bay Rays @ Toronto Blue Jays,,Griffin Jax,,544,DraftKings,59.4,WATCH,SPECULATIVE,0,,67.3,GOOD,58.8,NEUTRAL,62.8,NEUTRAL,65.1,NEUTRAL,54.5,53.8,50,66.8,64,9,42.5,4-Seam Fastball,30.4,Cutter,4-Seam Fastball,76.7,50,Thin profile
66,Alex Bregman,Chicago Cubs,Atlanta Braves,Chicago Cubs @ Atlanta Braves,,JR Ritchie,,576,DraftKings,59.2,WATCH,SPECULATIVE,0,,69.7,GOOD,59,NEUTRAL,64.3,NEUTRAL,61.3,NEUTRAL,49.1,50.3,50,65,60,6,45.1,4-Seam Fastball,25.7,Cutter,Changeup,92.5,50,Thin profile
67,Carson Kelly,Chicago Cubs,Atlanta Braves,Chicago Cubs @ Atlanta Braves,,JR Ritchie,,680,DraftKings,58.8,WATCH,SPECULATIVE,0,,69.6,GOOD,59.2,NEUTRAL,67.1,PLUS,60.8,NEUTRAL,56,50.3,50,55.1,60,8.8,45,4-Seam Fastball,25.7,Sinker,Changeup,92.5,50,Thin profile
68,Byron Buxton,Minnesota Twins,Miami Marlins,Miami Marlins @ Minnesota Twins,,Max Meyer,,330,DraftKings,58.5,WATCH,SPECULATIVE,1,PITCH|CONTACT,70.4,GOOD,53.9,THIN,60.1,NEUTRAL,78.2,PLUS,80.4,49.2,50,83,62,20,46.7,Sweeper,29.9,4-Seam Fastball,Sweeper,18.9,50,Playable with selectivity
69,George Springer,Toronto Blue Jays,Tampa Bay Rays,Tampa Bay Rays @ Toronto Blue Jays,,Griffin Jax,,503,DraftKings,58.4,WATCH,SPECULATIVE,0,,67.4,GOOD,58.3,NEUTRAL,59.6,NEUTRAL,62.2,NEUTRAL,50.8,53.8,50,69.5,64,8.5,39.4,4-Seam Fastball,30.4,Cutter,4-Seam Fastball,76.7,50,Thin profile
70,Marcelo Mayer,Boston Red Sox,Philadelphia Phillies,Philadelphia Phillies @ Boston Red Sox,,Andrew Painter,,820,FanDuel,58.4,WATCH,SPECULATIVE,0,,65.5,GOOD,58.2,NEUTRAL,67.7,PLUS,68,NEUTRAL,48.6,48.6,50,50.2,54,7,41.4,4-Seam Fastball,39.2,4-Seam Fastball,4-Seam Fastball,96,62,Thin profile
71,Matt Olson,Atlanta Braves,Chicago Cubs,Chicago Cubs @ Atlanta Braves,,Shota Imanaga,,400,DraftKings,58.2,WATCH,SPECULATIVE,1,CONTACT,71.6,GOOD,54.7,THIN,57.9,NEUTRAL,76.7,PLUS,84,50.1,50,83,62,19,51.2,4-Seam Fastball,34.6,4-Seam Fastball,4-Seam Fastball,15.3,43,Thin profile
72,Daulton Varsho,Toronto Blue Jays,Tampa Bay Rays,Tampa Bay Rays @ Toronto Blue Jays,,Griffin Jax,,520,FanDuel,58.2,WATCH,SPECULATIVE,0,,66.1,GOOD,55.7,NEUTRAL,59.6,NEUTRAL,65.6,NEUTRAL,41.7,53.8,50,68.3,64,5.4,37.8,4-Seam Fastball,30.4,4-Seam Fastball,4-Seam Fastball,76.7,62,Thin profile
73,Evan Carter,Texas Rangers,Arizona Diamondbacks,Arizona Diamondbacks @ Texas Rangers,,Ryne Nelson,,770,DraftKings,57.9,PASS,SPECULATIVE,0,,67,GOOD,55.2,NEUTRAL,64.7,NEUTRAL,68.9,NEUTRAL,50.1,51.4,50,51.7,54,8.4,38.9,4-Seam Fastball,61,4-Seam Fastball,4-Seam Fastball,77.5,62,Thin profile
74,Carlos Narváez,Boston Red Sox,Philadelphia Phillies,Philadelphia Phillies @ Boston Red Sox,,Andrew Painter,,850,Caesars,57.8,PASS,SPECULATIVE,0,,69.6,GOOD,58.8,NEUTRAL,66,PLUS,61.6,NEUTRAL,51.3,48.6,50,49.3,54,8.6,39.7,Sinker,13.4,Sinker,4-Seam Fastball,96,50,Thin profile
75,Brendan Donovan,Seattle Mariners,Houston Astros,Seattle Mariners @ Houston Astros,,Lance McCullers Jr.,,589,DraftKings,57.6,PASS,SPECULATIVE,0,,69.1,GOOD,56,NEUTRAL,59.9,NEUTRAL,61.4,NEUTRAL,31.2,57.2,50,64.3,60,3.3,29,Sinker,20.3,Sinker,Sinker,87.2,62,Thin profile
76,Hunter Goodman,Colorado Rockies,Pittsburgh Pirates,Colorado Rockies @ Pittsburgh Pirates,,Mitch Keller,,407,DraftKings,57.1,PASS,SPECULATIVE,1,PITCH,67.2,GOOD,53.1,THIN,58.5,NEUTRAL,78.8,PLUS,78.1,47.5,50,78,64,15.1,52.9,4-Seam Fastball,39.7,4-Seam Fastball,4-Seam Fastball,22.3,50,Thin profile
77,Andy Pages,Los Angeles Dodgers,San Francisco Giants,San Francisco Giants @ Los Angeles Dodgers,,Robbie Ray,,490,FanDuel,56.9,PASS,SPECULATIVE,1,,68.1,GOOD,54.5,THIN,59.1,NEUTRAL,75.6,PLUS,58.5,53.3,50,75.4,64,7.4,52.5,4-Seam Fastball,52.4,4-Seam Fastball,4-Seam Fastball,45.3,62,Thin profile
78,Daylen Lile,Washington Nationals,Cincinnati Reds,Washington Nationals @ Cincinnati Reds,,Nick Lodolo,,820,FanDuel,56.8,PASS,SPECULATIVE,0,,67.7,GOOD,56.5,NEUTRAL,65.2,PLUS,61.3,NEUTRAL,44.5,57.5,50,50.2,54,6.9,36.6,4-Seam Fastball,23.1,4-Seam Fastball,Sinker,99,43,Thin profile
79,Jesús Sánchez,Toronto Blue Jays,Tampa Bay Rays,Tampa Bay Rays @ Toronto Blue Jays,,Griffin Jax,,690,DraftKings,56.6,PASS,SPECULATIVE,0,,66.2,GOOD,56.1,NEUTRAL,63,NEUTRAL,60.8,NEUTRAL,51.7,53.8,50,54.6,60,6.9,45.5,4-Seam Fastball,30.4,Curveball,4-Seam Fastball,76.7,62,Thin profile
80,Adrian Del Castillo,Arizona Diamondbacks,Texas Rangers,Arizona Diamondbacks @ Texas Rangers,,Kumar Rocker,,780,DraftKings,56.5,PASS,SPECULATIVE,0,,65.2,GOOD,55.5,NEUTRAL,63.6,NEUTRAL,64.8,NEUTRAL,52.2,51.2,50,51.4,54,9.1,39.3,Sinker,32.6,4-Seam Fastball,Changeup,72.5,62,Thin profile
81,Michael Harris II,Atlanta Braves,Chicago Cubs,Chicago Cubs @ Atlanta Braves,,Shota Imanaga,,590,DraftKings,56.4,PASS,SPECULATIVE,1,PITCH|CONTACT|VALUE,68.9,GOOD,52.6,THIN,60.2,NEUTRAL,79.1,PLUS,87.6,50.1,50,64.2,60,17,58.9,4-Seam Fastball,34.6,Splitter,4-Seam Fastball,15.3,43,Strong layered support
82,Carter Jensen,Kansas City Royals,Chicago White Sox,Kansas City Royals @ Chicago White Sox,,Noah Schultz,,800,BetMGM,56.2,PASS,SPECULATIVE,0,,67.1,GOOD,55,NEUTRAL,59.6,NEUTRAL,65.2,NEUTRAL,60.9,52.7,50,50.8,54,11.4,43,Sinker,23.1,Curveball,Sweeper,59.6,43,Thin profile
83,Teoscar Hernández,Los Angeles Dodgers,San Francisco Giants,San Francisco Giants @ Los Angeles Dodgers,,Robbie Ray,,440,DraftKings,55.4,PASS,SPECULATIVE,1,,66.6,GOOD,54.1,THIN,57.5,NEUTRAL,70.6,PLUS,55.1,53.3,50,78,64,9,43.3,4-Seam Fastball,52.4,4-Seam Fastball,4-Seam Fastball,45.3,62,Thin profile
84,Alec Burleson,St. Louis Cardinals,Athletics,St. Louis Cardinals @ Athletics,,J.T. Ginn,,575,Caesars,55.1,PASS,SPECULATIVE,0,,68.4,GOOD,54.8,THIN,61.4,NEUTRAL,69.3,NEUTRAL,63.5,52.3,50,65,60,11.4,46.2,4-Seam Fastball,14.3,Curveball,Sinker,49.5,62,Thin profile
85,Mickey Moniak,Colorado Rockies,Pittsburgh Pirates,Colorado Rockies @ Pittsburgh Pirates,,Mitch Keller,,404,DraftKings,55,PASS,SPECULATIVE,1,,67.1,GOOD,49.1,THIN,57.1,NEUTRAL,73.7,PLUS,62.6,47.5,50,78,64,12.6,41.4,4-Seam Fastball,39.7,Slider,4-Seam Fastball,22.3,62,Thin profile
86,Nolan Gorman,St. Louis Cardinals,Athletics,St. Louis Cardinals @ Athletics,,J.T. Ginn,,650,BetMGM,54.7,PASS,SPECULATIVE,1,,67.9,GOOD,53.2,THIN,60.7,NEUTRAL,71.6,PLUS,59.9,52.3,50,61.3,60,9.8,46.7,Sinker,31.7,4-Seam Fastball,Sinker,49.5,62,Thin profile
87,Dalton Rushing,Los Angeles Dodgers,San Francisco Giants,San Francisco Giants @ Los Angeles Dodgers,,Robbie Ray,,520,FanDuel,54.3,PASS,SPECULATIVE,0,,68,GOOD,54.1,THIN,56.1,NEUTRAL,68.7,NEUTRAL,61.3,53.3,50,68.3,64,11.1,44.4,4-Seam Fastball,52.4,Splitter,4-Seam Fastball,45.3,43,Thin profile
88,Jackson Chourio,Milwaukee Brewers,San Diego Padres,San Diego Padres @ Milwaukee Brewers,,Michael King,,725,BetMGM,54.1,PASS,SPECULATIVE,1,,69.4,GOOD,53,THIN,59.8,NEUTRAL,70.9,PLUS,77.3,54.1,50,53.3,60,19,42.9,Sinker,20.8,Sinker,Sweeper,29.8,50,Thin profile
89,Yordan Alvarez,Houston Astros,Seattle Mariners,Seattle Mariners @ Houston Astros,,Bryce Miller,,285,FanDuel,54.1,PASS,SPECULATIVE,0,CONTACT,71.8,GOOD,54.1,THIN,56,NEUTRAL,56.4,THIN,84.5,52.7,50,87,62,18,51.9,,0,,,34.4,62,Thin profile
90,Andrew Benintendi,Chicago White Sox,Kansas City Royals,Kansas City Royals @ Chicago White Sox,,Seth Lugo,,650,BetMGM,53.5,PASS,SPECULATIVE,1,,65.9,GOOD,53.5,THIN,58,NEUTRAL,70.2,PLUS,66.3,53.3,50,61.3,60,10.3,53.2,4-Seam Fastball,15.6,4-Seam Fastball,Cutter,35,62,Thin profile
91,Drake Baldwin,Atlanta Braves,Chicago Cubs,Chicago Cubs @ Atlanta Braves,,Shota Imanaga,,525,DraftKings,53.4,PASS,SPECULATIVE,1,,66.9,GOOD,50,THIN,54,THIN,71.9,PLUS,75.1,50.1,50,68,64,14.7,50.4,4-Seam Fastball,34.6,Slider,4-Seam Fastball,15.3,43,Thin profile
92,Fernando Tatis Jr.,San Diego Padres,Milwaukee Brewers,San Diego Padres @ Milwaukee Brewers,,Jacob Misiorowski,,502,DraftKings,53.4,PASS,SPECULATIVE,1,,64.5,STANDARD,50.8,THIN,53.5,THIN,73.7,PLUS,74.1,51.8,50,69.5,64,11.7,58.6,4-Seam Fastball,61.3,Curveball,4-Seam Fastball,10.4,50,Thin profile
93,Austin Riley,Atlanta Braves,Chicago Cubs,Chicago Cubs @ Atlanta Braves,,Shota Imanaga,,441,DraftKings,53.4,PASS,SPECULATIVE,1,,63.4,STANDARD,48,THIN,52,THIN,75.8,PLUS,61.3,50.1,50,78,64,10.6,46,4-Seam Fastball,34.6,4-Seam Fastball,4-Seam Fastball,15.3,62,Thin profile
94,Ryan Jeffers,Minnesota Twins,Miami Marlins,Miami Marlins @ Minnesota Twins,,Max Meyer,,600,BetMGM,53.2,PASS,SPECULATIVE,1,,66.1,GOOD,49.2,THIN,55.9,NEUTRAL,73.6,PLUS,74.1,49.2,50,63.7,60,16.3,44.2,4-Seam Fastball,25.2,4-Seam Fastball,Sweeper,18.9,50,Thin profile
95,Casey Schmitt,San Francisco Giants,Los Angeles Dodgers,San Francisco Giants @ Los Angeles Dodgers,,Shohei Ohtani,,550,BetMGM,52.8,PASS,SPECULATIVE,1,,66,GOOD,47.6,THIN,52.2,THIN,74.5,PLUS,72.8,51,50,66.5,64,14.7,47.6,4-Seam Fastball,47,Sweeper,4-Seam Fastball,5.8,50,Thin profile
96,Junior Caminero,Tampa Bay Rays,Toronto Blue Jays,Tampa Bay Rays @ Toronto Blue Jays,,Dylan Cease,,440,FanDuel,52.8,PASS,SPECULATIVE,1,,61.7,STANDARD,51.6,THIN,51.3,THIN,71.7,PLUS,66.4,54.4,50,78,64,10.9,43.8,4-Seam Fastball,31.9,Curveball,Sinker,11.8,50,Thin profile
97,Keibert Ruiz,Washington Nationals,Cincinnati Reds,Washington Nationals @ Cincinnati Reds,,Nick Lodolo,,880,FanDuel,52.3,PASS,SPECULATIVE,0,,68.7,GOOD,54.6,THIN,65.6,PLUS,62.1,NEUTRAL,42,57.5,50,42.5,54,4.5,40.9,Sinker,24.4,Sinker,Sinker,99,58,Thin profile
98,Adolis García,Philadelphia Phillies,Boston Red Sox,Philadelphia Phillies @ Boston Red Sox,,Sonny Gray,,561,DraftKings,52.3,PASS,SPECULATIVE,0,,64.5,STANDARD,53.7,THIN,56.9,NEUTRAL,64.8,NEUTRAL,58.4,51.1,50,65.8,60,8.3,49.5,4-Seam Fastball,11.4,Splitter,Cutter,52.5,50,Thin profile
99,Marcell Ozuna,Pittsburgh Pirates,Colorado Rockies,Colorado Rockies @ Pittsburgh Pirates,,Jose Quintana,,650,DraftKings,52.3,PASS,SPECULATIVE,0,,63.5,STANDARD,53.6,THIN,60.9,NEUTRAL,64.2,NEUTRAL,48.9,49.3,50,61.3,60,8.6,36.8,4-Seam Fastball,28.2,4-Seam Fastball,Slurve,73.5,62,Thin profile
100,Zach Cole,Houston Astros,Seattle Mariners,Seattle Mariners @ Houston Astros,,Bryce Miller,,420,FanDuel,52.2,PASS,SPECULATIVE,0,CONTACT,69.1,GOOD,52.3,THIN,55.9,NEUTRAL,55.2,THIN,83,52.7,50,78,64,20,50,,0,,,34.4,62,Thin profile
101,Ivan Herrera,St. Louis Cardinals,Athletics,St. Louis Cardinals @ Athletics,,J.T. Ginn,,670,DraftKings,52.1,PASS,SPECULATIVE,0,,71.3,GOOD,49.8,THIN,54.5,THIN,66,NEUTRAL,50,52.3,50,55.5,60,0,0,Sinker,31.7,Sinker,Sinker,49.5,50,Thin profile
102,Danny Jansen,Texas Rangers,Arizona Diamondbacks,Arizona Diamondbacks @ Texas Rangers,,Ryne Nelson,,620,DraftKings,52,PASS,SPECULATIVE,0,,65.9,GOOD,54.5,THIN,57.7,NEUTRAL,61.2,NEUTRAL,40.7,51.4,50,62.7,60,5.3,36.8,Slider,13.4,Slider,4-Seam Fastball,77.5,50,Thin profile
103,Kody Clemens,Minnesota Twins,Miami Marlins,Miami Marlins @ Minnesota Twins,,Max Meyer,,625,BetMGM,51.9,PASS,SPECULATIVE,1,,63.5,STANDARD,47.6,THIN,55.9,NEUTRAL,72.5,PLUS,68.7,49.2,50,62.5,60,15.2,40.9,4-Seam Fastball,25.2,Slider,Sweeper,18.9,62,Thin profile
104,Ramón Laureano,San Diego Padres,Milwaukee Brewers,San Diego Padres @ Milwaukee Brewers,,Jacob Misiorowski,,575,BetMGM,51.8,PASS,SPECULATIVE,1,,63.9,STANDARD,48.4,THIN,50.8,THIN,74.2,PLUS,67.7,51.8,50,65,60,13.5,44.9,4-Seam Fastball,61.3,4-Seam Fastball,4-Seam Fastball,10.4,50,Thin profile
105,Vinnie Pasquantino,Kansas City Royals,Chicago White Sox,Kansas City Royals @ Chicago White Sox,,Noah Schultz,,680,FanDuel,51.6,PASS,SPECULATIVE,0,,66.5,GOOD,54.2,THIN,57.1,NEUTRAL,62.8,NEUTRAL,55,52.7,50,55.1,60,10,40,4-Seam Fastball,25.1,Cutter,Sweeper,59.6,43,Thin profile
106,Kyle Tucker,Los Angeles Dodgers,San Francisco Giants,San Francisco Giants @ Los Angeles Dodgers,,Robbie Ray,,533,DraftKings,51.5,PASS,SPECULATIVE,0,,63.6,STANDARD,50.7,THIN,52.2,THIN,67.2,NEUTRAL,48.5,53.3,50,67.5,64,6.8,41.9,4-Seam Fastball,52.4,4-Seam Fastball,4-Seam Fastball,45.3,43,Thin profile
107,Heliot Ramos,San Francisco Giants,Los Angeles Dodgers,San Francisco Giants @ Los Angeles Dodgers,,Shohei Ohtani,,575,DraftKings,51.4,PASS,SPECULATIVE,1,VALUE,62.3,STANDARD,46.8,THIN,51.1,THIN,75.2,PLUS,70.8,51,50,65,60,13.1,50,4-Seam Fastball,47,4-Seam Fastball,4-Seam Fastball,5.8,50,Thin profile
108,Maikel Garcia,Kansas City Royals,Chicago White Sox,Kansas City Royals @ Chicago White Sox,,Noah Schultz,,725,BetMGM,51.3,PASS,SPECULATIVE,0,,64.7,STANDARD,52.2,THIN,59.3,NEUTRAL,64.2,NEUTRAL,48.4,52.7,50,53.3,60,6.1,43.9,Sweeper,26.3,Curveball,Sweeper,59.6,62,Thin profile
109,Trevor Story,Boston Red Sox,Philadelphia Phillies,Philadelphia Phillies @ Boston Red Sox,,Andrew Painter,,760,FanDuel,51.2,PASS,SPECULATIVE,0,,66.6,GOOD,56.9,NEUTRAL,60.9,NEUTRAL,57.5,THIN,42.3,48.6,50,52.1,54,2.9,42.9,Sinker,13.4,Changeup,4-Seam Fastball,96,50,Thin profile
110,Brice Turang,Milwaukee Brewers,San Diego Padres,San Diego Padres @ Milwaukee Brewers,,Michael King,,680,FanDuel,51,PASS,SPECULATIVE,0,,63.2,STANDARD,49.8,THIN,56.2,NEUTRAL,68.6,NEUTRAL,64,54.1,50,55.1,60,10.7,49,4-Seam Fastball,22.9,4-Seam Fastball,Sweeper,29.8,62,Thin profile
111,Jackson Merrill,San Diego Padres,Milwaukee Brewers,San Diego Padres @ Milwaukee Brewers,,Jacob Misiorowski,,568,DraftKings,50.9,PASS,SPECULATIVE,1,,63.5,STANDARD,46.6,THIN,50.5,THIN,71.9,PLUS,60.2,51.8,50,65.4,60,9.6,47.8,4-Seam Fastball,61.3,Changeup,4-Seam Fastball,10.4,62,Thin profile
112,Mookie Betts,Los Angeles Dodgers,San Francisco Giants,San Francisco Giants @ Los Angeles Dodgers,,Robbie Ray,,390,BetMGM,50.9,PASS,SPECULATIVE,0,,64.1,STANDARD,51.3,THIN,51.1,THIN,58.7,NEUTRAL,41.3,53.3,50,83,62,6.3,34.4,Slider,23.6,Sinker,4-Seam Fastball,45.3,62,Thin profile
113,Caleb Durbin,Boston Red Sox,Philadelphia Phillies,Philadelphia Phillies @ Boston Red Sox,,Andrew Painter,,1220,DraftKings,50.8,PASS,SPECULATIVE,1,,61.6,STANDARD,60.9,NEUTRAL,71.2,PLUS,64.3,NEUTRAL,67.7,48.6,50,35.9,38,90,30.9,Slider,17,Curveball,4-Seam Fastball,96,50,Thin profile
114,Jeff McNeil,Athletics,St. Louis Cardinals,St. Louis Cardinals @ Athletics,,Matthew Liberatore,,1200,FanDuel,50.6,PASS,SPECULATIVE,0,,64.6,STANDARD,58,NEUTRAL,67.7,PLUS,65.6,NEUTRAL,67.2,53.3,50,36.2,38,90,30.3,4-Seam Fastball,32.4,Splitter,4-Seam Fastball,79.2,43,Thin profile
115,Isaac Collins,Kansas City Royals,Chicago White Sox,Kansas City Royals @ Chicago White Sox,,Noah Schultz,,850,BetMGM,50.5,PASS,SPECULATIVE,0,,64.6,STANDARD,53.1,THIN,59.8,NEUTRAL,64.5,NEUTRAL,54.3,52.7,50,49.3,46,9.3,41.3,Sweeper,26.3,4-Seam Fastball,Sweeper,59.6,58,Thin profile
116,Liam Hicks,Miami Marlins,Minnesota Twins,Miami Marlins @ Minnesota Twins,,Simeon Woods Richardson,,900,BetMGM,50.5,PASS,SPECULATIVE,0,,59.3,STANDARD,58.6,NEUTRAL,69.7,PLUS,64.5,NEUTRAL,47,50.8,50,42,46,6.9,39.7,4-Seam Fastball,37.7,Splitter,Slider,99,62,Thin profile
117,Xavier Edwards,Miami Marlins,Minnesota Twins,Miami Marlins @ Minnesota Twins,,Simeon Woods Richardson,,950,Caesars,50.4,PASS,SPECULATIVE,0,,62.3,STANDARD,57.7,NEUTRAL,67.3,PLUS,63.7,NEUTRAL,44.6,50.8,50,40.8,46,6.7,37.3,4-Seam Fastball,37.7,4-Seam Fastball,Slider,99,58,Thin profile
118,Jake Bauers,Milwaukee Brewers,San Diego Padres,San Diego Padres @ Milwaukee Brewers,,Michael King,,800,BetMGM,50.3,PASS,SPECULATIVE,0,,63.6,STANDARD,49.8,THIN,57.6,NEUTRAL,69.3,NEUTRAL,66.7,54.1,50,50.8,46,10.8,52.1,4-Seam Fastball,22.9,4-Seam Fastball,Sweeper,29.8,62,Thin profile
119,Ceddanne Rafaela,Boston Red Sox,Philadelphia Phillies,Philadelphia Phillies @ Boston Red Sox,,Andrew Painter,,980,FanDuel,50.2,PASS,SPECULATIVE,0,,65,GOOD,55.6,NEUTRAL,64.6,NEUTRAL,62.2,NEUTRAL,44.8,48.6,50,40.1,54,7.2,36,4-Seam Fastball,39.2,Sweeper,4-Seam Fastball,96,50,Thin profile
120,Gavin Sheets,San Diego Padres,Milwaukee Brewers,San Diego Padres @ Milwaukee Brewers,,Jacob Misiorowski,,590,FanDuel,50.1,PASS,SPECULATIVE,1,,63,STANDARD,46.1,THIN,49.5,THIN,70.7,PLUS,59.3,51.8,50,64.2,60,10.6,43.5,4-Seam Fastball,61.3,Sinker,4-Seam Fastball,10.4,62,Thin profile
121,Bryan Reynolds,Pittsburgh Pirates,Colorado Rockies,Colorado Rockies @ Pittsburgh Pirates,,Jose Quintana,,800,BetMGM,49.9,PASS,SPECULATIVE,0,,61.8,STANDARD,52.9,THIN,61.9,NEUTRAL,62.7,NEUTRAL,52.6,49.3,50,50.8,46,7.9,43.6,4-Seam Fastball,28.2,4-Seam Fastball,Slurve,73.5,58,Thin profile
122,Royce Lewis,Minnesota Twins,Miami Marlins,Miami Marlins @ Minnesota Twins,,Max Meyer,,650,BetMGM,49.8,PASS,SPECULATIVE,1,,61.3,STANDARD,46.3,THIN,51.5,THIN,70.5,PLUS,64.6,49.2,50,61.3,60,13.3,41.7,4-Seam Fastball,25.2,4-Seam Fastball,Sweeper,18.9,50,Thin profile
123,Jakob Marsee,Miami Marlins,Minnesota Twins,Miami Marlins @ Minnesota Twins,,Simeon Woods Richardson,,900,BetMGM,49.8,PASS,SPECULATIVE,0,,61.3,STANDARD,56.8,NEUTRAL,66.5,PLUS,63,NEUTRAL,40.2,50.8,50,42,46,3.8,40.2,Splitter,28.5,Splitter,Slider,99,62,Thin profile
124,Gabriel Moreno,Arizona Diamondbacks,Texas Rangers,Arizona Diamondbacks @ Texas Rangers,,Kumar Rocker,,1000,BetMGM,49.8,PASS,SPECULATIVE,0,,58.7,STANDARD,57.1,NEUTRAL,65.8,PLUS,67.6,NEUTRAL,65.7,51.2,50,39.7,46,13.2,43.4,Sinker,32.6,4-Seam Fastball,Changeup,72.5,50,Thin profile
125,Cole Young,Seattle Mariners,Houston Astros,Seattle Mariners @ Houston Astros,,Lance McCullers Jr.,,1000,BetMGM,49.5,PASS,SPECULATIVE,0,,61.8,STANDARD,57.2,NEUTRAL,67.1,PLUS,61.2,NEUTRAL,50.9,57.2,50,39.7,46,8,41.1,Cutter,21.8,4-Seam Fastball,Sinker,87.2,62,Thin profile
126,Masataka Yoshida,Boston Red Sox,Philadelphia Phillies,Philadelphia Phillies @ Boston Red Sox,,Andrew Painter,,1040,DraftKings,49.3,PASS,SPECULATIVE,0,,62.3,STANDARD,57.4,NEUTRAL,68.1,PLUS,61.2,NEUTRAL,52.3,48.6,50,38.9,38,0,42.9,Slider,17,Slider,4-Seam Fastball,96,62,Thin profile
127,Christian Walker,Houston Astros,Seattle Mariners,Seattle Mariners @ Houston Astros,,Bryce Miller,,350,FanDuel,49,PASS,SPECULATIVE,0,,66.4,GOOD,49.4,THIN,47.6,THIN,51.5,THIN,68.9,52.7,50,83,62,13,48,,0,,,34.4,50,Thin profile
128,Henry Davis,Pittsburgh Pirates,Colorado Rockies,Colorado Rockies @ Pittsburgh Pirates,,Jose Quintana,,760,FanDuel,49,PASS,SPECULATIVE,0,,61.1,STANDARD,51.7,THIN,58.5,NEUTRAL,60.1,NEUTRAL,47.3,49.3,50,52.1,54,7.6,37.9,Sinker,16.7,Sinker,Slurve,73.5,62,Thin profile
129,Nolan Arenado,Arizona Diamondbacks,Texas Rangers,Arizona Diamondbacks @ Texas Rangers,,Kumar Rocker,,840,DraftKings,48.8,PASS,SPECULATIVE,0,,63.8,STANDARD,52,THIN,56.7,NEUTRAL,60.9,NEUTRAL,40.1,51.2,50,49.6,46,7.8,28.2,Sinker,32.6,Sinker,Changeup,72.5,50,Thin profile
130,Ryan O'Hearn,Pittsburgh Pirates,Colorado Rockies,Colorado Rockies @ Pittsburgh Pirates,,Jose Quintana,,770,DraftKings,48.7,PASS,SPECULATIVE,0,,63,STANDARD,51.9,THIN,56.8,NEUTRAL,58,NEUTRAL,48.1,49.3,50,51.7,54,6.1,43.5,Sinker,16.7,Sinker,Slurve,73.5,43,Thin profile
131,Marcus Semien,New York Mets,Detroit Tigers,Detroit Tigers @ New York Mets,,Framber Valdez,,790,DraftKings,48.7,PASS,SPECULATIVE,0,,60.8,STANDARD,51.1,THIN,56.7,NEUTRAL,61.9,NEUTRAL,44.9,50.3,50,51.1,54,7.8,34.2,Changeup,24.2,4-Seam Fastball,Sinker,62.9,62,Thin profile
132,Rafael Devers,San Francisco Giants,Los Angeles Dodgers,San Francisco Giants @ Los Angeles Dodgers,,Shohei Ohtani,,525,DraftKings,48.3,PASS,SPECULATIVE,0,,60.3,STANDARD,43.3,AVOID,46,THIN,68,NEUTRAL,55.3,51,50,68,64,8.4,45.4,4-Seam Fastball,47,4-Seam Fastball,4-Seam Fastball,5.8,62,Thin profile
133,Matt McLain,Cincinnati Reds,Washington Nationals,Washington Nationals @ Cincinnati Reds,,Jake Irvin,,760,FanDuel,48.2,PASS,SPECULATIVE,0,,63.1,STANDARD,50.2,THIN,52.2,THIN,61,NEUTRAL,40.4,57.4,50,52.1,54,7.5,29.6,Sinker,28.4,4-Seam Fastball,4-Seam Fastball,59.7,50,Thin profile
134,Joe Mack,Miami Marlins,Minnesota Twins,Miami Marlins @ Minnesota Twins,,Simeon Woods Richardson,,900,BetMGM,48.2,PASS,SPECULATIVE,0,,58.7,STANDARD,56.4,NEUTRAL,65.1,PLUS,60,NEUTRAL,38.8,50.8,50,42,46,6.3,31.3,4-Seam Fastball,37.7,Cutter,Slider,99,62,Thin profile
135,Lane Thomas,Kansas City Royals,Chicago White Sox,Kansas City Royals @ Chicago White Sox,,Noah Schultz,,680,FanDuel,48.1,PASS,SPECULATIVE,0,,60.5,STANDARD,49.8,THIN,52.3,THIN,61,NEUTRAL,38,52.7,50,55.1,60,3.6,37.5,4-Seam Fastball,25.1,Sinker,Sweeper,59.6,62,Thin profile
136,J.P. Crawford,Seattle Mariners,Houston Astros,Seattle Mariners @ Houston Astros,,Lance McCullers Jr.,,1060,DraftKings,47.5,PASS,SPECULATIVE,0,,58.6,STANDARD,56.2,NEUTRAL,66,PLUS,59.9,NEUTRAL,47.6,57.2,50,38.6,38,8.3,36.1,Cutter,21.8,Curveball,Sinker,87.2,62,Thin profile
137,Bo Bichette,New York Mets,Detroit Tigers,Detroit Tigers @ New York Mets,,Framber Valdez,,850,DraftKings,47.2,PASS,SPECULATIVE,0,,58.4,STANDARD,50.8,THIN,56.3,NEUTRAL,60.9,NEUTRAL,44.6,50.3,50,49.3,46,4.4,44.5,Curveball,31.9,Slider,Sinker,62.9,62,Thin profile
138,Jonathan Aranda,Tampa Bay Rays,Toronto Blue Jays,Tampa Bay Rays @ Toronto Blue Jays,,Dylan Cease,,720,DraftKings,47,PASS,SPECULATIVE,0,,59.9,STANDARD,45.4,THIN,49.5,THIN,64,NEUTRAL,57.7,54.4,50,53.5,60,10.1,43.1,4-Seam Fastball,31.9,Cutter,Sinker,11.8,62,Thin profile
139,Manny Machado,San Diego Padres,Milwaukee Brewers,San Diego Padres @ Milwaukee Brewers,,Jacob Misiorowski,,556,DraftKings,46.8,PASS,SPECULATIVE,0,,59.5,STANDARD,44,AVOID,44.2,AVOID,64.6,NEUTRAL,49.9,51.8,50,66.1,60,6.6,44.3,4-Seam Fastball,61.3,Slider,4-Seam Fastball,10.4,50,Thin profile
140,Pedro Pagés,St. Louis Cardinals,Athletics,St. Louis Cardinals @ Athletics,,J.T. Ginn,,760,FanDuel,46.7,PASS,SPECULATIVE,0,,61,STANDARD,46.6,THIN,50.5,THIN,61.2,NEUTRAL,39.9,52.3,50,52.1,54,6.1,33.3,Sinker,31.7,Slider,Sinker,49.5,50,Thin profile
141,Josh Bell,Minnesota Twins,Miami Marlins,Miami Marlins @ Minnesota Twins,,Max Meyer,,700,BetMGM,46.7,PASS,SPECULATIVE,0,,59.2,STANDARD,42.9,AVOID,50.1,THIN,64.8,NEUTRAL,55.9,49.2,50,54.3,60,9.9,41.4,Slider,26.4,Slider,Sweeper,18.9,58,Thin profile
142,Lourdes Gurriel Jr.,Arizona Diamondbacks,Texas Rangers,Arizona Diamondbacks @ Texas Rangers,,Kumar Rocker,,890,DraftKings,46.1,PASS,SPECULATIVE,0,,59.1,STANDARD,50.7,THIN,54.8,THIN,58.8,NEUTRAL,39.4,51.2,50,42.3,46,6.1,32.7,Cutter,12.1,Cutter,Changeup,72.5,50,Thin profile
143,Colt Keith,Detroit Tigers,New York Mets,Detroit Tigers @ New York Mets,,Christian Scott,,680,DraftKings,46.1,PASS,SPECULATIVE,0,,57.6,STANDARD,46.2,THIN,49.9,THIN,60,NEUTRAL,47.5,48.4,50,55.1,60,5.6,44.4,4-Seam Fastball,55.3,4-Seam Fastball,Sweeper,34.7,62,Thin profile
144,TJ Friedl,Cincinnati Reds,Washington Nationals,Washington Nationals @ Cincinnati Reds,,Jake Irvin,,880,FanDuel,45.4,PASS,SPECULATIVE,0,,60.4,STANDARD,46.5,THIN,51.6,THIN,61,NEUTRAL,32.2,57.4,50,42.5,46,3,30.2,Sinker,28.4,Sinker,4-Seam Fastball,59.7,62,Thin profile
145,Wenceel Pérez,Detroit Tigers,New York Mets,Detroit Tigers @ New York Mets,,Christian Scott,,800,BetMGM,45.2,PASS,SPECULATIVE,0,,57.6,STANDARD,46.5,THIN,49.6,THIN,61.5,NEUTRAL,51.5,48.4,50,50.8,46,8.6,40,Sweeper,15.6,Sinker,Sweeper,34.7,58,Thin profile
146,Edouard Julien,Colorado Rockies,Pittsburgh Pirates,Colorado Rockies @ Pittsburgh Pirates,,Mitch Keller,,830,DraftKings,44.7,PASS,SPECULATIVE,0,,56.6,STANDARD,43.6,AVOID,51.5,THIN,61.7,NEUTRAL,58.7,47.5,50,49.9,46,8.5,49.3,Slider,9.6,Slider,4-Seam Fastball,22.3,62,Thin profile
147,Xander Bogaerts,San Diego Padres,Milwaukee Brewers,San Diego Padres @ Milwaukee Brewers,,Jacob Misiorowski,,720,DraftKings,44.5,PASS,SPECULATIVE,0,,57.4,STANDARD,41.1,AVOID,42.6,AVOID,64.8,NEUTRAL,46.6,51.8,50,53.5,60,7.6,37,4-Seam Fastball,61.3,4-Seam Fastball,4-Seam Fastball,10.4,50,Thin profile
148,Ezequiel Duran,Texas Rangers,Arizona Diamondbacks,Arizona Diamondbacks @ Texas Rangers,,Ryne Nelson,,930,DraftKings,44.3,PASS,SPECULATIVE,0,,58.6,STANDARD,53.5,THIN,62.4,NEUTRAL,66.4,NEUTRAL,49.9,51.4,50,41.3,46,6.6,44.2,4-Seam Fastball,61,4-Seam Fastball,4-Seam Fastball,77.5,50,Thin profile
149,Ozzie Albies,Atlanta Braves,Chicago Cubs,Chicago Cubs @ Atlanta Braves,,Shota Imanaga,,518,DraftKings,44.3,PASS,SPECULATIVE,0,,56.4,STANDARD,38.6,AVOID,39.7,AVOID,62.7,NEUTRAL,30.9,50.1,50,68.5,64,4.2,28,4-Seam Fastball,34.6,4-Seam Fastball,4-Seam Fastball,15.3,58,Thin profile
150,Trea Turner,Philadelphia Phillies,Boston Red Sox,Philadelphia Phillies @ Boston Red Sox,,Sonny Gray,,820,DraftKings,44.2,PASS,SPECULATIVE,0,,57.8,STANDARD,46.6,THIN,50.3,THIN,56.1,THIN,40.9,51.1,50,50.2,46,4.5,39.6,4-Seam Fastball,11.4,4-Seam Fastball,Cutter,52.5,50,Thin profile
151,Willy Adames,San Francisco Giants,Los Angeles Dodgers,San Francisco Giants @ Los Angeles Dodgers,,Shohei Ohtani,,720,DraftKings,43.8,PASS,SPECULATIVE,0,,57.5,STANDARD,40.1,AVOID,42.9,AVOID,61.8,NEUTRAL,51.9,51,50,53.5,60,8.6,40.5,4-Seam Fastball,47,Sinker,4-Seam Fastball,5.8,50,Thin profile
152,Matt Vierling,Detroit Tigers,New York Mets,Detroit Tigers @ New York Mets,,Christian Scott,,760,DraftKings,43.7,PASS,SPECULATIVE,0,,56.4,STANDARD,44,AVOID,46.1,THIN,58.2,NEUTRAL,41.1,48.4,50,52.1,54,5,38.3,4-Seam Fastball,55.3,Slider,Sweeper,34.7,50,Thin profile
153,Connor Wong,Boston Red Sox,Philadelphia Phillies,Philadelphia Phillies @ Boston Red Sox,,Andrew Painter,,920,FanDuel,43.6,PASS,SPECULATIVE,0,,63.8,STANDARD,54.3,THIN,60.4,NEUTRAL,57.3,THIN,38.8,48.6,50,41.5,46,2.6,38.5,Sinker,13.4,Sinker,4-Seam Fastball,96,50,Thin profile
154,Ha-Seong Kim,Atlanta Braves,Chicago Cubs,Chicago Cubs @ Atlanta Braves,,Shota Imanaga,,680,DraftKings,43.4,PASS,SPECULATIVE,0,,58.4,STANDARD,46.6,THIN,44.7,AVOID,50,THIN,70,50.1,50,55.1,60,0,66.7,,0,,,15.3,62,Thin profile
155,Yandy Díaz,Tampa Bay Rays,Toronto Blue Jays,Tampa Bay Rays @ Toronto Blue Jays,,Dylan Cease,,770,DraftKings,43.4,PASS,SPECULATIVE,0,,54.9,LOTTO,42.6,AVOID,44.4,AVOID,61.7,NEUTRAL,47.9,54.4,50,51.7,54,6.2,43,4-Seam Fastball,31.9,Sweeper,Sinker,11.8,50,Thin profile
156,Ke'Bryan Hayes,Cincinnati Reds,Washington Nationals,Washington Nationals @ Cincinnati Reds,,Jake Irvin,,1020,DraftKings,43.2,PASS,SPECULATIVE,0,,58.4,STANDARD,52.9,THIN,60.1,NEUTRAL,66.6,NEUTRAL,58.7,57.4,50,39.3,38,11.3,40.5,Sinker,28.4,4-Seam Fastball,4-Seam Fastball,59.7,50,Thin profile
157,Brice Matthews,Houston Astros,Seattle Mariners,Seattle Mariners @ Houston Astros,,Bryce Miller,,520,FanDuel,42.8,PASS,SPECULATIVE,0,,58.4,STANDARD,43.1,AVOID,41.7,AVOID,46.7,AVOID,53.6,52.7,50,68.3,64,10,38.3,,0,,,34.4,50,Thin profile
158,Nathan Church,St. Louis Cardinals,Athletics,St. Louis Cardinals @ Athletics,,J.T. Ginn,,1000,BetMGM,42.5,PASS,SPECULATIVE,0,,60.5,STANDARD,47.7,THIN,57.6,NEUTRAL,65.8,NEUTRAL,51.6,52.3,50,39.7,46,10.8,33.3,Sinker,31.7,Sinker,Sinker,49.5,62,Thin profile
159,Nick Loftin,Kansas City Royals,Chicago White Sox,Kansas City Royals @ Chicago White Sox,,Noah Schultz,,940,DraftKings,42.3,PASS,SPECULATIVE,0,,61.6,STANDARD,48.4,THIN,56.4,NEUTRAL,63.1,NEUTRAL,41.6,52.7,50,41,46,5.1,38.5,Sweeper,26.3,Sweeper,Sweeper,59.6,62,Thin profile
160,Darell Hernaiz,Athletics,St. Louis Cardinals,St. Louis Cardinals @ Athletics,,Matthew Liberatore,,1000,BetMGM,42.2,PASS,SPECULATIVE,0,,62.7,STANDARD,51.5,THIN,59.1,NEUTRAL,56.4,THIN,40,53.3,50,39.7,46,0,20.5,Slider,25.7,Slider,4-Seam Fastball,79.2,62,Thin profile
161,Luis Torrens,New York Mets,Detroit Tigers,Detroit Tigers @ New York Mets,,Framber Valdez,,930,DraftKings,42.2,PASS,SPECULATIVE,0,,58.6,STANDARD,52.7,THIN,59.9,NEUTRAL,58.6,NEUTRAL,57,50.3,50,41.3,46,0,48.7,Curveball,31.9,4-Seam Fastball,Sinker,62.9,62,Thin profile
162,Mike Yastrzemski,Atlanta Braves,Chicago Cubs,Chicago Cubs @ Atlanta Braves,,Shota Imanaga,,620,DraftKings,42.2,PASS,SPECULATIVE,0,,54.9,LOTTO,39.9,AVOID,38.2,AVOID,57.6,THIN,39.5,50.1,50,62.7,60,4.7,37.2,4-Seam Fastball,34.6,Cutter,4-Seam Fastball,15.3,43,Thin profile
163,James McCann,Arizona Diamondbacks,Texas Rangers,Arizona Diamondbacks @ Texas Rangers,,Kumar Rocker,,950,DraftKings,42.1,PASS,SPECULATIVE,0,,59.3,STANDARD,51.8,THIN,57.9,NEUTRAL,60.3,NEUTRAL,44.5,51.2,50,40.8,46,5,42.5,Sinker,32.6,Sinker,Changeup,72.5,50,Thin profile
164,Garrett Mitchell,Milwaukee Brewers,San Diego Padres,San Diego Padres @ Milwaukee Brewers,,Michael King,,1000,BetMGM,42.1,PASS,SPECULATIVE,0,,58.2,STANDARD,48.2,THIN,57.2,NEUTRAL,66.2,NEUTRAL,67.4,54.1,50,39.7,46,11.5,50.8,Sinker,20.8,Cutter,Sweeper,29.8,62,Thin profile
165,Trevor Larnach,Minnesota Twins,Miami Marlins,Miami Marlins @ Minnesota Twins,,Max Meyer,,725,BetMGM,41.9,PASS,SPECULATIVE,0,,53.4,LOTTO,38.6,AVOID,43.5,AVOID,58.2,NEUTRAL,39.8,49.2,50,53.3,60,6.6,31.6,4-Seam Fastball,25.2,Changeup,Sweeper,18.9,62,Thin profile
166,Nasim Nuñez,Washington Nationals,Cincinnati Reds,Washington Nationals @ Cincinnati Reds,,Nick Lodolo,,1200,BetMGM,41.6,PASS,SPECULATIVE,0,,60.3,STANDARD,53.1,THIN,62.9,NEUTRAL,55,THIN,40,57.5,50,36.2,38,0,18.9,Curveball,20.5,Splitter,Sinker,99,58,Thin profile
167,Nick Yorke,Pittsburgh Pirates,Colorado Rockies,Colorado Rockies @ Pittsburgh Pirates,,Jose Quintana,,920,FanDuel,41.5,PASS,SPECULATIVE,0,,59.4,STANDARD,50.6,THIN,60.7,NEUTRAL,55.7,THIN,49.6,49.3,50,41.5,46,5.2,48.3,4-Seam Fastball,28.2,Changeup,Slurve,73.5,62,Thin profile
168,Miguel Andujar,San Diego Padres,Milwaukee Brewers,San Diego Padres @ Milwaukee Brewers,,Jacob Misiorowski,,880,FanDuel,41.3,PASS,SPECULATIVE,0,,54.5,LOTTO,38.6,AVOID,42,AVOID,63.8,NEUTRAL,43.7,51.8,50,42.5,46,4.7,42.4,4-Seam Fastball,61.3,4-Seam Fastball,4-Seam Fastball,10.4,50,Thin profile
169,Cesar Prieto,St. Louis Cardinals,Athletics,St. Louis Cardinals @ Athletics,,J.T. Ginn,,920,FanDuel,41,PASS,SPECULATIVE,0,,61.8,STANDARD,47.5,THIN,55.2,NEUTRAL,58.5,NEUTRAL,50,52.3,50,41.5,46,0,0,Sinker,31.7,Sinker,Sinker,49.5,62,Thin profile
170,Sung-Mun Song,San Diego Padres,Milwaukee Brewers,San Diego Padres @ Milwaukee Brewers,,Jacob Misiorowski,,1000,BetMGM,40.9,PASS,SPECULATIVE,0,,58,STANDARD,45.8,THIN,54.1,THIN,65.7,NEUTRAL,73,51.8,50,39.7,46,25,37.5,4-Seam Fastball,61.3,Cutter,4-Seam Fastball,10.4,62,Thin profile
171,Brandon Marsh,Philadelphia Phillies,Boston Red Sox,Philadelphia Phillies @ Boston Red Sox,,Sonny Gray,,1060,DraftKings,40.6,PASS,SPECULATIVE,0,,58.8,STANDARD,47.7,THIN,59.1,NEUTRAL,59.9,NEUTRAL,52.3,51.1,50,38.6,38,6.3,48.2,4-Seam Fastball,11.4,4-Seam Fastball,Cutter,52.5,62,Thin profile
172,Jorge Mateo,Atlanta Braves,Chicago Cubs,Chicago Cubs @ Atlanta Braves,,Shota Imanaga,,960,DraftKings,40.1,PASS,SPECULATIVE,1,,56.1,STANDARD,41.5,AVOID,50.9,THIN,70.7,PLUS,59.1,50.1,50,40.6,46,11.1,41.7,4-Seam Fastball,34.6,4-Seam Fastball,4-Seam Fastball,15.3,62,Thin profile
173,Jose Altuve,Houston Astros,Seattle Mariners,Seattle Mariners @ Houston Astros,,Bryce Miller,,537,DraftKings,40.1,PASS,SPECULATIVE,0,,54.6,WATCH,40.4,AVOID,37.8,AVOID,44.5,AVOID,43.9,52.7,50,67.2,64,6.7,36.4,,0,,,34.4,50,Thin profile
174,Jacob Young,Washington Nationals,Cincinnati Reds,Washington Nationals @ Cincinnati Reds,,Nick Lodolo,,1600,FanDuel,39.9,PASS,SPECULATIVE,0,,54.5,LOTTO,50.8,THIN,62.4,NEUTRAL,57.7,THIN,34.1,57.5,50,32,38,4.5,31,4-Seam Fastball,23.1,4-Seam Fastball,Sinker,99,62,Thin profile
175,Billy Cook,Pittsburgh Pirates,Colorado Rockies,Colorado Rockies @ Pittsburgh Pirates,,Jose Quintana,,900,DraftKings,39.5,PASS,SPECULATIVE,0,,59.2,STANDARD,48.2,THIN,56.2,NEUTRAL,52.1,THIN,40,49.3,50,42,46,0,15.4,4-Seam Fastball,28.2,4-Seam Fastball,Slurve,73.5,62,Thin profile
176,Nick Gonzales,Pittsburgh Pirates,Colorado Rockies,Colorado Rockies @ Pittsburgh Pirates,,Jose Quintana,,1080,DraftKings,39.2,PASS,SPECULATIVE,0,,54.4,LOTTO,47.9,THIN,57.5,NEUTRAL,59.3,NEUTRAL,41.3,49.3,50,38.2,38,1.8,41.6,4-Seam Fastball,28.2,4-Seam Fastball,Slurve,73.5,62,Thin profile
177,Christian Yelich,Milwaukee Brewers,San Diego Padres,San Diego Padres @ Milwaukee Brewers,,Michael King,,790,FanDuel,39.1,PASS,SPECULATIVE,0,,54.8,LOTTO,43.9,AVOID,38.7,AVOID,44.2,AVOID,43.6,54.1,50,51.1,54,5.1,41,,0,,,29.8,62,Thin profile
178,Mauricio Dubón,Atlanta Braves,Chicago Cubs,Chicago Cubs @ Atlanta Braves,,Shota Imanaga,,890,DraftKings,38.8,PASS,SPECULATIVE,0,,51.4,LOTTO,35.5,AVOID,41.2,AVOID,59.1,NEUTRAL,35,50.1,50,42.3,46,5,30.6,4-Seam Fastball,34.6,Sinker,4-Seam Fastball,15.3,62,Thin profile
179,Brooks Lee,Minnesota Twins,Miami Marlins,Miami Marlins @ Minnesota Twins,,Max Meyer,,880,FanDuel,38.8,PASS,SPECULATIVE,0,,51.3,LOTTO,35.3,AVOID,41.2,AVOID,59.5,NEUTRAL,33.7,49.2,50,42.5,46,4.5,30.6,4-Seam Fastball,25.2,4-Seam Fastball,Sweeper,18.9,58,Thin profile
180,Nico Hoerner,Chicago Cubs,Atlanta Braves,Chicago Cubs @ Atlanta Braves,,JR Ritchie,,1280,DraftKings,38.7,PASS,SPECULATIVE,0,,54.9,LOTTO,49.2,THIN,57.1,NEUTRAL,56.6,THIN,30,50.3,50,35.1,38,2,26.1,Curveball,25.7,Curveball,Changeup,92.5,50,Thin profile
181,William Contreras,Milwaukee Brewers,San Diego Padres,San Diego Padres @ Milwaukee Brewers,,Michael King,,900,DraftKings,38.6,PASS,SPECULATIVE,0,,58.2,STANDARD,44.1,AVOID,48.8,THIN,59.6,NEUTRAL,49.9,54.1,50,42,46,7,43,4-Seam Fastball,22.9,4-Seam Fastball,Sweeper,29.8,50,Thin profile
182,César Salazar,Houston Astros,Seattle Mariners,Seattle Mariners @ Houston Astros,,Bryce Miller,,750,Caesars,38.6,PASS,SPECULATIVE,0,,55,STANDARD,38.2,AVOID,40.3,AVOID,43.7,AVOID,44.6,52.7,50,52.4,60,0,33.3,,0,,,34.4,62,Thin profile
183,Matt Chapman,San Francisco Giants,Los Angeles Dodgers,San Francisco Giants @ Los Angeles Dodgers,,Shohei Ohtani,,790,FanDuel,38.5,PASS,SPECULATIVE,0,,51.4,LOTTO,35.6,AVOID,35.8,AVOID,56.6,THIN,36.1,51,50,51.1,54,5.4,30.7,4-Seam Fastball,47,Slider,4-Seam Fastball,5.8,50,Thin profile
184,Tyrone Taylor,New York Mets,Detroit Tigers,Detroit Tigers @ New York Mets,,Framber Valdez,,980,FanDuel,38.4,PASS,SPECULATIVE,0,,55.5,STANDARD,46.5,THIN,51.6,THIN,57.6,THIN,33.9,50.3,50,40.1,46,4.9,29.5,Sinker,39.9,Cutter,Sinker,62.9,62,Thin profile
185,Brett Baty,New York Mets,Detroit Tigers,Detroit Tigers @ New York Mets,,Framber Valdez,,1040,FanDuel,38.4,PASS,SPECULATIVE,0,,54.4,LOTTO,49.7,THIN,53.4,THIN,56.8,THIN,46.9,50.3,50,38.9,38,7.2,38.6,Changeup,24.2,4-Seam Fastball,Sinker,62.9,43,Thin profile
186,Bryson Stott,Philadelphia Phillies,Boston Red Sox,Philadelphia Phillies @ Boston Red Sox,,Sonny Gray,,1160,DraftKings,38.2,PASS,SPECULATIVE,0,,53,LOTTO,46.2,THIN,55.5,NEUTRAL,60.1,NEUTRAL,47.6,51.1,50,36.8,38,6.8,40.8,Cutter,30,4-Seam Fastball,Cutter,52.5,62,Thin profile
187,Alejandro Osuna,Texas Rangers,Arizona Diamondbacks,Arizona Diamondbacks @ Texas Rangers,,Ryne Nelson,,1220,DraftKings,38.1,PASS,SPECULATIVE,0,,55.6,STANDARD,50,THIN,60.6,NEUTRAL,48.4,THIN,40,51.4,50,35.9,38,0,26.9,Curveball,5.1,Curveball,4-Seam Fastball,77.5,62,Thin profile
188,Geraldo Perdomo,Arizona Diamondbacks,Texas Rangers,Arizona Diamondbacks @ Texas Rangers,,Kumar Rocker,,1100,DraftKings,38.1,PASS,SPECULATIVE,0,,54.8,LOTTO,48.4,THIN,53.9,THIN,56.2,THIN,33.5,51.2,50,37.8,38,3.6,31.9,Sinker,32.6,4-Seam Fastball,Changeup,72.5,58,Thin profile
189,Willi Castro,Colorado Rockies,Pittsburgh Pirates,Colorado Rockies @ Pittsburgh Pirates,,Mitch Keller,,900,BetMGM,38.1,PASS,SPECULATIVE,0,,53.8,LOTTO,40,AVOID,49,THIN,66.3,NEUTRAL,49.7,47.5,50,42,46,6.9,43.1,4-Seam Fastball,39.7,4-Seam Fastball,4-Seam Fastball,22.3,58,Thin profile
190,Andrés Giménez,Toronto Blue Jays,Tampa Bay Rays,Tampa Bay Rays @ Toronto Blue Jays,,Griffin Jax,,1120,DraftKings,38,PASS,SPECULATIVE,0,,54.6,LOTTO,47.9,THIN,55.1,NEUTRAL,55.6,THIN,30.5,53.8,50,37.5,38,4.2,26.3,4-Seam Fastball,30.4,Slider,4-Seam Fastball,76.7,62,Thin profile
191,Isaac Paredes,Houston Astros,Seattle Mariners,Seattle Mariners @ Houston Astros,,Bryce Miller,,541,DraftKings,37.4,PASS,SPECULATIVE,0,,53.3,WATCH,36.7,AVOID,32.2,AVOID,41.6,AVOID,30,52.7,50,67,64,3.6,26.1,,0,,,34.4,50,Thin profile
192,Ernie Clement,Toronto Blue Jays,Tampa Bay Rays,Tampa Bay Rays @ Toronto Blue Jays,,Griffin Jax,,1200,DraftKings,37.2,PASS,SPECULATIVE,0,,54.2,LOTTO,47.6,THIN,52.9,THIN,55.1,THIN,30,53.8,50,36.2,38,1.3,26.6,4-Seam Fastball,30.4,Changeup,4-Seam Fastball,76.7,50,Thin profile
193,J.T. Realmuto,Philadelphia Phillies,Boston Red Sox,Philadelphia Phillies @ Boston Red Sox,,Sonny Gray,,980,FanDuel,37.2,PASS,SPECULATIVE,0,,53.9,LOTTO,44.8,AVOID,49.4,THIN,57,THIN,40.2,51.1,50,40.1,46,2.8,40.3,Cutter,30,Splitter,Cutter,52.5,50,Thin profile
194,Jared Triolo,Pittsburgh Pirates,Colorado Rockies,Colorado Rockies @ Pittsburgh Pirates,,Jose Quintana,,1200,BetMGM,37.1,PASS,SPECULATIVE,0,,51.2,LOTTO,46.1,THIN,55.1,NEUTRAL,57.3,THIN,35.6,49.3,50,36.2,38,3.6,34.5,4-Seam Fastball,28.2,4-Seam Fastball,Slurve,73.5,62,Thin profile
195,Harrison Bader,San Francisco Giants,Los Angeles Dodgers,San Francisco Giants @ Los Angeles Dodgers,,Shohei Ohtani,,900,BetMGM,37,PASS,SPECULATIVE,0,,54.5,LOTTO,38.1,AVOID,45.1,THIN,65.2,NEUTRAL,51.4,51,50,42,46,7.3,43.9,4-Seam Fastball,47,4-Seam Fastball,4-Seam Fastball,5.8,50,Thin profile
196,Andrew Vaughn,Milwaukee Brewers,San Diego Padres,San Diego Padres @ Milwaukee Brewers,,Michael King,,900,BetMGM,36.9,PASS,SPECULATIVE,0,,55.6,STANDARD,42.6,AVOID,46.6,THIN,57.5,THIN,44.3,54.1,50,42,46,7.1,35.7,4-Seam Fastball,22.9,4-Seam Fastball,Sweeper,29.8,50,Thin profile
197,Tyler Heineman,Toronto Blue Jays,Tampa Bay Rays,Tampa Bay Rays @ Toronto Blue Jays,,Griffin Jax,,1280,DraftKings,36.9,PASS,SPECULATIVE,0,,51.6,LOTTO,50,THIN,55,NEUTRAL,52.8,THIN,40,53.8,50,35.1,38,0,15.2,4-Seam Fastball,30.4,Sweeper,4-Seam Fastball,76.7,58,Thin profile
198,Vidal Bruján,New York Mets,Detroit Tigers,Detroit Tigers @ New York Mets,,Framber Valdez,,1050,BetMGM,36.8,PASS,SPECULATIVE,0,,55.3,STANDARD,50.5,THIN,54.8,THIN,45.7,AVOID,50,50.3,50,38.7,38,0,0,,0,4-Seam Fastball,Sinker,62.9,58,Thin profile
199,Troy Johnston,Colorado Rockies,Pittsburgh Pirates,Colorado Rockies @ Pittsburgh Pirates,,Mitch Keller,,900,BetMGM,36.4,PASS,SPECULATIVE,0,,52.6,LOTTO,37.9,AVOID,45.9,THIN,63.9,NEUTRAL,41.5,47.5,50,42,46,2.2,41.9,4-Seam Fastball,39.7,4-Seam Fastball,4-Seam Fastball,22.3,62,Thin profile
200,Cam Smith,Houston Astros,Seattle Mariners,Seattle Mariners @ Houston Astros,,Bryce Miller,,910,DraftKings,36.3,PASS,SPECULATIVE,0,,59.8,STANDARD,43.1,AVOID,48.1,THIN,47.6,AVOID,69.9,52.7,50,41.8,46,14.6,44.3,,0,,,34.4,50,Thin profile
201,Edmundo Sosa,Philadelphia Phillies,Boston Red Sox,Philadelphia Phillies @ Boston Red Sox,,Sonny Gray,,1020,DraftKings,35.8,PASS,SPECULATIVE,0,,52.8,LOTTO,44.5,AVOID,49.5,THIN,54.7,THIN,39.4,51.1,50,39.3,38,3.9,39.2,4-Seam Fastball,11.4,4-Seam Fastball,Cutter,52.5,50,Thin profile
202,Alec Bohm,Philadelphia Phillies,Boston Red Sox,Philadelphia Phillies @ Boston Red Sox,,Sonny Gray,,1120,DraftKings,35.5,PASS,SPECULATIVE,0,,49.6,LOTTO,44,AVOID,48.2,THIN,59.1,NEUTRAL,38.8,51.1,50,37.5,38,1.7,38.5,Cutter,30,Cutter,Cutter,52.5,50,Thin profile
203,Jake Fraley,Tampa Bay Rays,Toronto Blue Jays,Tampa Bay Rays @ Toronto Blue Jays,,Dylan Cease,,940,DraftKings,34.8,PASS,SPECULATIVE,0,,53.8,LOTTO,39.7,AVOID,42.6,AVOID,56.2,THIN,43.5,54.4,50,41,46,9.4,22.6,Changeup,13.5,Changeup,Sinker,11.8,62,Thin profile
204,Ezequiel Tovar,Colorado Rockies,Pittsburgh Pirates,Colorado Rockies @ Pittsburgh Pirates,,Mitch Keller,,980,FanDuel,33.6,PASS,SPECULATIVE,0,,50.7,LOTTO,38.6,AVOID,42.2,AVOID,55.8,THIN,45.5,47.5,50,40.1,46,8.2,33.7,Sinker,12.4,Sinker,4-Seam Fastball,22.3,50,Thin profile
205,Chase Meidroth,Chicago White Sox,Kansas City Royals,Kansas City Royals @ Chicago White Sox,,Seth Lugo,,1200,BetMGM,33.6,PASS,SPECULATIVE,0,,48.1,LOTTO,42.5,AVOID,45.3,THIN,55.9,THIN,39.4,53.3,50,36.2,38,4.7,37,4-Seam Fastball,15.6,4-Seam Fastball,Cutter,35,50,Thin profile
206,Jake McCarthy,Colorado Rockies,Pittsburgh Pirates,Colorado Rockies @ Pittsburgh Pirates,,Mitch Keller,,1200,FanDuel,32.9,PASS,SPECULATIVE,0,,46.7,WATCH,35.4,AVOID,44.4,AVOID,62,NEUTRAL,35.5,47.5,50,36.2,38,6.2,22.7,4-Seam Fastball,39.7,4-Seam Fastball,4-Seam Fastball,22.3,62,Thin profile
207,Nick Fortes,Tampa Bay Rays,Toronto Blue Jays,Tampa Bay Rays @ Toronto Blue Jays,,Dylan Cease,,1100,DraftKings,32.6,PASS,SPECULATIVE,0,,47.9,WATCH,39.8,AVOID,41.8,AVOID,56.8,THIN,45.7,54.4,50,37.8,38,1.1,47.1,4-Seam Fastball,31.9,Splitter,Sinker,11.8,50,Thin profile
208,Kyle Karros,Colorado Rockies,Pittsburgh Pirates,Colorado Rockies @ Pittsburgh Pirates,,Mitch Keller,,1240,DraftKings,32.4,PASS,SPECULATIVE,0,,44.7,DEEP FADE,37.7,AVOID,42.7,AVOID,61.4,NEUTRAL,44.7,47.5,50,35.7,38,6.2,39,4-Seam Fastball,39.7,4-Seam Fastball,4-Seam Fastball,22.3,50,Thin profile
209,Freddy Fermin,San Diego Padres,Milwaukee Brewers,San Diego Padres @ Milwaukee Brewers,,Jacob Misiorowski,,1050,BetMGM,32.1,PASS,SPECULATIVE,0,,51.1,LOTTO,37.7,AVOID,39.4,AVOID,54,THIN,42.7,51.8,50,38.7,38,0,30.9,4-Seam Fastball,61.3,Sweeper,4-Seam Fastball,10.4,50,Thin profile
210,Luis Rengifo,Milwaukee Brewers,San Diego Padres,San Diego Padres @ Milwaukee Brewers,,Michael King,,1500,BetMGM,32.1,PASS,SPECULATIVE,0,,42.8,DEEP FADE,40.4,AVOID,47.3,THIN,56.5,THIN,41.8,54.1,50,32.6,38,6.1,35.7,Sinker,20.8,Curveball,Sweeper,29.8,58,Thin profile
211,Cedric Mullins,Tampa Bay Rays,Toronto Blue Jays,Tampa Bay Rays @ Toronto Blue Jays,,Dylan Cease,,980,FanDuel,31.9,PASS,SPECULATIVE,0,,49.3,LOTTO,36.1,AVOID,38.2,AVOID,55.2,THIN,30,54.4,50,40.1,46,2,27,Changeup,13.5,Changeup,Sinker,11.8,62,Thin profile
212,Masyn Winn,St. Louis Cardinals,Athletics,St. Louis Cardinals @ Athletics,,J.T. Ginn,,1450,BetMGM,31.9,PASS,SPECULATIVE,0,,47.3,WATCH,41,AVOID,45.2,THIN,51.5,THIN,30,52.3,50,33.1,38,2.8,25.9,4-Seam Fastball,14.3,Slider,Sinker,49.5,50,Thin profile
213,Jung Hoo Lee,San Francisco Giants,Los Angeles Dodgers,San Francisco Giants @ Los Angeles Dodgers,,Shohei Ohtani,,1080,DraftKings,31.6,PASS,SPECULATIVE,0,,48.3,LOTTO,32.9,AVOID,37.9,AVOID,61.3,NEUTRAL,33.5,51,50,38.2,38,2.2,31.9,4-Seam Fastball,47,4-Seam Fastball,4-Seam Fastball,5.8,62,Thin profile
214,Jonny DeLuca,Tampa Bay Rays,Toronto Blue Jays,Tampa Bay Rays @ Toronto Blue Jays,,Dylan Cease,,990,DraftKings,31.5,PASS,SPECULATIVE,0,,50.6,LOTTO,37,AVOID,37.4,AVOID,51.3,THIN,33.6,54.4,50,39.9,46,4,32,Sinker,9.7,Sinker,Sinker,11.8,50,Thin profile
215,Jesus Rodriguez,San Francisco Giants,Los Angeles Dodgers,San Francisco Giants @ Los Angeles Dodgers,,Shohei Ohtani,,1220,DraftKings,30.9,PASS,SPECULATIVE,0,,46,WATCH,36.5,AVOID,40.3,AVOID,55.9,THIN,49.1,51,50,35.9,38,0,38.9,4-Seam Fastball,47,Slider,4-Seam Fastball,5.8,50,Thin profile
216,Taylor Walls,Tampa Bay Rays,Toronto Blue Jays,Tampa Bay Rays @ Toronto Blue Jays,,Dylan Cease,,1300,FanDuel,30.9,PASS,SPECULATIVE,0,,44.6,DEEP FADE,37.8,AVOID,41.1,AVOID,56,THIN,40,54.4,50,34.9,38,0,14.7,4-Seam Fastball,31.9,4-Seam Fastball,Sinker,11.8,58,Thin profile
217,Victor Scott II,St. Louis Cardinals,Athletics,St. Louis Cardinals @ Athletics,,J.T. Ginn,,2200,BetMGM,30.8,PASS,SPECULATIVE,0,,40.5,DEEP FADE,40.8,AVOID,47.1,THIN,53.2,THIN,30,52.3,50,32,38,1.4,26.7,Cutter,17.4,Curveball,Sinker,49.5,62,Thin profile
218,Ryan Vilade,Tampa Bay Rays,Toronto Blue Jays,Tampa Bay Rays @ Toronto Blue Jays,,Dylan Cease,,1060,DraftKings,30.6,PASS,SPECULATIVE,0,,49.3,LOTTO,37.5,AVOID,38.7,AVOID,49.8,THIN,36.6,54.4,50,38.6,38,4.3,34.8,Sinker,9.7,Sinker,Sinker,11.8,50,Thin profile
219,Tyler Freeman,Colorado Rockies,Pittsburgh Pirates,Colorado Rockies @ Pittsburgh Pirates,,Mitch Keller,,1560,DraftKings,30.3,PASS,SPECULATIVE,0,,39.5,DEEP FADE,36.7,AVOID,43.7,AVOID,58.7,NEUTRAL,43.2,47.5,50,32.1,38,0,31.5,4-Seam Fastball,39.7,Slider,4-Seam Fastball,22.3,50,Thin profile
220,Ben Williamson,Tampa Bay Rays,Toronto Blue Jays,Tampa Bay Rays @ Toronto Blue Jays,,Dylan Cease,,1300,Caesars,30.2,PASS,SPECULATIVE,0,,42.6,DEEP FADE,37.5,AVOID,40,AVOID,56,THIN,38.9,54.4,50,34.9,38,1.1,38.6,4-Seam Fastball,31.9,Splitter,Sinker,11.8,50,Thin profile
221,David Hamilton,Milwaukee Brewers,San Diego Padres,San Diego Padres @ Milwaukee Brewers,,Michael King,,1600,BetMGM,29.8,PASS,SPECULATIVE,0,,41.8,DEEP FADE,37.3,AVOID,42.4,AVOID,54,THIN,30,54.1,50,32,38,2.6,25,4-Seam Fastball,22.9,4-Seam Fastball,Sweeper,29.8,62,Thin profile
222,Zach McKinstry,Detroit Tigers,New York Mets,Detroit Tigers @ New York Mets,,Christian Scott,,1260,FanDuel,29.3,PASS,SPECULATIVE,0,,44.3,DEEP FADE,38.5,AVOID,40.1,AVOID,48.3,THIN,30,48.4,50,35.4,38,2.2,24.4,4-Seam Fastball,55.3,Curveball,Sweeper,34.7,62,Thin profile
223,Luis Arraez,San Francisco Giants,Los Angeles Dodgers,San Francisco Giants @ Los Angeles Dodgers,,Shohei Ohtani,,1500,DraftKings,29.1,PASS,SPECULATIVE,0,,42.2,DEEP FADE,33.6,AVOID,39.9,AVOID,56,THIN,40,51,50,32.6,38,0,19,4-Seam Fastball,47,Curveball,4-Seam Fastball,5.8,62,Thin profile
224,Austin Martin,Minnesota Twins,Miami Marlins,Miami Marlins @ Minnesota Twins,,Max Meyer,,1800,BetMGM,28.9,PASS,SPECULATIVE,0,,37.9,DEEP FADE,34.2,AVOID,40.3,AVOID,59.4,NEUTRAL,36,49.2,50,32,38,2.5,35,Sweeper,29.9,Sweeper,Sweeper,18.9,50,Thin profile
225,Luke Keaschall,Minnesota Twins,Miami Marlins,Miami Marlins @ Minnesota Twins,,Max Meyer,,1360,DraftKings,28.7,PASS,SPECULATIVE,0,,42.1,DEEP FADE,33,AVOID,37.9,AVOID,55.8,THIN,30,49.2,50,34.1,38,3.2,24,Slider,26.4,Slider,Sweeper,18.9,50,Thin profile
226,Sal Frelick,Milwaukee Brewers,San Diego Padres,San Diego Padres @ Milwaukee Brewers,,Michael King,,2000,Caesars,28.6,PASS,SPECULATIVE,0,,38,DEEP FADE,37.3,AVOID,42.3,AVOID,52.7,THIN,30,54.1,50,32,38,3.7,25,Sweeper,22.5,Cutter,Sweeper,29.8,62,Thin profile
227,Chandler Simpson,Tampa Bay Rays,Toronto Blue Jays,Tampa Bay Rays @ Toronto Blue Jays,,Dylan Cease,,2200,DraftKings,26.7,PASS,SPECULATIVE,0,,33.8,DEEP FADE,37.4,AVOID,42.2,AVOID,48.4,THIN,40,54.4,50,32,38,0,15.3,Sinker,9.7,Slider,Sinker,11.8,62,Thin profile