date,game_pk,game,commence_time,team,team_abbr,opponent,opponent_abbr,venue,home_away,name,player,mlbam,lineup_spot,position,lineup_status,pitcher,opposing_pitcher
2026-05-15,823384,Philadelphia Phillies @ Pittsburgh Pirates,2026-05-15T22:40:00Z,Philadelphia Phillies,PHI,Pittsburgh Pirates,PIT,PNC Park,away,Brandon Marsh,Brandon Marsh,669016,,LF,roster,Braxton Ashcraft,Braxton Ashcraft
2026-05-15,823384,Philadelphia Phillies @ Pittsburgh Pirates,2026-05-15T22:40:00Z,Philadelphia Phillies,PHI,Pittsburgh Pirates,PIT,PNC Park,away,Justin Crawford,Justin Crawford,702222,,CF,roster,Braxton Ashcraft,Braxton Ashcraft
2026-05-15,823384,Philadelphia Phillies @ Pittsburgh Pirates,2026-05-15T22:40:00Z,Philadelphia Phillies,PHI,Pittsburgh Pirates,PIT,PNC Park,away,Bryce Harper,Bryce Harper,547180,,1B,roster,Braxton Ashcraft,Braxton Ashcraft
2026-05-15,823384,Philadelphia Phillies @ Pittsburgh Pirates,2026-05-15T22:40:00Z,Philadelphia Phillies,PHI,Pittsburgh Pirates,PIT,PNC Park,away,J.T. Realmuto,J.T. Realmuto,592663,,C,roster,Braxton Ashcraft,Braxton Ashcraft
2026-05-15,823384,Philadelphia Phillies @ Pittsburgh Pirates,2026-05-15T22:40:00Z,Philadelphia Phillies,PHI,Pittsburgh Pirates,PIT,PNC Park,away,Edmundo Sosa,Edmundo Sosa,624641,,2B,roster,Braxton Ashcraft,Braxton Ashcraft
2026-05-15,823384,Philadelphia Phillies @ Pittsburgh Pirates,2026-05-15T22:40:00Z,Philadelphia Phillies,PHI,Pittsburgh Pirates,PIT,PNC Park,away,Alec Bohm,Alec Bohm,664761,,3B,roster,Braxton Ashcraft,Braxton Ashcraft
2026-05-15,823384,Philadelphia Phillies @ Pittsburgh Pirates,2026-05-15T22:40:00Z,Philadelphia Phillies,PHI,Pittsburgh Pirates,PIT,PNC Park,away,Bryson Stott,Bryson Stott,681082,,2B,roster,Braxton Ashcraft,Braxton Ashcraft
2026-05-15,823384,Philadelphia Phillies @ Pittsburgh Pirates,2026-05-15T22:40:00Z,Philadelphia Phillies,PHI,Pittsburgh Pirates,PIT,PNC Park,away,Kyle Schwarber,Kyle Schwarber,656941,,DH,roster,Braxton Ashcraft,Braxton Ashcraft
2026-05-15,823384,Philadelphia Phillies @ Pittsburgh Pirates,2026-05-15T22:40:00Z,Philadelphia Phillies,PHI,Pittsburgh Pirates,PIT,PNC Park,away,Rafael Marchán,Rafael Marchán,665561,,C,roster,Braxton Ashcraft,Braxton Ashcraft
2026-05-15,823384,Philadelphia Phillies @ Pittsburgh Pirates,2026-05-15T22:40:00Z,Philadelphia Phillies,PHI,Pittsburgh Pirates,PIT,PNC Park,away,Felix Reyes,Felix Reyes,694025,,LF,roster,Braxton Ashcraft,Braxton Ashcraft
2026-05-15,823384,Philadelphia Phillies @ Pittsburgh Pirates,2026-05-15T22:40:00Z,Philadelphia Phillies,PHI,Pittsburgh Pirates,PIT,PNC Park,away,Garrett Stubbs,Garrett Stubbs,596117,,C,roster,Braxton Ashcraft,Braxton Ashcraft
2026-05-15,823384,Philadelphia Phillies @ Pittsburgh Pirates,2026-05-15T22:40:00Z,Philadelphia Phillies,PHI,Pittsburgh Pirates,PIT,PNC Park,away,Adolis García,Adolis García,666969,,RF,roster,Braxton Ashcraft,Braxton Ashcraft
2026-05-15,823384,Philadelphia Phillies @ Pittsburgh Pirates,2026-05-15T22:40:00Z,Philadelphia Phillies,PHI,Pittsburgh Pirates,PIT,PNC Park,away,Trea Turner,Trea Turner,607208,,SS,roster,Braxton Ashcraft,Braxton Ashcraft
2026-05-15,823384,Philadelphia Phillies @ Pittsburgh Pirates,2026-05-15T22:40:00Z,Pittsburgh Pirates,PIT,Philadelphia Phillies,PHI,PNC Park,home,Nick Yorke,Nick Yorke,694377,,3B,roster,Aaron Nola,Aaron Nola
2026-05-15,823384,Philadelphia Phillies @ Pittsburgh Pirates,2026-05-15T22:40:00Z,Pittsburgh Pirates,PIT,Philadelphia Phillies,PHI,PNC Park,home,Spencer Horwitz,Spencer Horwitz,687462,,1B,roster,Aaron Nola,Aaron Nola
2026-05-15,823384,Philadelphia Phillies @ Pittsburgh Pirates,2026-05-15T22:40:00Z,Pittsburgh Pirates,PIT,Philadelphia Phillies,PHI,PNC Park,home,Brandon Lowe,Brandon Lowe,664040,,2B,roster,Aaron Nola,Aaron Nola
2026-05-15,823384,Philadelphia Phillies @ Pittsburgh Pirates,2026-05-15T22:40:00Z,Pittsburgh Pirates,PIT,Philadelphia Phillies,PHI,PNC Park,home,Endy Rodríguez,Endy Rodríguez,682848,,C,roster,Aaron Nola,Aaron Nola
2026-05-15,823384,Philadelphia Phillies @ Pittsburgh Pirates,2026-05-15T22:40:00Z,Pittsburgh Pirates,PIT,Philadelphia Phillies,PHI,PNC Park,home,Bryan Reynolds,Bryan Reynolds,668804,,LF,roster,Aaron Nola,Aaron Nola
2026-05-15,823384,Philadelphia Phillies @ Pittsburgh Pirates,2026-05-15T22:40:00Z,Pittsburgh Pirates,PIT,Philadelphia Phillies,PHI,PNC Park,home,Oneil Cruz,Oneil Cruz,665833,,CF,roster,Aaron Nola,Aaron Nola
2026-05-15,823384,Philadelphia Phillies @ Pittsburgh Pirates,2026-05-15T22:40:00Z,Pittsburgh Pirates,PIT,Philadelphia Phillies,PHI,PNC Park,home,Jared Triolo,Jared Triolo,669707,,SS,roster,Aaron Nola,Aaron Nola
2026-05-15,823384,Philadelphia Phillies @ Pittsburgh Pirates,2026-05-15T22:40:00Z,Pittsburgh Pirates,PIT,Philadelphia Phillies,PHI,PNC Park,home,Billy Cook,Billy Cook,695257,,RF,roster,Aaron Nola,Aaron Nola
2026-05-15,823384,Philadelphia Phillies @ Pittsburgh Pirates,2026-05-15T22:40:00Z,Pittsburgh Pirates,PIT,Philadelphia Phillies,PHI,PNC Park,home,Henry Davis,Henry Davis,680779,,C,roster,Aaron Nola,Aaron Nola
2026-05-15,823384,Philadelphia Phillies @ Pittsburgh Pirates,2026-05-15T22:40:00Z,Pittsburgh Pirates,PIT,Philadelphia Phillies,PHI,PNC Park,home,Konnor Griffin,Konnor Griffin,804606,,SS,roster,Aaron Nola,Aaron Nola
2026-05-15,823384,Philadelphia Phillies @ Pittsburgh Pirates,2026-05-15T22:40:00Z,Pittsburgh Pirates,PIT,Philadelphia Phillies,PHI,PNC Park,home,Ryan O'Hearn,Ryan O'Hearn,656811,,RF,roster,Aaron Nola,Aaron Nola
2026-05-15,823384,Philadelphia Phillies @ Pittsburgh Pirates,2026-05-15T22:40:00Z,Pittsburgh Pirates,PIT,Philadelphia Phillies,PHI,PNC Park,home,Nick Gonzales,Nick Gonzales,693304,,3B,roster,Aaron Nola,Aaron Nola
2026-05-15,823384,Philadelphia Phillies @ Pittsburgh Pirates,2026-05-15T22:40:00Z,Pittsburgh Pirates,PIT,Philadelphia Phillies,PHI,PNC Park,home,Marcell Ozuna,Marcell Ozuna,542303,,DH,roster,Aaron Nola,Aaron Nola
2026-05-15,822739,Baltimore Orioles @ Washington Nationals,2026-05-15T22:45:00Z,Baltimore Orioles,BAL,Washington Nationals,WSH,Nationals Park,away,Jeremiah Jackson,Jeremiah Jackson,669236,,2B,roster,Zack Littell,Zack Littell
2026-05-15,822739,Baltimore Orioles @ Washington Nationals,2026-05-15T22:45:00Z,Baltimore Orioles,BAL,Washington Nationals,WSH,Nationals Park,away,Samuel Basallo,Samuel Basallo,694212,,C,roster,Zack Littell,Zack Littell
2026-05-15,822739,Baltimore Orioles @ Washington Nationals,2026-05-15T22:45:00Z,Baltimore Orioles,BAL,Washington Nationals,WSH,Nationals Park,away,Weston Wilson,Weston Wilson,642215,,3B,roster,Zack Littell,Zack Littell
2026-05-15,822739,Baltimore Orioles @ Washington Nationals,2026-05-15T22:45:00Z,Baltimore Orioles,BAL,Washington Nationals,WSH,Nationals Park,away,Gunnar Henderson,Gunnar Henderson,683002,,SS,roster,Zack Littell,Zack Littell
2026-05-15,822739,Baltimore Orioles @ Washington Nationals,2026-05-15T22:45:00Z,Baltimore Orioles,BAL,Washington Nationals,WSH,Nationals Park,away,Leody Taveras,Leody Taveras,665750,,CF,roster,Zack Littell,Zack Littell
2026-05-15,822739,Baltimore Orioles @ Washington Nationals,2026-05-15T22:45:00Z,Baltimore Orioles,BAL,Washington Nationals,WSH,Nationals Park,away,Taylor Ward,Taylor Ward,621493,,LF,roster,Zack Littell,Zack Littell
2026-05-15,822739,Baltimore Orioles @ Washington Nationals,2026-05-15T22:45:00Z,Baltimore Orioles,BAL,Washington Nationals,WSH,Nationals Park,away,Adley Rutschman,Adley Rutschman,668939,,C,roster,Zack Littell,Zack Littell
2026-05-15,822739,Baltimore Orioles @ Washington Nationals,2026-05-15T22:45:00Z,Baltimore Orioles,BAL,Washington Nationals,WSH,Nationals Park,away,Tyler O'Neill,Tyler O'Neill,641933,,RF,roster,Zack Littell,Zack Littell
2026-05-15,822739,Baltimore Orioles @ Washington Nationals,2026-05-15T22:45:00Z,Baltimore Orioles,BAL,Washington Nationals,WSH,Nationals Park,away,Blaze Alexander,Blaze Alexander,677942,,3B,roster,Zack Littell,Zack Littell
2026-05-15,822739,Baltimore Orioles @ Washington Nationals,2026-05-15T22:45:00Z,Baltimore Orioles,BAL,Washington Nationals,WSH,Nationals Park,away,Pete Alonso,Pete Alonso,624413,,1B,roster,Zack Littell,Zack Littell
2026-05-15,822739,Baltimore Orioles @ Washington Nationals,2026-05-15T22:45:00Z,Baltimore Orioles,BAL,Washington Nationals,WSH,Nationals Park,away,Maverick Handley,Maverick Handley,668974,,C,roster,Zack Littell,Zack Littell
2026-05-15,822739,Baltimore Orioles @ Washington Nationals,2026-05-15T22:45:00Z,Baltimore Orioles,BAL,Washington Nationals,WSH,Nationals Park,away,Colton Cowser,Colton Cowser,681297,,CF,roster,Zack Littell,Zack Littell
2026-05-15,822739,Baltimore Orioles @ Washington Nationals,2026-05-15T22:45:00Z,Baltimore Orioles,BAL,Washington Nationals,WSH,Nationals Park,away,Coby Mayo,Coby Mayo,691723,,3B,roster,Zack Littell,Zack Littell
2026-05-15,822739,Baltimore Orioles @ Washington Nationals,2026-05-15T22:45:00Z,Washington Nationals,WSH,Baltimore Orioles,BAL,Nationals Park,home,Brady House,Brady House,691781,,3B,roster,Shane Baz,Shane Baz
2026-05-15,822739,Baltimore Orioles @ Washington Nationals,2026-05-15T22:45:00Z,Washington Nationals,WSH,Baltimore Orioles,BAL,Nationals Park,home,CJ Abrams,CJ Abrams,682928,,SS,roster,Shane Baz,Shane Baz
2026-05-15,822739,Baltimore Orioles @ Washington Nationals,2026-05-15T22:45:00Z,Washington Nationals,WSH,Baltimore Orioles,BAL,Nationals Park,home,Nasim Nuñez,Nasim Nuñez,683083,,2B,roster,Shane Baz,Shane Baz
2026-05-15,822739,Baltimore Orioles @ Washington Nationals,2026-05-15T22:45:00Z,Washington Nationals,WSH,Baltimore Orioles,BAL,Nationals Park,home,Drew Millas,Drew Millas,686452,,C,roster,Shane Baz,Shane Baz
2026-05-15,822739,Baltimore Orioles @ Washington Nationals,2026-05-15T22:45:00Z,Washington Nationals,WSH,Baltimore Orioles,BAL,Nationals Park,home,Jorbit Vivas,Jorbit Vivas,678391,,3B,roster,Shane Baz,Shane Baz
2026-05-15,822739,Baltimore Orioles @ Washington Nationals,2026-05-15T22:45:00Z,Washington Nationals,WSH,Baltimore Orioles,BAL,Nationals Park,home,Joey Wiemer,Joey Wiemer,686894,,RF,roster,Shane Baz,Shane Baz
2026-05-15,822739,Baltimore Orioles @ Washington Nationals,2026-05-15T22:45:00Z,Washington Nationals,WSH,Baltimore Orioles,BAL,Nationals Park,home,Curtis Mead,Curtis Mead,678554,,1B,roster,Shane Baz,Shane Baz
2026-05-15,822739,Baltimore Orioles @ Washington Nationals,2026-05-15T22:45:00Z,Washington Nationals,WSH,Baltimore Orioles,BAL,Nationals Park,home,Daylen Lile,Daylen Lile,695734,,LF,roster,Shane Baz,Shane Baz
2026-05-15,822739,Baltimore Orioles @ Washington Nationals,2026-05-15T22:45:00Z,Washington Nationals,WSH,Baltimore Orioles,BAL,Nationals Park,home,José Tena,José Tena,677588,,DH,roster,Shane Baz,Shane Baz
2026-05-15,822739,Baltimore Orioles @ Washington Nationals,2026-05-15T22:45:00Z,Washington Nationals,WSH,Baltimore Orioles,BAL,Nationals Park,home,James Wood,James Wood,695578,,RF,roster,Shane Baz,Shane Baz
2026-05-15,822739,Baltimore Orioles @ Washington Nationals,2026-05-15T22:45:00Z,Washington Nationals,WSH,Baltimore Orioles,BAL,Nationals Park,home,Jacob Young,Jacob Young,696285,,CF,roster,Shane Baz,Shane Baz
2026-05-15,822739,Baltimore Orioles @ Washington Nationals,2026-05-15T22:45:00Z,Washington Nationals,WSH,Baltimore Orioles,BAL,Nationals Park,home,Keibert Ruiz,Keibert Ruiz,660688,,C,roster,Shane Baz,Shane Baz
2026-05-15,822739,Baltimore Orioles @ Washington Nationals,2026-05-15T22:45:00Z,Washington Nationals,WSH,Baltimore Orioles,BAL,Nationals Park,home,Luis García Jr.,Luis García Jr.,671277,,1B,roster,Shane Baz,Shane Baz
2026-05-15,824280,Toronto Blue Jays @ Detroit Tigers,2026-05-15T22:45:00Z,Toronto Blue Jays,TOR,Detroit Tigers,DET,Comerica Park,away,Lenyn Sosa,Lenyn Sosa,672820,,2B,roster,Ty Madden,Ty Madden
2026-05-15,824280,Toronto Blue Jays @ Detroit Tigers,2026-05-15T22:45:00Z,Toronto Blue Jays,TOR,Detroit Tigers,DET,Comerica Park,away,Ernie Clement,Ernie Clement,676391,,2B,roster,Ty Madden,Ty Madden
2026-05-15,824280,Toronto Blue Jays @ Detroit Tigers,2026-05-15T22:45:00Z,Toronto Blue Jays,TOR,Detroit Tigers,DET,Comerica Park,away,Daulton Varsho,Daulton Varsho,662139,,CF,roster,Ty Madden,Ty Madden
2026-05-15,824280,Toronto Blue Jays @ Detroit Tigers,2026-05-15T22:45:00Z,Toronto Blue Jays,TOR,Detroit Tigers,DET,Comerica Park,away,Andrés Giménez,Andrés Giménez,665926,,SS,roster,Ty Madden,Ty Madden
2026-05-15,824280,Toronto Blue Jays @ Detroit Tigers,2026-05-15T22:45:00Z,Toronto Blue Jays,TOR,Detroit Tigers,DET,Comerica Park,away,Brandon Valenzuela,Brandon Valenzuela,678218,,C,roster,Ty Madden,Ty Madden
2026-05-15,824280,Toronto Blue Jays @ Detroit Tigers,2026-05-15T22:45:00Z,Toronto Blue Jays,TOR,Detroit Tigers,DET,Comerica Park,away,Davis Schneider,Davis Schneider,676914,,LF,roster,Ty Madden,Ty Madden
2026-05-15,824280,Toronto Blue Jays @ Detroit Tigers,2026-05-15T22:45:00Z,Toronto Blue Jays,TOR,Detroit Tigers,DET,Comerica Park,away,Yohendrick Piñango,Yohendrick Piñango,682818,,LF,roster,Ty Madden,Ty Madden
2026-05-15,824280,Toronto Blue Jays @ Detroit Tigers,2026-05-15T22:45:00Z,Toronto Blue Jays,TOR,Detroit Tigers,DET,Comerica Park,away,George Springer,George Springer,543807,,DH,roster,Ty Madden,Ty Madden
2026-05-15,824280,Toronto Blue Jays @ Detroit Tigers,2026-05-15T22:45:00Z,Toronto Blue Jays,TOR,Detroit Tigers,DET,Comerica Park,away,Tyler Heineman,Tyler Heineman,623168,,C,roster,Ty Madden,Ty Madden
2026-05-15,824280,Toronto Blue Jays @ Detroit Tigers,2026-05-15T22:45:00Z,Toronto Blue Jays,TOR,Detroit Tigers,DET,Comerica Park,away,Vladimir Guerrero Jr.,Vladimir Guerrero Jr.,665489,,1B,roster,Ty Madden,Ty Madden
2026-05-15,824280,Toronto Blue Jays @ Detroit Tigers,2026-05-15T22:45:00Z,Toronto Blue Jays,TOR,Detroit Tigers,DET,Comerica Park,away,Jesús Sánchez,Jesús Sánchez,660821,,RF,roster,Ty Madden,Ty Madden
2026-05-15,824280,Toronto Blue Jays @ Detroit Tigers,2026-05-15T22:45:00Z,Toronto Blue Jays,TOR,Detroit Tigers,DET,Comerica Park,away,Myles Straw,Myles Straw,664702,,RF,roster,Ty Madden,Ty Madden
2026-05-15,824280,Toronto Blue Jays @ Detroit Tigers,2026-05-15T22:45:00Z,Toronto Blue Jays,TOR,Detroit Tigers,DET,Comerica Park,away,Kazuma Okamoto,Kazuma Okamoto,672960,,3B,roster,Ty Madden,Ty Madden
2026-05-15,824280,Toronto Blue Jays @ Detroit Tigers,2026-05-15T22:45:00Z,Detroit Tigers,DET,Toronto Blue Jays,TOR,Comerica Park,home,Gage Workman,Gage Workman,669398,,3B,roster,Trey Yesavage,Trey Yesavage
2026-05-15,824280,Toronto Blue Jays @ Detroit Tigers,2026-05-15T22:45:00Z,Detroit Tigers,DET,Toronto Blue Jays,TOR,Comerica Park,home,Zach McKinstry,Zach McKinstry,656716,,2B,roster,Trey Yesavage,Trey Yesavage
2026-05-15,824280,Toronto Blue Jays @ Detroit Tigers,2026-05-15T22:45:00Z,Detroit Tigers,DET,Toronto Blue Jays,TOR,Comerica Park,home,Hao-Yu  Lee,Hao-Yu  Lee,701678,,3B,roster,Trey Yesavage,Trey Yesavage
2026-05-15,824280,Toronto Blue Jays @ Detroit Tigers,2026-05-15T22:45:00Z,Detroit Tigers,DET,Toronto Blue Jays,TOR,Comerica Park,home,Jahmai Jones,Jahmai Jones,663330,,DH,roster,Trey Yesavage,Trey Yesavage
2026-05-15,824280,Toronto Blue Jays @ Detroit Tigers,2026-05-15T22:45:00Z,Detroit Tigers,DET,Toronto Blue Jays,TOR,Comerica Park,home,Riley Greene,Riley Greene,682985,,LF,roster,Trey Yesavage,Trey Yesavage
2026-05-15,824280,Toronto Blue Jays @ Detroit Tigers,2026-05-15T22:45:00Z,Detroit Tigers,DET,Toronto Blue Jays,TOR,Comerica Park,home,Kevin McGonigle,Kevin McGonigle,805808,,SS,roster,Trey Yesavage,Trey Yesavage
2026-05-15,824280,Toronto Blue Jays @ Detroit Tigers,2026-05-15T22:45:00Z,Detroit Tigers,DET,Toronto Blue Jays,TOR,Comerica Park,home,Zack Short,Zack Short,670097,,SS,roster,Trey Yesavage,Trey Yesavage
2026-05-15,824280,Toronto Blue Jays @ Detroit Tigers,2026-05-15T22:45:00Z,Detroit Tigers,DET,Toronto Blue Jays,TOR,Comerica Park,home,Spencer Torkelson,Spencer Torkelson,679529,,1B,roster,Trey Yesavage,Trey Yesavage
2026-05-15,824280,Toronto Blue Jays @ Detroit Tigers,2026-05-15T22:45:00Z,Detroit Tigers,DET,Toronto Blue Jays,TOR,Comerica Park,home,Jake Rogers,Jake Rogers,668670,,C,roster,Trey Yesavage,Trey Yesavage
2026-05-15,824280,Toronto Blue Jays @ Detroit Tigers,2026-05-15T22:45:00Z,Detroit Tigers,DET,Toronto Blue Jays,TOR,Comerica Park,home,Matt Vierling,Matt Vierling,663837,,CF,roster,Trey Yesavage,Trey Yesavage
2026-05-15,824280,Toronto Blue Jays @ Detroit Tigers,2026-05-15T22:45:00Z,Detroit Tigers,DET,Toronto Blue Jays,TOR,Comerica Park,home,Dillon Dingler,Dillon Dingler,693307,,C,roster,Trey Yesavage,Trey Yesavage
2026-05-15,824280,Toronto Blue Jays @ Detroit Tigers,2026-05-15T22:45:00Z,Detroit Tigers,DET,Toronto Blue Jays,TOR,Comerica Park,home,Colt Keith,Colt Keith,690993,,3B,roster,Trey Yesavage,Trey Yesavage
2026-05-15,824280,Toronto Blue Jays @ Detroit Tigers,2026-05-15T22:45:00Z,Detroit Tigers,DET,Toronto Blue Jays,TOR,Comerica Park,home,Wenceel Pérez,Wenceel Pérez,672761,,RF,roster,Trey Yesavage,Trey Yesavage
2026-05-15,824439,Cincinnati Reds @ Cleveland Guardians,2026-05-15T23:10:00Z,Cincinnati Reds,CIN,Cleveland Guardians,CLE,Progressive Field,away,Elly De La Cruz,Elly De La Cruz,682829,,SS,roster,Tanner Bibee,Tanner Bibee
2026-05-15,824439,Cincinnati Reds @ Cleveland Guardians,2026-05-15T23:10:00Z,Cincinnati Reds,CIN,Cleveland Guardians,CLE,Progressive Field,away,Dane Myers,Dane Myers,667472,,CF,roster,Tanner Bibee,Tanner Bibee
2026-05-15,824439,Cincinnati Reds @ Cleveland Guardians,2026-05-15T23:10:00Z,Cincinnati Reds,CIN,Cleveland Guardians,CLE,Progressive Field,away,Sal Stewart,Sal Stewart,701398,,1B,roster,Tanner Bibee,Tanner Bibee
2026-05-15,824439,Cincinnati Reds @ Cleveland Guardians,2026-05-15T23:10:00Z,Cincinnati Reds,CIN,Cleveland Guardians,CLE,Progressive Field,away,Nathaniel Lowe,Nathaniel Lowe,663993,,DH,roster,Tanner Bibee,Tanner Bibee
2026-05-15,824439,Cincinnati Reds @ Cleveland Guardians,2026-05-15T23:10:00Z,Cincinnati Reds,CIN,Cleveland Guardians,CLE,Progressive Field,away,Matt McLain,Matt McLain,680574,,2B,roster,Tanner Bibee,Tanner Bibee
2026-05-15,824439,Cincinnati Reds @ Cleveland Guardians,2026-05-15T23:10:00Z,Cincinnati Reds,CIN,Cleveland Guardians,CLE,Progressive Field,away,Ke'Bryan Hayes,Ke'Bryan Hayes,663647,,3B,roster,Tanner Bibee,Tanner Bibee
2026-05-15,824439,Cincinnati Reds @ Cleveland Guardians,2026-05-15T23:10:00Z,Cincinnati Reds,CIN,Cleveland Guardians,CLE,Progressive Field,away,Will Benson,Will Benson,666181,,RF,roster,Tanner Bibee,Tanner Bibee
2026-05-15,824439,Cincinnati Reds @ Cleveland Guardians,2026-05-15T23:10:00Z,Cincinnati Reds,CIN,Cleveland Guardians,CLE,Progressive Field,away,TJ Friedl,TJ Friedl,670770,,CF,roster,Tanner Bibee,Tanner Bibee
2026-05-15,824439,Cincinnati Reds @ Cleveland Guardians,2026-05-15T23:10:00Z,Cincinnati Reds,CIN,Cleveland Guardians,CLE,Progressive Field,away,Blake Dunn,Blake Dunn,694362,,RF,roster,Tanner Bibee,Tanner Bibee
2026-05-15,824439,Cincinnati Reds @ Cleveland Guardians,2026-05-15T23:10:00Z,Cincinnati Reds,CIN,Cleveland Guardians,CLE,Progressive Field,away,Spencer Steer,Spencer Steer,668715,,LF,roster,Tanner Bibee,Tanner Bibee
2026-05-15,824439,Cincinnati Reds @ Cleveland Guardians,2026-05-15T23:10:00Z,Cincinnati Reds,CIN,Cleveland Guardians,CLE,Progressive Field,away,Jose Trevino,Jose Trevino,624431,,C,roster,Tanner Bibee,Tanner Bibee
2026-05-15,824439,Cincinnati Reds @ Cleveland Guardians,2026-05-15T23:10:00Z,Cincinnati Reds,CIN,Cleveland Guardians,CLE,Progressive Field,away,Tyler Stephenson,Tyler Stephenson,663886,,C,roster,Tanner Bibee,Tanner Bibee
2026-05-15,824439,Cincinnati Reds @ Cleveland Guardians,2026-05-15T23:10:00Z,Cincinnati Reds,CIN,Cleveland Guardians,CLE,Progressive Field,away,JJ Bleday,JJ Bleday,668709,,LF,roster,Tanner Bibee,Tanner Bibee
2026-05-15,824439,Cincinnati Reds @ Cleveland Guardians,2026-05-15T23:10:00Z,Cleveland Guardians,CLE,Cincinnati Reds,CIN,Progressive Field,home,Chase DeLauter,Chase DeLauter,800050,,RF,roster,Andrew Abbott,Andrew Abbott
2026-05-15,824439,Cincinnati Reds @ Cleveland Guardians,2026-05-15T23:10:00Z,Cleveland Guardians,CLE,Cincinnati Reds,CIN,Progressive Field,home,Austin Hedges,Austin Hedges,595978,,C,roster,Andrew Abbott,Andrew Abbott
2026-05-15,824439,Cincinnati Reds @ Cleveland Guardians,2026-05-15T23:10:00Z,Cleveland Guardians,CLE,Cincinnati Reds,CIN,Progressive Field,home,Travis Bazzana,Travis Bazzana,683953,,2B,roster,Andrew Abbott,Andrew Abbott
2026-05-15,824439,Cincinnati Reds @ Cleveland Guardians,2026-05-15T23:10:00Z,Cleveland Guardians,CLE,Cincinnati Reds,CIN,Progressive Field,home,Daniel Schneemann,Daniel Schneemann,682177,,CF,roster,Andrew Abbott,Andrew Abbott
2026-05-15,824439,Cincinnati Reds @ Cleveland Guardians,2026-05-15T23:10:00Z,Cleveland Guardians,CLE,Cincinnati Reds,CIN,Progressive Field,home,Patrick Bailey,Patrick Bailey,672275,,C,roster,Andrew Abbott,Andrew Abbott
2026-05-15,824439,Cincinnati Reds @ Cleveland Guardians,2026-05-15T23:10:00Z,Cleveland Guardians,CLE,Cincinnati Reds,CIN,Progressive Field,home,Brayan Rocchio,Brayan Rocchio,677587,,SS,roster,Andrew Abbott,Andrew Abbott
2026-05-15,824439,Cincinnati Reds @ Cleveland Guardians,2026-05-15T23:10:00Z,Cleveland Guardians,CLE,Cincinnati Reds,CIN,Progressive Field,home,Petey Halpin,Petey Halpin,690984,,CF,roster,Andrew Abbott,Andrew Abbott
2026-05-15,824439,Cincinnati Reds @ Cleveland Guardians,2026-05-15T23:10:00Z,Cleveland Guardians,CLE,Cincinnati Reds,CIN,Progressive Field,home,David Fry,David Fry,681807,,RF,roster,Andrew Abbott,Andrew Abbott
2026-05-15,824439,Cincinnati Reds @ Cleveland Guardians,2026-05-15T23:10:00Z,Cleveland Guardians,CLE,Cincinnati Reds,CIN,Progressive Field,home,José Ramírez,José Ramírez,608070,,3B,roster,Andrew Abbott,Andrew Abbott
2026-05-15,824439,Cincinnati Reds @ Cleveland Guardians,2026-05-15T23:10:00Z,Cleveland Guardians,CLE,Cincinnati Reds,CIN,Progressive Field,home,Steven Kwan,Steven Kwan,680757,,CF,roster,Andrew Abbott,Andrew Abbott
2026-05-15,824439,Cincinnati Reds @ Cleveland Guardians,2026-05-15T23:10:00Z,Cleveland Guardians,CLE,Cincinnati Reds,CIN,Progressive Field,home,Angel Martínez,Angel Martínez,682657,,LF,roster,Andrew Abbott,Andrew Abbott
2026-05-15,824439,Cincinnati Reds @ Cleveland Guardians,2026-05-15T23:10:00Z,Cleveland Guardians,CLE,Cincinnati Reds,CIN,Progressive Field,home,Kyle Manzardo,Kyle Manzardo,700932,,1B,roster,Andrew Abbott,Andrew Abbott
2026-05-15,824439,Cincinnati Reds @ Cleveland Guardians,2026-05-15T23:10:00Z,Cleveland Guardians,CLE,Cincinnati Reds,CIN,Progressive Field,home,Rhys Hoskins,Rhys Hoskins,656555,,1B,roster,Andrew Abbott,Andrew Abbott
2026-05-15,822983,Miami Marlins @ Tampa Bay Rays,2026-05-15T23:10:00Z,Miami Marlins,MIA,Tampa Bay Rays,TB,Tropicana Field,away,Heriberto Hernández,Heriberto Hernández,681715,,LF,roster,Jesse Scholtens,Jesse Scholtens
2026-05-15,822983,Miami Marlins @ Tampa Bay Rays,2026-05-15T23:10:00Z,Miami Marlins,MIA,Tampa Bay Rays,TB,Tropicana Field,away,Christopher Morel,Christopher Morel,666624,,DH,roster,Jesse Scholtens,Jesse Scholtens
2026-05-15,822983,Miami Marlins @ Tampa Bay Rays,2026-05-15T23:10:00Z,Miami Marlins,MIA,Tampa Bay Rays,TB,Tropicana Field,away,Esteury Ruiz,Esteury Ruiz,665923,,CF,roster,Jesse Scholtens,Jesse Scholtens
2026-05-15,822983,Miami Marlins @ Tampa Bay Rays,2026-05-15T23:10:00Z,Miami Marlins,MIA,Tampa Bay Rays,TB,Tropicana Field,away,Jakob Marsee,Jakob Marsee,805300,,CF,roster,Jesse Scholtens,Jesse Scholtens
2026-05-15,822983,Miami Marlins @ Tampa Bay Rays,2026-05-15T23:10:00Z,Miami Marlins,MIA,Tampa Bay Rays,TB,Tropicana Field,away,Javier Sanoja,Javier Sanoja,691594,,3B,roster,Jesse Scholtens,Jesse Scholtens
2026-05-15,822983,Miami Marlins @ Tampa Bay Rays,2026-05-15T23:10:00Z,Miami Marlins,MIA,Tampa Bay Rays,TB,Tropicana Field,away,Xavier Edwards,Xavier Edwards,669364,,2B,roster,Jesse Scholtens,Jesse Scholtens
2026-05-15,822983,Miami Marlins @ Tampa Bay Rays,2026-05-15T23:10:00Z,Miami Marlins,MIA,Tampa Bay Rays,TB,Tropicana Field,away,Kyle Stowers,Kyle Stowers,669065,,LF,roster,Jesse Scholtens,Jesse Scholtens
2026-05-15,822983,Miami Marlins @ Tampa Bay Rays,2026-05-15T23:10:00Z,Miami Marlins,MIA,Tampa Bay Rays,TB,Tropicana Field,away,Liam Hicks,Liam Hicks,689414,,C,roster,Jesse Scholtens,Jesse Scholtens
2026-05-15,822983,Miami Marlins @ Tampa Bay Rays,2026-05-15T23:10:00Z,Miami Marlins,MIA,Tampa Bay Rays,TB,Tropicana Field,away,Owen Caissie,Owen Caissie,683357,,RF,roster,Jesse Scholtens,Jesse Scholtens
2026-05-15,822983,Miami Marlins @ Tampa Bay Rays,2026-05-15T23:10:00Z,Miami Marlins,MIA,Tampa Bay Rays,TB,Tropicana Field,away,Leo Jiménez,Leo Jiménez,677870,,2B,roster,Jesse Scholtens,Jesse Scholtens
2026-05-15,822983,Miami Marlins @ Tampa Bay Rays,2026-05-15T23:10:00Z,Miami Marlins,MIA,Tampa Bay Rays,TB,Tropicana Field,away,Connor Norby,Connor Norby,681393,,1B,roster,Jesse Scholtens,Jesse Scholtens
2026-05-15,822983,Miami Marlins @ Tampa Bay Rays,2026-05-15T23:10:00Z,Miami Marlins,MIA,Tampa Bay Rays,TB,Tropicana Field,away,Joe Mack,Joe Mack,691788,,C,roster,Jesse Scholtens,Jesse Scholtens
2026-05-15,822983,Miami Marlins @ Tampa Bay Rays,2026-05-15T23:10:00Z,Miami Marlins,MIA,Tampa Bay Rays,TB,Tropicana Field,away,Otto Lopez,Otto Lopez,672640,,SS,roster,Jesse Scholtens,Jesse Scholtens
2026-05-15,822983,Miami Marlins @ Tampa Bay Rays,2026-05-15T23:10:00Z,Tampa Bay Rays,TB,Miami Marlins,MIA,Tropicana Field,home,Taylor Walls,Taylor Walls,670764,,SS,roster,Janson Junk,Janson Junk
2026-05-15,822983,Miami Marlins @ Tampa Bay Rays,2026-05-15T23:10:00Z,Tampa Bay Rays,TB,Miami Marlins,MIA,Tropicana Field,home,Richie Palacios,Richie Palacios,680700,,2B,roster,Janson Junk,Janson Junk
2026-05-15,822983,Miami Marlins @ Tampa Bay Rays,2026-05-15T23:10:00Z,Tampa Bay Rays,TB,Miami Marlins,MIA,Tropicana Field,home,Ryan Vilade,Ryan Vilade,668723,,RF,roster,Janson Junk,Janson Junk
2026-05-15,822983,Miami Marlins @ Tampa Bay Rays,2026-05-15T23:10:00Z,Tampa Bay Rays,TB,Miami Marlins,MIA,Tropicana Field,home,Jake Fraley,Jake Fraley,641584,,RF,roster,Janson Junk,Janson Junk
2026-05-15,822983,Miami Marlins @ Tampa Bay Rays,2026-05-15T23:10:00Z,Tampa Bay Rays,TB,Miami Marlins,MIA,Tropicana Field,home,Chandler Simpson,Chandler Simpson,802415,,LF,roster,Janson Junk,Janson Junk
2026-05-15,822983,Miami Marlins @ Tampa Bay Rays,2026-05-15T23:10:00Z,Tampa Bay Rays,TB,Miami Marlins,MIA,Tropicana Field,home,Jonny DeLuca,Jonny DeLuca,676356,,RF,roster,Janson Junk,Janson Junk
2026-05-15,822983,Miami Marlins @ Tampa Bay Rays,2026-05-15T23:10:00Z,Tampa Bay Rays,TB,Miami Marlins,MIA,Tropicana Field,home,Hunter Feduccia,Hunter Feduccia,676439,,C,roster,Janson Junk,Janson Junk
2026-05-15,822983,Miami Marlins @ Tampa Bay Rays,2026-05-15T23:10:00Z,Tampa Bay Rays,TB,Miami Marlins,MIA,Tropicana Field,home,Jonathan Aranda,Jonathan Aranda,666018,,1B,roster,Janson Junk,Janson Junk
2026-05-15,822983,Miami Marlins @ Tampa Bay Rays,2026-05-15T23:10:00Z,Tampa Bay Rays,TB,Miami Marlins,MIA,Tropicana Field,home,Nick Fortes,Nick Fortes,663743,,C,roster,Janson Junk,Janson Junk
2026-05-15,822983,Miami Marlins @ Tampa Bay Rays,2026-05-15T23:10:00Z,Tampa Bay Rays,TB,Miami Marlins,MIA,Tropicana Field,home,Yandy Díaz,Yandy Díaz,650490,,DH,roster,Janson Junk,Janson Junk
2026-05-15,822983,Miami Marlins @ Tampa Bay Rays,2026-05-15T23:10:00Z,Tampa Bay Rays,TB,Miami Marlins,MIA,Tropicana Field,home,Ben Williamson,Ben Williamson,810938,,2B,roster,Janson Junk,Janson Junk
2026-05-15,822983,Miami Marlins @ Tampa Bay Rays,2026-05-15T23:10:00Z,Tampa Bay Rays,TB,Miami Marlins,MIA,Tropicana Field,home,Junior Caminero,Junior Caminero,691406,,3B,roster,Janson Junk,Janson Junk
2026-05-15,822983,Miami Marlins @ Tampa Bay Rays,2026-05-15T23:10:00Z,Tampa Bay Rays,TB,Miami Marlins,MIA,Tropicana Field,home,Cedric Mullins,Cedric Mullins,656775,,CF,roster,Janson Junk,Janson Junk
2026-05-15,823707,Milwaukee Brewers @ Minnesota Twins,2026-05-15T23:10:00Z,Milwaukee Brewers,MIL,Minnesota Twins,MIN,Target Field,away,Luis Rengifo,Luis Rengifo,650859,,3B,roster,Joe Ryan,Joe Ryan
2026-05-15,823707,Milwaukee Brewers @ Minnesota Twins,2026-05-15T23:10:00Z,Milwaukee Brewers,MIL,Minnesota Twins,MIN,Target Field,away,Joey Ortiz,Joey Ortiz,687401,,SS,roster,Joe Ryan,Joe Ryan
2026-05-15,823707,Milwaukee Brewers @ Minnesota Twins,2026-05-15T23:10:00Z,Milwaukee Brewers,MIL,Minnesota Twins,MIN,Target Field,away,Jackson Chourio,Jackson Chourio,694192,,LF,roster,Joe Ryan,Joe Ryan
2026-05-15,823707,Milwaukee Brewers @ Minnesota Twins,2026-05-15T23:10:00Z,Milwaukee Brewers,MIL,Minnesota Twins,MIN,Target Field,away,Christian Yelich,Christian Yelich,592885,,DH,roster,Joe Ryan,Joe Ryan
2026-05-15,823707,Milwaukee Brewers @ Minnesota Twins,2026-05-15T23:10:00Z,Milwaukee Brewers,MIL,Minnesota Twins,MIN,Target Field,away,Jake Bauers,Jake Bauers,641343,,1B,roster,Joe Ryan,Joe Ryan
2026-05-15,823707,Milwaukee Brewers @ Minnesota Twins,2026-05-15T23:10:00Z,Milwaukee Brewers,MIL,Minnesota Twins,MIN,Target Field,away,Sal Frelick,Sal Frelick,686217,,RF,roster,Joe Ryan,Joe Ryan
2026-05-15,823707,Milwaukee Brewers @ Minnesota Twins,2026-05-15T23:10:00Z,Milwaukee Brewers,MIL,Minnesota Twins,MIN,Target Field,away,Andrew Vaughn,Andrew Vaughn,683734,,1B,roster,Joe Ryan,Joe Ryan
2026-05-15,823707,Milwaukee Brewers @ Minnesota Twins,2026-05-15T23:10:00Z,Milwaukee Brewers,MIL,Minnesota Twins,MIN,Target Field,away,Garrett Mitchell,Garrett Mitchell,669003,,CF,roster,Joe Ryan,Joe Ryan
2026-05-15,823707,Milwaukee Brewers @ Minnesota Twins,2026-05-15T23:10:00Z,Milwaukee Brewers,MIL,Minnesota Twins,MIN,Target Field,away,David Hamilton,David Hamilton,666152,,3B,roster,Joe Ryan,Joe Ryan
2026-05-15,823707,Milwaukee Brewers @ Minnesota Twins,2026-05-15T23:10:00Z,Milwaukee Brewers,MIL,Minnesota Twins,MIN,Target Field,away,Blake Perkins,Blake Perkins,663368,,LF,roster,Joe Ryan,Joe Ryan
2026-05-15,823707,Milwaukee Brewers @ Minnesota Twins,2026-05-15T23:10:00Z,Milwaukee Brewers,MIL,Minnesota Twins,MIN,Target Field,away,William Contreras,William Contreras,661388,,C,roster,Joe Ryan,Joe Ryan
2026-05-15,823707,Milwaukee Brewers @ Minnesota Twins,2026-05-15T23:10:00Z,Milwaukee Brewers,MIL,Minnesota Twins,MIN,Target Field,away,Brice Turang,Brice Turang,668930,,2B,roster,Joe Ryan,Joe Ryan
2026-05-15,823707,Milwaukee Brewers @ Minnesota Twins,2026-05-15T23:10:00Z,Milwaukee Brewers,MIL,Minnesota Twins,MIN,Target Field,away,Gary Sánchez,Gary Sánchez,596142,,DH,roster,Joe Ryan,Joe Ryan
2026-05-15,823707,Milwaukee Brewers @ Minnesota Twins,2026-05-15T23:10:00Z,Minnesota Twins,MIN,Milwaukee Brewers,MIL,Target Field,home,Victor Caratini,Victor Caratini,605170,,C,roster,,
2026-05-15,823707,Milwaukee Brewers @ Minnesota Twins,2026-05-15T23:10:00Z,Minnesota Twins,MIN,Milwaukee Brewers,MIL,Target Field,home,Kody Clemens,Kody Clemens,665019,,1B,roster,,
2026-05-15,823707,Milwaukee Brewers @ Minnesota Twins,2026-05-15T23:10:00Z,Minnesota Twins,MIN,Milwaukee Brewers,MIL,Target Field,home,Brooks Lee,Brooks Lee,686797,,SS,roster,,
2026-05-15,823707,Milwaukee Brewers @ Minnesota Twins,2026-05-15T23:10:00Z,Minnesota Twins,MIN,Milwaukee Brewers,MIL,Target Field,home,Austin Martin,Austin Martin,668885,,LF,roster,,
2026-05-15,823707,Milwaukee Brewers @ Minnesota Twins,2026-05-15T23:10:00Z,Minnesota Twins,MIN,Milwaukee Brewers,MIL,Target Field,home,Tristan Gray,Tristan Gray,656484,,3B,roster,,
2026-05-15,823707,Milwaukee Brewers @ Minnesota Twins,2026-05-15T23:10:00Z,Minnesota Twins,MIN,Milwaukee Brewers,MIL,Target Field,home,Josh Bell,Josh Bell,605137,,DH,roster,,
2026-05-15,823707,Milwaukee Brewers @ Minnesota Twins,2026-05-15T23:10:00Z,Minnesota Twins,MIN,Milwaukee Brewers,MIL,Target Field,home,Ryan Jeffers,Ryan Jeffers,680777,,C,roster,,
2026-05-15,823707,Milwaukee Brewers @ Minnesota Twins,2026-05-15T23:10:00Z,Minnesota Twins,MIN,Milwaukee Brewers,MIL,Target Field,home,James Outman,James Outman,681546,,CF,roster,,
2026-05-15,823707,Milwaukee Brewers @ Minnesota Twins,2026-05-15T23:10:00Z,Minnesota Twins,MIN,Milwaukee Brewers,MIL,Target Field,home,Ryan Kreidler,Ryan Kreidler,668952,,CF,roster,,
2026-05-15,823707,Milwaukee Brewers @ Minnesota Twins,2026-05-15T23:10:00Z,Minnesota Twins,MIN,Milwaukee Brewers,MIL,Target Field,home,Royce Lewis,Royce Lewis,668904,,3B,roster,,
2026-05-15,823707,Milwaukee Brewers @ Minnesota Twins,2026-05-15T23:10:00Z,Minnesota Twins,MIN,Milwaukee Brewers,MIL,Target Field,home,Trevor Larnach,Trevor Larnach,663616,,LF,roster,,
2026-05-15,823707,Milwaukee Brewers @ Minnesota Twins,2026-05-15T23:10:00Z,Minnesota Twins,MIN,Milwaukee Brewers,MIL,Target Field,home,Byron Buxton,Byron Buxton,621439,,CF,roster,,
2026-05-15,823707,Milwaukee Brewers @ Minnesota Twins,2026-05-15T23:10:00Z,Minnesota Twins,MIN,Milwaukee Brewers,MIL,Target Field,home,Luke Keaschall,Luke Keaschall,807712,,2B,roster,,
2026-05-15,824925,Boston Red Sox @ Atlanta Braves,2026-05-15T23:15:00Z,Boston Red Sox,BOS,Atlanta Braves,ATL,Truist Park,away,Willson Contreras,Willson Contreras,575929,,1B,roster,Spencer Strider,Spencer Strider
2026-05-15,824925,Boston Red Sox @ Atlanta Braves,2026-05-15T23:15:00Z,Boston Red Sox,BOS,Atlanta Braves,ATL,Truist Park,away,Connor Wong,Connor Wong,657136,,C,roster,Spencer Strider,Spencer Strider
2026-05-15,824925,Boston Red Sox @ Atlanta Braves,2026-05-15T23:15:00Z,Boston Red Sox,BOS,Atlanta Braves,ATL,Truist Park,away,Trevor Story,Trevor Story,596115,,SS,roster,Spencer Strider,Spencer Strider
2026-05-15,824925,Boston Red Sox @ Atlanta Braves,2026-05-15T23:15:00Z,Boston Red Sox,BOS,Atlanta Braves,ATL,Truist Park,away,Wilyer Abreu,Wilyer Abreu,677800,,RF,roster,Spencer Strider,Spencer Strider
2026-05-15,824925,Boston Red Sox @ Atlanta Braves,2026-05-15T23:15:00Z,Boston Red Sox,BOS,Atlanta Braves,ATL,Truist Park,away,Andruw Monasterio,Andruw Monasterio,655316,,SS,roster,Spencer Strider,Spencer Strider
2026-05-15,824925,Boston Red Sox @ Atlanta Braves,2026-05-15T23:15:00Z,Boston Red Sox,BOS,Atlanta Braves,ATL,Truist Park,away,Isiah Kiner-Falefa,Isiah Kiner-Falefa,643396,,2B,roster,Spencer Strider,Spencer Strider
2026-05-15,824925,Boston Red Sox @ Atlanta Braves,2026-05-15T23:15:00Z,Boston Red Sox,BOS,Atlanta Braves,ATL,Truist Park,away,Mickey Gasper,Mickey Gasper,681508,,C,roster,Spencer Strider,Spencer Strider
2026-05-15,824925,Boston Red Sox @ Atlanta Braves,2026-05-15T23:15:00Z,Boston Red Sox,BOS,Atlanta Braves,ATL,Truist Park,away,Caleb Durbin,Caleb Durbin,702332,,3B,roster,Spencer Strider,Spencer Strider
2026-05-15,824925,Boston Red Sox @ Atlanta Braves,2026-05-15T23:15:00Z,Boston Red Sox,BOS,Atlanta Braves,ATL,Truist Park,away,Carlos Narváez,Carlos Narváez,665966,,C,roster,Spencer Strider,Spencer Strider
2026-05-15,824925,Boston Red Sox @ Atlanta Braves,2026-05-15T23:15:00Z,Boston Red Sox,BOS,Atlanta Braves,ATL,Truist Park,away,Jarren Duran,Jarren Duran,680776,,LF,roster,Spencer Strider,Spencer Strider
2026-05-15,824925,Boston Red Sox @ Atlanta Braves,2026-05-15T23:15:00Z,Boston Red Sox,BOS,Atlanta Braves,ATL,Truist Park,away,Ceddanne Rafaela,Ceddanne Rafaela,678882,,CF,roster,Spencer Strider,Spencer Strider
2026-05-15,824925,Boston Red Sox @ Atlanta Braves,2026-05-15T23:15:00Z,Boston Red Sox,BOS,Atlanta Braves,ATL,Truist Park,away,Masataka Yoshida,Masataka Yoshida,807799,,DH,roster,Spencer Strider,Spencer Strider
2026-05-15,824925,Boston Red Sox @ Atlanta Braves,2026-05-15T23:15:00Z,Boston Red Sox,BOS,Atlanta Braves,ATL,Truist Park,away,Marcelo Mayer,Marcelo Mayer,691785,,2B,roster,Spencer Strider,Spencer Strider
2026-05-15,824925,Boston Red Sox @ Atlanta Braves,2026-05-15T23:15:00Z,Atlanta Braves,ATL,Boston Red Sox,BOS,Truist Park,home,José Azócar,José Azócar,640492,,RF,roster,Connelly Early,Connelly Early
2026-05-15,824925,Boston Red Sox @ Atlanta Braves,2026-05-15T23:15:00Z,Atlanta Braves,ATL,Boston Red Sox,BOS,Truist Park,home,Michael Harris II,Michael Harris II,671739,,CF,roster,Connelly Early,Connelly Early
2026-05-15,824925,Boston Red Sox @ Atlanta Braves,2026-05-15T23:15:00Z,Atlanta Braves,ATL,Boston Red Sox,BOS,Truist Park,home,Jorge Mateo,Jorge Mateo,622761,,SS,roster,Connelly Early,Connelly Early
2026-05-15,824925,Boston Red Sox @ Atlanta Braves,2026-05-15T23:15:00Z,Atlanta Braves,ATL,Boston Red Sox,BOS,Truist Park,home,Mauricio Dubón,Mauricio Dubón,643289,,SS,roster,Connelly Early,Connelly Early
2026-05-15,824925,Boston Red Sox @ Atlanta Braves,2026-05-15T23:15:00Z,Atlanta Braves,ATL,Boston Red Sox,BOS,Truist Park,home,Drake Baldwin,Drake Baldwin,686948,,C,roster,Connelly Early,Connelly Early
2026-05-15,824925,Boston Red Sox @ Atlanta Braves,2026-05-15T23:15:00Z,Atlanta Braves,ATL,Boston Red Sox,BOS,Truist Park,home,Matt Olson,Matt Olson,621566,,1B,roster,Connelly Early,Connelly Early
2026-05-15,824925,Boston Red Sox @ Atlanta Braves,2026-05-15T23:15:00Z,Atlanta Braves,ATL,Boston Red Sox,BOS,Truist Park,home,Dominic Smith,Dominic Smith,642086,,DH,roster,Connelly Early,Connelly Early
2026-05-15,824925,Boston Red Sox @ Atlanta Braves,2026-05-15T23:15:00Z,Atlanta Braves,ATL,Boston Red Sox,BOS,Truist Park,home,Kyle Farmer,Kyle Farmer,571657,,DH,roster,Connelly Early,Connelly Early
2026-05-15,824925,Boston Red Sox @ Atlanta Braves,2026-05-15T23:15:00Z,Atlanta Braves,ATL,Boston Red Sox,BOS,Truist Park,home,Ozzie Albies,Ozzie Albies,645277,,2B,roster,Connelly Early,Connelly Early
2026-05-15,824925,Boston Red Sox @ Atlanta Braves,2026-05-15T23:15:00Z,Atlanta Braves,ATL,Boston Red Sox,BOS,Truist Park,home,Austin Riley,Austin Riley,663586,,3B,roster,Connelly Early,Connelly Early
2026-05-15,824925,Boston Red Sox @ Atlanta Braves,2026-05-15T23:15:00Z,Atlanta Braves,ATL,Boston Red Sox,BOS,Truist Park,home,Sandy León,Sandy León,506702,,C,roster,Connelly Early,Connelly Early
2026-05-15,824925,Boston Red Sox @ Atlanta Braves,2026-05-15T23:15:00Z,Atlanta Braves,ATL,Boston Red Sox,BOS,Truist Park,home,Mike Yastrzemski,Mike Yastrzemski,573262,,LF,roster,Connelly Early,Connelly Early
2026-05-15,824925,Boston Red Sox @ Atlanta Braves,2026-05-15T23:15:00Z,Atlanta Braves,ATL,Boston Red Sox,BOS,Truist Park,home,Ha-Seong Kim,Ha-Seong Kim,673490,,SS,roster,Connelly Early,Connelly Early
2026-05-15,823629,New York Yankees @ New York Mets,2026-05-15T23:15:00Z,New York Yankees,NYY,New York Mets,NYM,Citi Field,away,Spencer Jones,Spencer Jones,682987,,CF,roster,Clay Holmes,Clay Holmes
2026-05-15,823629,New York Yankees @ New York Mets,2026-05-15T23:15:00Z,New York Yankees,NYY,New York Mets,NYM,Citi Field,away,Max Schuemann,Max Schuemann,680474,,3B,roster,Clay Holmes,Clay Holmes
2026-05-15,823629,New York Yankees @ New York Mets,2026-05-15T23:15:00Z,New York Yankees,NYY,New York Mets,NYM,Citi Field,away,Amed Rosario,Amed Rosario,642708,,3B,roster,Clay Holmes,Clay Holmes
2026-05-15,823629,New York Yankees @ New York Mets,2026-05-15T23:15:00Z,New York Yankees,NYY,New York Mets,NYM,Citi Field,away,Aaron Judge,Aaron Judge,592450,,RF,roster,Clay Holmes,Clay Holmes
2026-05-15,823629,New York Yankees @ New York Mets,2026-05-15T23:15:00Z,New York Yankees,NYY,New York Mets,NYM,Citi Field,away,Ryan McMahon,Ryan McMahon,641857,,3B,roster,Clay Holmes,Clay Holmes
2026-05-15,823629,New York Yankees @ New York Mets,2026-05-15T23:15:00Z,New York Yankees,NYY,New York Mets,NYM,Citi Field,away,Paul Goldschmidt,Paul Goldschmidt,502671,,1B,roster,Clay Holmes,Clay Holmes
2026-05-15,823629,New York Yankees @ New York Mets,2026-05-15T23:15:00Z,New York Yankees,NYY,New York Mets,NYM,Citi Field,away,Austin Wells,Austin Wells,669224,,C,roster,Clay Holmes,Clay Holmes
2026-05-15,823629,New York Yankees @ New York Mets,2026-05-15T23:15:00Z,New York Yankees,NYY,New York Mets,NYM,Citi Field,away,Ben Rice,Ben Rice,700250,,1B,roster,Clay Holmes,Clay Holmes
2026-05-15,823629,New York Yankees @ New York Mets,2026-05-15T23:15:00Z,New York Yankees,NYY,New York Mets,NYM,Citi Field,away,J.C. Escarra,J.C. Escarra,641555,,C,roster,Clay Holmes,Clay Holmes
2026-05-15,823629,New York Yankees @ New York Mets,2026-05-15T23:15:00Z,New York Yankees,NYY,New York Mets,NYM,Citi Field,away,Anthony Volpe,Anthony Volpe,683011,,SS,roster,Clay Holmes,Clay Holmes
2026-05-15,823629,New York Yankees @ New York Mets,2026-05-15T23:15:00Z,New York Yankees,NYY,New York Mets,NYM,Citi Field,away,Cody Bellinger,Cody Bellinger,641355,,LF,roster,Clay Holmes,Clay Holmes
2026-05-15,823629,New York Yankees @ New York Mets,2026-05-15T23:15:00Z,New York Yankees,NYY,New York Mets,NYM,Citi Field,away,Jazz Chisholm Jr.,Jazz Chisholm Jr.,665862,,2B,roster,Clay Holmes,Clay Holmes
2026-05-15,823629,New York Yankees @ New York Mets,2026-05-15T23:15:00Z,New York Yankees,NYY,New York Mets,NYM,Citi Field,away,Trent Grisham,Trent Grisham,663757,,CF,roster,Clay Holmes,Clay Holmes
2026-05-15,823629,New York Yankees @ New York Mets,2026-05-15T23:15:00Z,New York Mets,NYM,New York Yankees,NYY,Citi Field,home,Luis Torrens,Luis Torrens,620443,,C,roster,Cam Schlittler,Cam Schlittler
2026-05-15,823629,New York Yankees @ New York Mets,2026-05-15T23:15:00Z,New York Mets,NYM,New York Yankees,NYY,Citi Field,home,Bo Bichette,Bo Bichette,666182,,3B,roster,Cam Schlittler,Cam Schlittler
2026-05-15,823629,New York Yankees @ New York Mets,2026-05-15T23:15:00Z,New York Mets,NYM,New York Yankees,NYY,Citi Field,home,Tyrone Taylor,Tyrone Taylor,621438,,RF,roster,Cam Schlittler,Cam Schlittler
2026-05-15,823629,New York Yankees @ New York Mets,2026-05-15T23:15:00Z,New York Mets,NYM,New York Yankees,NYY,Citi Field,home,Francisco Alvarez,Francisco Alvarez,682626,,C,roster,Cam Schlittler,Cam Schlittler
2026-05-15,823629,New York Yankees @ New York Mets,2026-05-15T23:15:00Z,New York Mets,NYM,New York Yankees,NYY,Citi Field,home,Mark Vientos,Mark Vientos,668901,,1B,roster,Cam Schlittler,Cam Schlittler
2026-05-15,823629,New York Yankees @ New York Mets,2026-05-15T23:15:00Z,New York Mets,NYM,New York Yankees,NYY,Citi Field,home,Brett Baty,Brett Baty,683146,,RF,roster,Cam Schlittler,Cam Schlittler
2026-05-15,823629,New York Yankees @ New York Mets,2026-05-15T23:15:00Z,New York Mets,NYM,New York Yankees,NYY,Citi Field,home,Carson Benge,Carson Benge,701807,,LF,roster,Cam Schlittler,Cam Schlittler
2026-05-15,823629,New York Yankees @ New York Mets,2026-05-15T23:15:00Z,New York Mets,NYM,New York Yankees,NYY,Citi Field,home,Marcus Semien,Marcus Semien,543760,,2B,roster,Cam Schlittler,Cam Schlittler
2026-05-15,823629,New York Yankees @ New York Mets,2026-05-15T23:15:00Z,New York Mets,NYM,New York Yankees,NYY,Citi Field,home,MJ Melendez,MJ Melendez,669004,,LF,roster,Cam Schlittler,Cam Schlittler
2026-05-15,823629,New York Yankees @ New York Mets,2026-05-15T23:15:00Z,New York Mets,NYM,New York Yankees,NYY,Citi Field,home,Juan Soto,Juan Soto,665742,,LF,roster,Cam Schlittler,Cam Schlittler
2026-05-15,823629,New York Yankees @ New York Mets,2026-05-15T23:15:00Z,New York Mets,NYM,New York Yankees,NYY,Citi Field,home,Vidal Bruján,Vidal Bruján,660644,,3B,roster,Cam Schlittler,Cam Schlittler
2026-05-15,823629,New York Yankees @ New York Mets,2026-05-15T23:15:00Z,New York Mets,NYM,New York Yankees,NYY,Citi Field,home,Austin Slater,Austin Slater,596103,,LF,roster,Cam Schlittler,Cam Schlittler
2026-05-15,823629,New York Yankees @ New York Mets,2026-05-15T23:15:00Z,New York Mets,NYM,New York Yankees,NYY,Citi Field,home,A.J. Ewing,A.J. Ewing,805999,,LF,roster,Cam Schlittler,Cam Schlittler
2026-05-15,824601,Chicago Cubs @ Chicago White Sox,2026-05-15T23:40:00Z,Chicago Cubs,CHC,Chicago White Sox,CWS,Rate Field,away,Michael Conforto,Michael Conforto,624424,,RF,roster,Sean Burke,Sean Burke
2026-05-15,824601,Chicago Cubs @ Chicago White Sox,2026-05-15T23:40:00Z,Chicago Cubs,CHC,Chicago White Sox,CWS,Rate Field,away,Ian Happ,Ian Happ,664023,,LF,roster,Sean Burke,Sean Burke
2026-05-15,824601,Chicago Cubs @ Chicago White Sox,2026-05-15T23:40:00Z,Chicago Cubs,CHC,Chicago White Sox,CWS,Rate Field,away,Alex Bregman,Alex Bregman,608324,,3B,roster,Sean Burke,Sean Burke
2026-05-15,824601,Chicago Cubs @ Chicago White Sox,2026-05-15T23:40:00Z,Chicago Cubs,CHC,Chicago White Sox,CWS,Rate Field,away,Michael Busch,Michael Busch,683737,,1B,roster,Sean Burke,Sean Burke
2026-05-15,824601,Chicago Cubs @ Chicago White Sox,2026-05-15T23:40:00Z,Chicago Cubs,CHC,Chicago White Sox,CWS,Rate Field,away,Carson Kelly,Carson Kelly,608348,,C,roster,Sean Burke,Sean Burke
2026-05-15,824601,Chicago Cubs @ Chicago White Sox,2026-05-15T23:40:00Z,Chicago Cubs,CHC,Chicago White Sox,CWS,Rate Field,away,Pete Crow-Armstrong,Pete Crow-Armstrong,691718,,CF,roster,Sean Burke,Sean Burke
2026-05-15,824601,Chicago Cubs @ Chicago White Sox,2026-05-15T23:40:00Z,Chicago Cubs,CHC,Chicago White Sox,CWS,Rate Field,away,Miguel Amaya,Miguel Amaya,665804,,C,roster,Sean Burke,Sean Burke
2026-05-15,824601,Chicago Cubs @ Chicago White Sox,2026-05-15T23:40:00Z,Chicago Cubs,CHC,Chicago White Sox,CWS,Rate Field,away,Moisés Ballesteros,Moisés Ballesteros,694208,,DH,roster,Sean Burke,Sean Burke
2026-05-15,824601,Chicago Cubs @ Chicago White Sox,2026-05-15T23:40:00Z,Chicago Cubs,CHC,Chicago White Sox,CWS,Rate Field,away,Nicky Lopez,Nicky Lopez,670032,,3B,roster,Sean Burke,Sean Burke
2026-05-15,824601,Chicago Cubs @ Chicago White Sox,2026-05-15T23:40:00Z,Chicago Cubs,CHC,Chicago White Sox,CWS,Rate Field,away,Seiya Suzuki,Seiya Suzuki,673548,,RF,roster,Sean Burke,Sean Burke
2026-05-15,824601,Chicago Cubs @ Chicago White Sox,2026-05-15T23:40:00Z,Chicago Cubs,CHC,Chicago White Sox,CWS,Rate Field,away,Dansby Swanson,Dansby Swanson,621020,,SS,roster,Sean Burke,Sean Burke
2026-05-15,824601,Chicago Cubs @ Chicago White Sox,2026-05-15T23:40:00Z,Chicago Cubs,CHC,Chicago White Sox,CWS,Rate Field,away,Nico Hoerner,Nico Hoerner,663538,,2B,roster,Sean Burke,Sean Burke
2026-05-15,824601,Chicago Cubs @ Chicago White Sox,2026-05-15T23:40:00Z,Chicago Cubs,CHC,Chicago White Sox,CWS,Rate Field,away,Matt Shaw,Matt Shaw,807713,,RF,roster,Sean Burke,Sean Burke
2026-05-15,824601,Chicago Cubs @ Chicago White Sox,2026-05-15T23:40:00Z,Chicago White Sox,CWS,Chicago Cubs,CHC,Rate Field,home,Tristan Peters,Tristan Peters,671976,,CF,roster,Edward Cabrera,Edward Cabrera
2026-05-15,824601,Chicago Cubs @ Chicago White Sox,2026-05-15T23:40:00Z,Chicago White Sox,CWS,Chicago Cubs,CHC,Rate Field,home,Luisangel Acuña,Luisangel Acuña,682668,,CF,roster,Edward Cabrera,Edward Cabrera
2026-05-15,824601,Chicago Cubs @ Chicago White Sox,2026-05-15T23:40:00Z,Chicago White Sox,CWS,Chicago Cubs,CHC,Rate Field,home,Randal Grichuk,Randal Grichuk,545341,,LF,roster,Edward Cabrera,Edward Cabrera
2026-05-15,824601,Chicago Cubs @ Chicago White Sox,2026-05-15T23:40:00Z,Chicago White Sox,CWS,Chicago Cubs,CHC,Rate Field,home,Munetaka Murakami,Munetaka Murakami,808959,,1B,roster,Edward Cabrera,Edward Cabrera
2026-05-15,824601,Chicago Cubs @ Chicago White Sox,2026-05-15T23:40:00Z,Chicago White Sox,CWS,Chicago Cubs,CHC,Rate Field,home,Chase Meidroth,Chase Meidroth,805367,,2B,roster,Edward Cabrera,Edward Cabrera
2026-05-15,824601,Chicago Cubs @ Chicago White Sox,2026-05-15T23:40:00Z,Chicago White Sox,CWS,Chicago Cubs,CHC,Rate Field,home,Colson Montgomery,Colson Montgomery,695657,,SS,roster,Edward Cabrera,Edward Cabrera
2026-05-15,824601,Chicago Cubs @ Chicago White Sox,2026-05-15T23:40:00Z,Chicago White Sox,CWS,Chicago Cubs,CHC,Rate Field,home,Drew Romo,Drew Romo,691011,,C,roster,Edward Cabrera,Edward Cabrera
2026-05-15,824601,Chicago Cubs @ Chicago White Sox,2026-05-15T23:40:00Z,Chicago White Sox,CWS,Chicago Cubs,CHC,Rate Field,home,Edgar Quero,Edgar Quero,700337,,C,roster,Edward Cabrera,Edward Cabrera
2026-05-15,824601,Chicago Cubs @ Chicago White Sox,2026-05-15T23:40:00Z,Chicago White Sox,CWS,Chicago Cubs,CHC,Rate Field,home,Andrew Benintendi,Andrew Benintendi,643217,,DH,roster,Edward Cabrera,Edward Cabrera
2026-05-15,824601,Chicago Cubs @ Chicago White Sox,2026-05-15T23:40:00Z,Chicago White Sox,CWS,Chicago Cubs,CHC,Rate Field,home,Sam Antonacci,Sam Antonacci,803011,,LF,roster,Edward Cabrera,Edward Cabrera
2026-05-15,824601,Chicago Cubs @ Chicago White Sox,2026-05-15T23:40:00Z,Chicago White Sox,CWS,Chicago Cubs,CHC,Rate Field,home,Jarred Kelenic,Jarred Kelenic,672284,,RF,roster,Edward Cabrera,Edward Cabrera
2026-05-15,824601,Chicago Cubs @ Chicago White Sox,2026-05-15T23:40:00Z,Chicago White Sox,CWS,Chicago Cubs,CHC,Rate Field,home,Derek Hill,Derek Hill,656537,,RF,roster,Edward Cabrera,Edward Cabrera
2026-05-15,824601,Chicago Cubs @ Chicago White Sox,2026-05-15T23:40:00Z,Chicago White Sox,CWS,Chicago Cubs,CHC,Rate Field,home,Miguel Vargas,Miguel Vargas,678246,,3B,roster,Edward Cabrera,Edward Cabrera
2026-05-15,824194,Texas Rangers @ Houston Astros,2026-05-16T00:10:00Z,Texas Rangers,TEX,Houston Astros,HOU,Daikin Park,away,Evan Carter,Evan Carter,694497,,CF,roster,Spencer Arrighetti,Spencer Arrighetti
2026-05-15,824194,Texas Rangers @ Houston Astros,2026-05-16T00:10:00Z,Texas Rangers,TEX,Houston Astros,HOU,Daikin Park,away,Jake Burger,Jake Burger,669394,,1B,roster,Spencer Arrighetti,Spencer Arrighetti
2026-05-15,824194,Texas Rangers @ Houston Astros,2026-05-16T00:10:00Z,Texas Rangers,TEX,Houston Astros,HOU,Daikin Park,away,Alejandro Osuna,Alejandro Osuna,696030,,LF,roster,Spencer Arrighetti,Spencer Arrighetti
2026-05-15,824194,Texas Rangers @ Houston Astros,2026-05-16T00:10:00Z,Texas Rangers,TEX,Houston Astros,HOU,Daikin Park,away,Joc Pederson,Joc Pederson,592626,,DH,roster,Spencer Arrighetti,Spencer Arrighetti
2026-05-15,824194,Texas Rangers @ Houston Astros,2026-05-16T00:10:00Z,Texas Rangers,TEX,Houston Astros,HOU,Daikin Park,away,Corey Seager,Corey Seager,608369,,SS,roster,Spencer Arrighetti,Spencer Arrighetti
2026-05-15,824194,Texas Rangers @ Houston Astros,2026-05-16T00:10:00Z,Texas Rangers,TEX,Houston Astros,HOU,Daikin Park,away,Josh Jung,Josh Jung,673962,,3B,roster,Spencer Arrighetti,Spencer Arrighetti
2026-05-15,824194,Texas Rangers @ Houston Astros,2026-05-16T00:10:00Z,Texas Rangers,TEX,Houston Astros,HOU,Daikin Park,away,Justin Foscue,Justin Foscue,679822,,1B,roster,Spencer Arrighetti,Spencer Arrighetti
2026-05-15,824194,Texas Rangers @ Houston Astros,2026-05-16T00:10:00Z,Texas Rangers,TEX,Houston Astros,HOU,Daikin Park,away,Andrew McCutchen,Andrew McCutchen,457705,,DH,roster,Spencer Arrighetti,Spencer Arrighetti
2026-05-15,824194,Texas Rangers @ Houston Astros,2026-05-16T00:10:00Z,Texas Rangers,TEX,Houston Astros,HOU,Daikin Park,away,Kyle Higashioka,Kyle Higashioka,543309,,C,roster,Spencer Arrighetti,Spencer Arrighetti
2026-05-15,824194,Texas Rangers @ Houston Astros,2026-05-16T00:10:00Z,Texas Rangers,TEX,Houston Astros,HOU,Daikin Park,away,Ezequiel Duran,Ezequiel Duran,677649,,2B,roster,Spencer Arrighetti,Spencer Arrighetti
2026-05-15,824194,Texas Rangers @ Houston Astros,2026-05-16T00:10:00Z,Texas Rangers,TEX,Houston Astros,HOU,Daikin Park,away,Brandon Nimmo,Brandon Nimmo,607043,,RF,roster,Spencer Arrighetti,Spencer Arrighetti
2026-05-15,824194,Texas Rangers @ Houston Astros,2026-05-16T00:10:00Z,Texas Rangers,TEX,Houston Astros,HOU,Daikin Park,away,Sam Haggerty,Sam Haggerty,664059,,LF,roster,Spencer Arrighetti,Spencer Arrighetti
2026-05-15,824194,Texas Rangers @ Houston Astros,2026-05-16T00:10:00Z,Texas Rangers,TEX,Houston Astros,HOU,Daikin Park,away,Danny Jansen,Danny Jansen,643376,,C,roster,Spencer Arrighetti,Spencer Arrighetti
2026-05-15,824194,Texas Rangers @ Houston Astros,2026-05-16T00:10:00Z,Houston Astros,HOU,Texas Rangers,TEX,Daikin Park,home,Shay Whitcomb,Shay Whitcomb,694376,,3B,roster,Jack Leiter,Jack Leiter
2026-05-15,824194,Texas Rangers @ Houston Astros,2026-05-16T00:10:00Z,Houston Astros,HOU,Texas Rangers,TEX,Daikin Park,home,Isaac Paredes,Isaac Paredes,670623,,3B,roster,Jack Leiter,Jack Leiter
2026-05-15,824194,Texas Rangers @ Houston Astros,2026-05-16T00:10:00Z,Houston Astros,HOU,Texas Rangers,TEX,Daikin Park,home,Nick Allen,Nick Allen,669397,,SS,roster,Jack Leiter,Jack Leiter
2026-05-15,824194,Texas Rangers @ Houston Astros,2026-05-16T00:10:00Z,Houston Astros,HOU,Texas Rangers,TEX,Daikin Park,home,Cam Smith,Cam Smith,701358,,RF,roster,Jack Leiter,Jack Leiter
2026-05-15,824194,Texas Rangers @ Houston Astros,2026-05-16T00:10:00Z,Houston Astros,HOU,Texas Rangers,TEX,Daikin Park,home,Braden Shewmake,Braden Shewmake,669699,,SS,roster,Jack Leiter,Jack Leiter
2026-05-15,824194,Texas Rangers @ Houston Astros,2026-05-16T00:10:00Z,Houston Astros,HOU,Texas Rangers,TEX,Daikin Park,home,Zach Cole,Zach Cole,805904,,LF,roster,Jack Leiter,Jack Leiter
2026-05-15,824194,Texas Rangers @ Houston Astros,2026-05-16T00:10:00Z,Houston Astros,HOU,Texas Rangers,TEX,Daikin Park,home,César Salazar,César Salazar,663967,,C,roster,Jack Leiter,Jack Leiter
2026-05-15,824194,Texas Rangers @ Houston Astros,2026-05-16T00:10:00Z,Houston Astros,HOU,Texas Rangers,TEX,Daikin Park,home,Brice Matthews,Brice Matthews,694728,,CF,roster,Jack Leiter,Jack Leiter
2026-05-15,824194,Texas Rangers @ Houston Astros,2026-05-16T00:10:00Z,Houston Astros,HOU,Texas Rangers,TEX,Daikin Park,home,Jose Altuve,Jose Altuve,514888,,2B,roster,Jack Leiter,Jack Leiter
2026-05-15,824194,Texas Rangers @ Houston Astros,2026-05-16T00:10:00Z,Houston Astros,HOU,Texas Rangers,TEX,Daikin Park,home,Zach Dezenzo,Zach Dezenzo,701305,,LF,roster,Jack Leiter,Jack Leiter
2026-05-15,824194,Texas Rangers @ Houston Astros,2026-05-16T00:10:00Z,Houston Astros,HOU,Texas Rangers,TEX,Daikin Park,home,Christian Walker,Christian Walker,572233,,1B,roster,Jack Leiter,Jack Leiter
2026-05-15,824194,Texas Rangers @ Houston Astros,2026-05-16T00:10:00Z,Houston Astros,HOU,Texas Rangers,TEX,Daikin Park,home,Christian Vázquez,Christian Vázquez,543877,,C,roster,Jack Leiter,Jack Leiter
2026-05-15,824194,Texas Rangers @ Houston Astros,2026-05-16T00:10:00Z,Houston Astros,HOU,Texas Rangers,TEX,Daikin Park,home,Yordan Alvarez,Yordan Alvarez,670541,,DH,roster,Jack Leiter,Jack Leiter
2026-05-15,823061,Kansas City Royals @ St. Louis Cardinals,2026-05-16T00:15:00Z,Kansas City Royals,KC,St. Louis Cardinals,STL,Busch Stadium,away,Carter Jensen,Carter Jensen,695600,,C,roster,Dustin May,Dustin May
2026-05-15,823061,Kansas City Royals @ St. Louis Cardinals,2026-05-16T00:15:00Z,Kansas City Royals,KC,St. Louis Cardinals,STL,Busch Stadium,away,Isaac Collins,Isaac Collins,686555,,LF,roster,Dustin May,Dustin May
2026-05-15,823061,Kansas City Royals @ St. Louis Cardinals,2026-05-16T00:15:00Z,Kansas City Royals,KC,St. Louis Cardinals,STL,Busch Stadium,away,Salvador Perez,Salvador Perez,521692,,C,roster,Dustin May,Dustin May
2026-05-15,823061,Kansas City Royals @ St. Louis Cardinals,2026-05-16T00:15:00Z,Kansas City Royals,KC,St. Louis Cardinals,STL,Busch Stadium,away,Nick Loftin,Nick Loftin,679845,,2B,roster,Dustin May,Dustin May
2026-05-15,823061,Kansas City Royals @ St. Louis Cardinals,2026-05-16T00:15:00Z,Kansas City Royals,KC,St. Louis Cardinals,STL,Busch Stadium,away,Michael Massey,Michael Massey,686681,,2B,roster,Dustin May,Dustin May
2026-05-15,823061,Kansas City Royals @ St. Louis Cardinals,2026-05-16T00:15:00Z,Kansas City Royals,KC,St. Louis Cardinals,STL,Busch Stadium,away,Starling Marte,Starling Marte,516782,,RF,roster,Dustin May,Dustin May
2026-05-15,823061,Kansas City Royals @ St. Louis Cardinals,2026-05-16T00:15:00Z,Kansas City Royals,KC,St. Louis Cardinals,STL,Busch Stadium,away,Vinnie Pasquantino,Vinnie Pasquantino,686469,,1B,roster,Dustin May,Dustin May
2026-05-15,823061,Kansas City Royals @ St. Louis Cardinals,2026-05-16T00:15:00Z,Kansas City Royals,KC,St. Louis Cardinals,STL,Busch Stadium,away,Kyle Isbel,Kyle Isbel,664728,,CF,roster,Dustin May,Dustin May
2026-05-15,823061,Kansas City Royals @ St. Louis Cardinals,2026-05-16T00:15:00Z,Kansas City Royals,KC,St. Louis Cardinals,STL,Busch Stadium,away,Elias Díaz,Elias Díaz,553869,,C,roster,Dustin May,Dustin May
2026-05-15,823061,Kansas City Royals @ St. Louis Cardinals,2026-05-16T00:15:00Z,Kansas City Royals,KC,St. Louis Cardinals,STL,Busch Stadium,away,Maikel Garcia,Maikel Garcia,672580,,3B,roster,Dustin May,Dustin May
2026-05-15,823061,Kansas City Royals @ St. Louis Cardinals,2026-05-16T00:15:00Z,Kansas City Royals,KC,St. Louis Cardinals,STL,Busch Stadium,away,Lane Thomas,Lane Thomas,657041,,CF,roster,Dustin May,Dustin May
2026-05-15,823061,Kansas City Royals @ St. Louis Cardinals,2026-05-16T00:15:00Z,Kansas City Royals,KC,St. Louis Cardinals,STL,Busch Stadium,away,Jac Caglianone,Jac Caglianone,695506,,RF,roster,Dustin May,Dustin May
2026-05-15,823061,Kansas City Royals @ St. Louis Cardinals,2026-05-16T00:15:00Z,Kansas City Royals,KC,St. Louis Cardinals,STL,Busch Stadium,away,Bobby Witt Jr.,Bobby Witt Jr.,677951,,SS,roster,Dustin May,Dustin May
2026-05-15,823061,Kansas City Royals @ St. Louis Cardinals,2026-05-16T00:15:00Z,St. Louis Cardinals,STL,Kansas City Royals,KC,Busch Stadium,home,Nolan Gorman,Nolan Gorman,669357,,3B,roster,Michael Wacha,Michael Wacha
2026-05-15,823061,Kansas City Royals @ St. Louis Cardinals,2026-05-16T00:15:00Z,St. Louis Cardinals,STL,Kansas City Royals,KC,Busch Stadium,home,Jordan Walker,Jordan Walker,691023,,RF,roster,Michael Wacha,Michael Wacha
2026-05-15,823061,Kansas City Royals @ St. Louis Cardinals,2026-05-16T00:15:00Z,St. Louis Cardinals,STL,Kansas City Royals,KC,Busch Stadium,home,Nathan Church,Nathan Church,701675,,LF,roster,Michael Wacha,Michael Wacha
2026-05-15,823061,Kansas City Royals @ St. Louis Cardinals,2026-05-16T00:15:00Z,St. Louis Cardinals,STL,Kansas City Royals,KC,Busch Stadium,home,Victor Scott II,Victor Scott II,687363,,CF,roster,Michael Wacha,Michael Wacha
2026-05-15,823061,Kansas City Royals @ St. Louis Cardinals,2026-05-16T00:15:00Z,St. Louis Cardinals,STL,Kansas City Royals,KC,Busch Stadium,home,José Fermín,José Fermín,665877,,LF,roster,Michael Wacha,Michael Wacha
2026-05-15,823061,Kansas City Royals @ St. Louis Cardinals,2026-05-16T00:15:00Z,St. Louis Cardinals,STL,Kansas City Royals,KC,Busch Stadium,home,JJ Wetherholt,JJ Wetherholt,802139,,2B,roster,Michael Wacha,Michael Wacha
2026-05-15,823061,Kansas City Royals @ St. Louis Cardinals,2026-05-16T00:15:00Z,St. Louis Cardinals,STL,Kansas City Royals,KC,Busch Stadium,home,Alec Burleson,Alec Burleson,676475,,1B,roster,Michael Wacha,Michael Wacha
2026-05-15,823061,Kansas City Royals @ St. Louis Cardinals,2026-05-16T00:15:00Z,St. Louis Cardinals,STL,Kansas City Royals,KC,Busch Stadium,home,Thomas Saggese,Thomas Saggese,695336,,LF,roster,Michael Wacha,Michael Wacha
2026-05-15,823061,Kansas City Royals @ St. Louis Cardinals,2026-05-16T00:15:00Z,St. Louis Cardinals,STL,Kansas City Royals,KC,Busch Stadium,home,Yohel Pozo,Yohel Pozo,650968,,C,roster,Michael Wacha,Michael Wacha
2026-05-15,823061,Kansas City Royals @ St. Louis Cardinals,2026-05-16T00:15:00Z,St. Louis Cardinals,STL,Kansas City Royals,KC,Busch Stadium,home,Pedro Pagés,Pedro Pagés,686780,,C,roster,Michael Wacha,Michael Wacha
2026-05-15,823061,Kansas City Royals @ St. Louis Cardinals,2026-05-16T00:15:00Z,St. Louis Cardinals,STL,Kansas City Royals,KC,Busch Stadium,home,César Prieto,César Prieto,693409,,3B,roster,Michael Wacha,Michael Wacha
2026-05-15,823061,Kansas City Royals @ St. Louis Cardinals,2026-05-16T00:15:00Z,St. Louis Cardinals,STL,Kansas City Royals,KC,Busch Stadium,home,Masyn Winn,Masyn Winn,691026,,SS,roster,Michael Wacha,Michael Wacha
2026-05-15,823061,Kansas City Royals @ St. Louis Cardinals,2026-05-16T00:15:00Z,St. Louis Cardinals,STL,Kansas City Royals,KC,Busch Stadium,home,Iván Herrera,Iván Herrera,671056,,DH,roster,Michael Wacha,Michael Wacha
2026-05-15,824360,Arizona Diamondbacks @ Colorado Rockies,2026-05-16T00:40:00Z,Arizona Diamondbacks,ARI,Colorado Rockies,COL,Coors Field,away,Tim Tawa,Tim Tawa,694374,,LF,roster,Kyle Freeland,Kyle Freeland
2026-05-15,824360,Arizona Diamondbacks @ Colorado Rockies,2026-05-16T00:40:00Z,Arizona Diamondbacks,ARI,Colorado Rockies,COL,Coors Field,away,Adrian Del Castillo,Adrian Del Castillo,680728,,DH,roster,Kyle Freeland,Kyle Freeland
2026-05-15,824360,Arizona Diamondbacks @ Colorado Rockies,2026-05-16T00:40:00Z,Arizona Diamondbacks,ARI,Colorado Rockies,COL,Coors Field,away,Nolan Arenado,Nolan Arenado,571448,,3B,roster,Kyle Freeland,Kyle Freeland
2026-05-15,824360,Arizona Diamondbacks @ Colorado Rockies,2026-05-16T00:40:00Z,Arizona Diamondbacks,ARI,Colorado Rockies,COL,Coors Field,away,Ryan Waldschmidt,Ryan Waldschmidt,814439,,CF,roster,Kyle Freeland,Kyle Freeland
2026-05-15,824360,Arizona Diamondbacks @ Colorado Rockies,2026-05-16T00:40:00Z,Arizona Diamondbacks,ARI,Colorado Rockies,COL,Coors Field,away,Ketel Marte,Ketel Marte,606466,,2B,roster,Kyle Freeland,Kyle Freeland
2026-05-15,824360,Arizona Diamondbacks @ Colorado Rockies,2026-05-16T00:40:00Z,Arizona Diamondbacks,ARI,Colorado Rockies,COL,Coors Field,away,Ildemaro Vargas,Ildemaro Vargas,545121,,1B,roster,Kyle Freeland,Kyle Freeland
2026-05-15,824360,Arizona Diamondbacks @ Colorado Rockies,2026-05-16T00:40:00Z,Arizona Diamondbacks,ARI,Colorado Rockies,COL,Coors Field,away,Geraldo Perdomo,Geraldo Perdomo,672695,,SS,roster,Kyle Freeland,Kyle Freeland
2026-05-15,824360,Arizona Diamondbacks @ Colorado Rockies,2026-05-16T00:40:00Z,Arizona Diamondbacks,ARI,Colorado Rockies,COL,Coors Field,away,Jose Fernandez,Jose Fernandez,699912,,DH,roster,Kyle Freeland,Kyle Freeland
2026-05-15,824360,Arizona Diamondbacks @ Colorado Rockies,2026-05-16T00:40:00Z,Arizona Diamondbacks,ARI,Colorado Rockies,COL,Coors Field,away,Gabriel Moreno,Gabriel Moreno,672515,,C,roster,Kyle Freeland,Kyle Freeland
2026-05-15,824360,Arizona Diamondbacks @ Colorado Rockies,2026-05-16T00:40:00Z,Arizona Diamondbacks,ARI,Colorado Rockies,COL,Coors Field,away,Corbin Carroll,Corbin Carroll,682998,,RF,roster,Kyle Freeland,Kyle Freeland
2026-05-15,824360,Arizona Diamondbacks @ Colorado Rockies,2026-05-16T00:40:00Z,Arizona Diamondbacks,ARI,Colorado Rockies,COL,Coors Field,away,Lourdes Gurriel Jr.,Lourdes Gurriel Jr.,666971,,LF,roster,Kyle Freeland,Kyle Freeland
2026-05-15,824360,Arizona Diamondbacks @ Colorado Rockies,2026-05-16T00:40:00Z,Arizona Diamondbacks,ARI,Colorado Rockies,COL,Coors Field,away,James McCann,James McCann,543510,,C,roster,Kyle Freeland,Kyle Freeland
2026-05-15,824360,Arizona Diamondbacks @ Colorado Rockies,2026-05-16T00:40:00Z,Arizona Diamondbacks,ARI,Colorado Rockies,COL,Coors Field,away,Jorge Barrosa,Jorge Barrosa,678489,,CF,roster,Kyle Freeland,Kyle Freeland
2026-05-15,824360,Arizona Diamondbacks @ Colorado Rockies,2026-05-16T00:40:00Z,Colorado Rockies,COL,Arizona Diamondbacks,ARI,Coors Field,home,Mickey Moniak,Mickey Moniak,666160,,LF,roster,Merrill Kelly,Merrill Kelly
2026-05-15,824360,Arizona Diamondbacks @ Colorado Rockies,2026-05-16T00:40:00Z,Colorado Rockies,COL,Arizona Diamondbacks,ARI,Coors Field,home,Jake McCarthy,Jake McCarthy,664983,,LF,roster,Merrill Kelly,Merrill Kelly
2026-05-15,824360,Arizona Diamondbacks @ Colorado Rockies,2026-05-16T00:40:00Z,Colorado Rockies,COL,Arizona Diamondbacks,ARI,Coors Field,home,Troy Johnston,Troy Johnston,687859,,RF,roster,Merrill Kelly,Merrill Kelly
2026-05-15,824360,Arizona Diamondbacks @ Colorado Rockies,2026-05-16T00:40:00Z,Colorado Rockies,COL,Arizona Diamondbacks,ARI,Coors Field,home,Willi Castro,Willi Castro,650489,,2B,roster,Merrill Kelly,Merrill Kelly
2026-05-15,824360,Arizona Diamondbacks @ Colorado Rockies,2026-05-16T00:40:00Z,Colorado Rockies,COL,Arizona Diamondbacks,ARI,Coors Field,home,Tyler Freeman,Tyler Freeman,671289,,RF,roster,Merrill Kelly,Merrill Kelly
2026-05-15,824360,Arizona Diamondbacks @ Colorado Rockies,2026-05-16T00:40:00Z,Colorado Rockies,COL,Arizona Diamondbacks,ARI,Coors Field,home,Edouard Julien,Edouard Julien,666397,,2B,roster,Merrill Kelly,Merrill Kelly
2026-05-15,824360,Arizona Diamondbacks @ Colorado Rockies,2026-05-16T00:40:00Z,Colorado Rockies,COL,Arizona Diamondbacks,ARI,Coors Field,home,Hunter Goodman,Hunter Goodman,696100,,C,roster,Merrill Kelly,Merrill Kelly
2026-05-15,824360,Arizona Diamondbacks @ Colorado Rockies,2026-05-16T00:40:00Z,Colorado Rockies,COL,Arizona Diamondbacks,ARI,Coors Field,home,Jordan Beck,Jordan Beck,687597,,LF,roster,Merrill Kelly,Merrill Kelly
2026-05-15,824360,Arizona Diamondbacks @ Colorado Rockies,2026-05-16T00:40:00Z,Colorado Rockies,COL,Arizona Diamondbacks,ARI,Coors Field,home,Brett Sullivan,Brett Sullivan,664954,,C,roster,Merrill Kelly,Merrill Kelly
2026-05-15,824360,Arizona Diamondbacks @ Colorado Rockies,2026-05-16T00:40:00Z,Colorado Rockies,COL,Arizona Diamondbacks,ARI,Coors Field,home,Brenton Doyle,Brenton Doyle,686668,,CF,roster,Merrill Kelly,Merrill Kelly
2026-05-15,824360,Arizona Diamondbacks @ Colorado Rockies,2026-05-16T00:40:00Z,Colorado Rockies,COL,Arizona Diamondbacks,ARI,Coors Field,home,Ezequiel Tovar,Ezequiel Tovar,678662,,SS,roster,Merrill Kelly,Merrill Kelly
2026-05-15,824360,Arizona Diamondbacks @ Colorado Rockies,2026-05-16T00:40:00Z,Colorado Rockies,COL,Arizona Diamondbacks,ARI,Coors Field,home,TJ Rumfield,TJ Rumfield,681198,,1B,roster,Merrill Kelly,Merrill Kelly
2026-05-15,824360,Arizona Diamondbacks @ Colorado Rockies,2026-05-16T00:40:00Z,Colorado Rockies,COL,Arizona Diamondbacks,ARI,Coors Field,home,Kyle Karros,Kyle Karros,691720,,3B,roster,Merrill Kelly,Merrill Kelly
2026-05-15,824037,Los Angeles Dodgers @ Los Angeles Angels,2026-05-16T01:38:00Z,Los Angeles Dodgers,LAD,Los Angeles Angels,LAA,Angel Stadium,away,Will Smith,Will Smith,669257,,C,roster,Jack Kochanowicz,Jack Kochanowicz
2026-05-15,824037,Los Angeles Dodgers @ Los Angeles Angels,2026-05-16T01:38:00Z,Los Angeles Dodgers,LAD,Los Angeles Angels,LAA,Angel Stadium,away,Dalton Rushing,Dalton Rushing,687221,,C,roster,Jack Kochanowicz,Jack Kochanowicz
2026-05-15,824037,Los Angeles Dodgers @ Los Angeles Angels,2026-05-16T01:38:00Z,Los Angeles Dodgers,LAD,Los Angeles Angels,LAA,Angel Stadium,away,Kyle Tucker,Kyle Tucker,663656,,RF,roster,Jack Kochanowicz,Jack Kochanowicz
2026-05-15,824037,Los Angeles Dodgers @ Los Angeles Angels,2026-05-16T01:38:00Z,Los Angeles Dodgers,LAD,Los Angeles Angels,LAA,Angel Stadium,away,Max Muncy,Max Muncy,571970,,3B,roster,Jack Kochanowicz,Jack Kochanowicz
2026-05-15,824037,Los Angeles Dodgers @ Los Angeles Angels,2026-05-16T01:38:00Z,Los Angeles Dodgers,LAD,Los Angeles Angels,LAA,Angel Stadium,away,Freddie Freeman,Freddie Freeman,518692,,1B,roster,Jack Kochanowicz,Jack Kochanowicz
2026-05-15,824037,Los Angeles Dodgers @ Los Angeles Angels,2026-05-16T01:38:00Z,Los Angeles Dodgers,LAD,Los Angeles Angels,LAA,Angel Stadium,away,Hyeseong Kim,Hyeseong Kim,808975,,SS,roster,Jack Kochanowicz,Jack Kochanowicz
2026-05-15,824037,Los Angeles Dodgers @ Los Angeles Angels,2026-05-16T01:38:00Z,Los Angeles Dodgers,LAD,Los Angeles Angels,LAA,Angel Stadium,away,Santiago Espinal,Santiago Espinal,669289,,3B,roster,Jack Kochanowicz,Jack Kochanowicz
2026-05-15,824037,Los Angeles Dodgers @ Los Angeles Angels,2026-05-16T01:38:00Z,Los Angeles Dodgers,LAD,Los Angeles Angels,LAA,Angel Stadium,away,Shohei Ohtani,Shohei Ohtani,660271,,TWP,roster,Jack Kochanowicz,Jack Kochanowicz
2026-05-15,824037,Los Angeles Dodgers @ Los Angeles Angels,2026-05-16T01:38:00Z,Los Angeles Dodgers,LAD,Los Angeles Angels,LAA,Angel Stadium,away,Teoscar Hernández,Teoscar Hernández,606192,,LF,roster,Jack Kochanowicz,Jack Kochanowicz
2026-05-15,824037,Los Angeles Dodgers @ Los Angeles Angels,2026-05-16T01:38:00Z,Los Angeles Dodgers,LAD,Los Angeles Angels,LAA,Angel Stadium,away,Andy Pages,Andy Pages,681624,,CF,roster,Jack Kochanowicz,Jack Kochanowicz
2026-05-15,824037,Los Angeles Dodgers @ Los Angeles Angels,2026-05-16T01:38:00Z,Los Angeles Dodgers,LAD,Los Angeles Angels,LAA,Angel Stadium,away,Mookie Betts,Mookie Betts,605141,,SS,roster,Jack Kochanowicz,Jack Kochanowicz
2026-05-15,824037,Los Angeles Dodgers @ Los Angeles Angels,2026-05-16T01:38:00Z,Los Angeles Dodgers,LAD,Los Angeles Angels,LAA,Angel Stadium,away,Alex Call,Alex Call,669743,,LF,roster,Jack Kochanowicz,Jack Kochanowicz
2026-05-15,824037,Los Angeles Dodgers @ Los Angeles Angels,2026-05-16T01:38:00Z,Los Angeles Dodgers,LAD,Los Angeles Angels,LAA,Angel Stadium,away,Miguel Rojas,Miguel Rojas,500743,,SS,roster,Jack Kochanowicz,Jack Kochanowicz
2026-05-15,824037,Los Angeles Dodgers @ Los Angeles Angels,2026-05-16T01:38:00Z,Los Angeles Angels,LAA,Los Angeles Dodgers,LAD,Angel Stadium,home,Adam Frazier,Adam Frazier,624428,,2B,roster,Blake Snell,Blake Snell
2026-05-15,824037,Los Angeles Dodgers @ Los Angeles Angels,2026-05-16T01:38:00Z,Los Angeles Angels,LAA,Los Angeles Dodgers,LAD,Angel Stadium,home,Oswald Peraza,Oswald Peraza,672724,,3B,roster,Blake Snell,Blake Snell
2026-05-15,824037,Los Angeles Dodgers @ Los Angeles Angels,2026-05-16T01:38:00Z,Los Angeles Angels,LAA,Los Angeles Dodgers,LAD,Angel Stadium,home,Zach Neto,Zach Neto,687263,,SS,roster,Blake Snell,Blake Snell
2026-05-15,824037,Los Angeles Dodgers @ Los Angeles Angels,2026-05-16T01:38:00Z,Los Angeles Angels,LAA,Los Angeles Dodgers,LAD,Angel Stadium,home,Jorge Soler,Jorge Soler,624585,,DH,roster,Blake Snell,Blake Snell
2026-05-15,824037,Los Angeles Dodgers @ Los Angeles Angels,2026-05-16T01:38:00Z,Los Angeles Angels,LAA,Los Angeles Dodgers,LAD,Angel Stadium,home,Yoán Moncada,Yoán Moncada,660162,,3B,roster,Blake Snell,Blake Snell
2026-05-15,824037,Los Angeles Dodgers @ Los Angeles Angels,2026-05-16T01:38:00Z,Los Angeles Angels,LAA,Los Angeles Dodgers,LAD,Angel Stadium,home,Mike Trout,Mike Trout,545361,,CF,roster,Blake Snell,Blake Snell
2026-05-15,824037,Los Angeles Dodgers @ Los Angeles Angels,2026-05-16T01:38:00Z,Los Angeles Angels,LAA,Los Angeles Dodgers,LAD,Angel Stadium,home,Jo Adell,Jo Adell,666176,,RF,roster,Blake Snell,Blake Snell
2026-05-15,824037,Los Angeles Dodgers @ Los Angeles Angels,2026-05-16T01:38:00Z,Los Angeles Angels,LAA,Los Angeles Dodgers,LAD,Angel Stadium,home,Vaughn Grissom,Vaughn Grissom,687093,,2B,roster,Blake Snell,Blake Snell
2026-05-15,824037,Los Angeles Dodgers @ Los Angeles Angels,2026-05-16T01:38:00Z,Los Angeles Angels,LAA,Los Angeles Dodgers,LAD,Angel Stadium,home,Nolan Schanuel,Nolan Schanuel,694384,,1B,roster,Blake Snell,Blake Snell
2026-05-15,824037,Los Angeles Dodgers @ Los Angeles Angels,2026-05-16T01:38:00Z,Los Angeles Angels,LAA,Los Angeles Dodgers,LAD,Angel Stadium,home,Josh Lowe,Josh Lowe,666139,,LF,roster,Blake Snell,Blake Snell
2026-05-15,824037,Los Angeles Dodgers @ Los Angeles Angels,2026-05-16T01:38:00Z,Los Angeles Angels,LAA,Los Angeles Dodgers,LAD,Angel Stadium,home,Sebastián Rivero,Sebastián Rivero,665861,,C,roster,Blake Snell,Blake Snell
2026-05-15,824037,Los Angeles Dodgers @ Los Angeles Angels,2026-05-16T01:38:00Z,Los Angeles Angels,LAA,Los Angeles Dodgers,LAD,Angel Stadium,home,Bryce Teodosio,Bryce Teodosio,669326,,LF,roster,Blake Snell,Blake Snell
2026-05-15,823140,San Diego Padres @ Seattle Mariners,2026-05-16T01:40:00Z,San Diego Padres,SD,Seattle Mariners,SEA,T-Mobile Park,away,Freddy Fermin,Freddy Fermin,666023,,C,roster,Emerson Hancock,Emerson Hancock
2026-05-15,823140,San Diego Padres @ Seattle Mariners,2026-05-16T01:40:00Z,San Diego Padres,SD,Seattle Mariners,SEA,T-Mobile Park,away,Nick Castellanos,Nick Castellanos,592206,,RF,roster,Emerson Hancock,Emerson Hancock
2026-05-15,823140,San Diego Padres @ Seattle Mariners,2026-05-16T01:40:00Z,San Diego Padres,SD,Seattle Mariners,SEA,T-Mobile Park,away,Jackson Merrill,Jackson Merrill,701538,,CF,roster,Emerson Hancock,Emerson Hancock
2026-05-15,823140,San Diego Padres @ Seattle Mariners,2026-05-16T01:40:00Z,San Diego Padres,SD,Seattle Mariners,SEA,T-Mobile Park,away,Rodolfo Durán,Rodolfo Durán,660710,,C,roster,Emerson Hancock,Emerson Hancock
2026-05-15,823140,San Diego Padres @ Seattle Mariners,2026-05-16T01:40:00Z,San Diego Padres,SD,Seattle Mariners,SEA,T-Mobile Park,away,Sung-Mun Song,Sung-Mun Song,823550,,3B,roster,Emerson Hancock,Emerson Hancock
2026-05-15,823140,San Diego Padres @ Seattle Mariners,2026-05-16T01:40:00Z,San Diego Padres,SD,Seattle Mariners,SEA,T-Mobile Park,away,Gavin Sheets,Gavin Sheets,657757,,1B,roster,Emerson Hancock,Emerson Hancock
2026-05-15,823140,San Diego Padres @ Seattle Mariners,2026-05-16T01:40:00Z,San Diego Padres,SD,Seattle Mariners,SEA,T-Mobile Park,away,Ramón Laureano,Ramón Laureano,657656,,LF,roster,Emerson Hancock,Emerson Hancock
2026-05-15,823140,San Diego Padres @ Seattle Mariners,2026-05-16T01:40:00Z,San Diego Padres,SD,Seattle Mariners,SEA,T-Mobile Park,away,Manny Machado,Manny Machado,592518,,3B,roster,Emerson Hancock,Emerson Hancock
2026-05-15,823140,San Diego Padres @ Seattle Mariners,2026-05-16T01:40:00Z,San Diego Padres,SD,Seattle Mariners,SEA,T-Mobile Park,away,Miguel Andujar,Miguel Andujar,609280,,3B,roster,Emerson Hancock,Emerson Hancock
2026-05-15,823140,San Diego Padres @ Seattle Mariners,2026-05-16T01:40:00Z,San Diego Padres,SD,Seattle Mariners,SEA,T-Mobile Park,away,Ty France,Ty France,664034,,1B,roster,Emerson Hancock,Emerson Hancock
2026-05-15,823140,San Diego Padres @ Seattle Mariners,2026-05-16T01:40:00Z,San Diego Padres,SD,Seattle Mariners,SEA,T-Mobile Park,away,Fernando Tatis Jr.,Fernando Tatis Jr.,665487,,RF,roster,Emerson Hancock,Emerson Hancock
2026-05-15,823140,San Diego Padres @ Seattle Mariners,2026-05-16T01:40:00Z,San Diego Padres,SD,Seattle Mariners,SEA,T-Mobile Park,away,Bryce Johnson,Bryce Johnson,669369,,RF,roster,Emerson Hancock,Emerson Hancock
2026-05-15,823140,San Diego Padres @ Seattle Mariners,2026-05-16T01:40:00Z,San Diego Padres,SD,Seattle Mariners,SEA,T-Mobile Park,away,Xander Bogaerts,Xander Bogaerts,593428,,SS,roster,Emerson Hancock,Emerson Hancock
2026-05-15,823140,San Diego Padres @ Seattle Mariners,2026-05-16T01:40:00Z,Seattle Mariners,SEA,San Diego Padres,SD,T-Mobile Park,home,Josh Naylor,Josh Naylor,647304,,1B,roster,Randy Vásquez,Randy Vásquez
2026-05-15,823140,San Diego Padres @ Seattle Mariners,2026-05-16T01:40:00Z,Seattle Mariners,SEA,San Diego Padres,SD,T-Mobile Park,home,Cole Young,Cole Young,702284,,2B,roster,Randy Vásquez,Randy Vásquez
2026-05-15,823140,San Diego Padres @ Seattle Mariners,2026-05-16T01:40:00Z,Seattle Mariners,SEA,San Diego Padres,SD,T-Mobile Park,home,Randy Arozarena,Randy Arozarena,668227,,LF,roster,Randy Vásquez,Randy Vásquez
2026-05-15,823140,San Diego Padres @ Seattle Mariners,2026-05-16T01:40:00Z,Seattle Mariners,SEA,San Diego Padres,SD,T-Mobile Park,home,J.P. Crawford,J.P. Crawford,641487,,SS,roster,Randy Vásquez,Randy Vásquez
2026-05-15,823140,San Diego Padres @ Seattle Mariners,2026-05-16T01:40:00Z,Seattle Mariners,SEA,San Diego Padres,SD,T-Mobile Park,home,Dominic Canzone,Dominic Canzone,686527,,RF,roster,Randy Vásquez,Randy Vásquez
2026-05-15,823140,San Diego Padres @ Seattle Mariners,2026-05-16T01:40:00Z,Seattle Mariners,SEA,San Diego Padres,SD,T-Mobile Park,home,Cal Raleigh,Cal Raleigh,663728,,C,roster,Randy Vásquez,Randy Vásquez
2026-05-15,823140,San Diego Padres @ Seattle Mariners,2026-05-16T01:40:00Z,Seattle Mariners,SEA,San Diego Padres,SD,T-Mobile Park,home,Connor Joe,Connor Joe,656582,,1B,roster,Randy Vásquez,Randy Vásquez
2026-05-15,823140,San Diego Padres @ Seattle Mariners,2026-05-16T01:40:00Z,Seattle Mariners,SEA,San Diego Padres,SD,T-Mobile Park,home,Rob Refsnyder,Rob Refsnyder,608701,,RF,roster,Randy Vásquez,Randy Vásquez
2026-05-15,823140,San Diego Padres @ Seattle Mariners,2026-05-16T01:40:00Z,Seattle Mariners,SEA,San Diego Padres,SD,T-Mobile Park,home,Brendan Donovan,Brendan Donovan,680977,,3B,roster,Randy Vásquez,Randy Vásquez
2026-05-15,823140,San Diego Padres @ Seattle Mariners,2026-05-16T01:40:00Z,Seattle Mariners,SEA,San Diego Padres,SD,T-Mobile Park,home,Mitch Garver,Mitch Garver,641598,,C,roster,Randy Vásquez,Randy Vásquez
2026-05-15,823140,San Diego Padres @ Seattle Mariners,2026-05-16T01:40:00Z,Seattle Mariners,SEA,San Diego Padres,SD,T-Mobile Park,home,Leo Rivas,Leo Rivas,660844,,3B,roster,Randy Vásquez,Randy Vásquez
2026-05-15,823140,San Diego Padres @ Seattle Mariners,2026-05-16T01:40:00Z,Seattle Mariners,SEA,San Diego Padres,SD,T-Mobile Park,home,Julio Rodríguez,Julio Rodríguez,677594,,CF,roster,Randy Vásquez,Randy Vásquez
2026-05-15,823140,San Diego Padres @ Seattle Mariners,2026-05-16T01:40:00Z,Seattle Mariners,SEA,San Diego Padres,SD,T-Mobile Park,home,Luke Raley,Luke Raley,670042,,RF,roster,Randy Vásquez,Randy Vásquez
2026-05-15,825009,San Francisco Giants @ Athletics,2026-05-16T01:40:00Z,San Francisco Giants,SF,Athletics,ATH,Sutter Health Park,away,Casey Schmitt,Casey Schmitt,669477,,DH,roster,Aaron Civale,Aaron Civale
2026-05-15,825009,San Francisco Giants @ Athletics,2026-05-16T01:40:00Z,San Francisco Giants,SF,Athletics,ATH,Sutter Health Park,away,Heliot Ramos,Heliot Ramos,671218,,LF,roster,Aaron Civale,Aaron Civale
2026-05-15,825009,San Francisco Giants @ Athletics,2026-05-16T01:40:00Z,San Francisco Giants,SF,Athletics,ATH,Sutter Health Park,away,Jesus Rodriguez,Jesus Rodriguez,683679,,C,roster,Aaron Civale,Aaron Civale
2026-05-15,825009,San Francisco Giants @ Athletics,2026-05-16T01:40:00Z,San Francisco Giants,SF,Athletics,ATH,Sutter Health Park,away,Matt Chapman,Matt Chapman,656305,,3B,roster,Aaron Civale,Aaron Civale
2026-05-15,825009,San Francisco Giants @ Athletics,2026-05-16T01:40:00Z,San Francisco Giants,SF,Athletics,ATH,Sutter Health Park,away,Drew Gilbert,Drew Gilbert,687551,,CF,roster,Aaron Civale,Aaron Civale
2026-05-15,825009,San Francisco Giants @ Athletics,2026-05-16T01:40:00Z,San Francisco Giants,SF,Athletics,ATH,Sutter Health Park,away,Jung Hoo Lee,Jung Hoo Lee,808982,,RF,roster,Aaron Civale,Aaron Civale
2026-05-15,825009,San Francisco Giants @ Athletics,2026-05-16T01:40:00Z,San Francisco Giants,SF,Athletics,ATH,Sutter Health Park,away,Rafael Devers,Rafael Devers,646240,,1B,roster,Aaron Civale,Aaron Civale
2026-05-15,825009,San Francisco Giants @ Athletics,2026-05-16T01:40:00Z,San Francisco Giants,SF,Athletics,ATH,Sutter Health Park,away,Harrison Bader,Harrison Bader,664056,,CF,roster,Aaron Civale,Aaron Civale
2026-05-15,825009,San Francisco Giants @ Athletics,2026-05-16T01:40:00Z,San Francisco Giants,SF,Athletics,ATH,Sutter Health Park,away,Eric Haase,Eric Haase,606992,,C,roster,Aaron Civale,Aaron Civale
2026-05-15,825009,San Francisco Giants @ Athletics,2026-05-16T01:40:00Z,San Francisco Giants,SF,Athletics,ATH,Sutter Health Park,away,Christian Koss,Christian Koss,683766,,2B,roster,Aaron Civale,Aaron Civale
2026-05-15,825009,San Francisco Giants @ Athletics,2026-05-16T01:40:00Z,San Francisco Giants,SF,Athletics,ATH,Sutter Health Park,away,Willy Adames,Willy Adames,642715,,SS,roster,Aaron Civale,Aaron Civale
2026-05-15,825009,San Francisco Giants @ Athletics,2026-05-16T01:40:00Z,San Francisco Giants,SF,Athletics,ATH,Sutter Health Park,away,Luis Arraez,Luis Arraez,650333,,2B,roster,Aaron Civale,Aaron Civale
2026-05-15,825009,San Francisco Giants @ Athletics,2026-05-16T01:40:00Z,San Francisco Giants,SF,Athletics,ATH,Sutter Health Park,away,Bryce Eldridge,Bryce Eldridge,805811,,DH,roster,Aaron Civale,Aaron Civale
2026-05-15,825009,San Francisco Giants @ Athletics,2026-05-16T01:40:00Z,Athletics,ATH,San Francisco Giants,SF,Sutter Health Park,home,Lawrence Butler,Lawrence Butler,671732,,RF,roster,Tyler Mahle,Tyler Mahle
2026-05-15,825009,San Francisco Giants @ Athletics,2026-05-16T01:40:00Z,Athletics,ATH,San Francisco Giants,SF,Sutter Health Park,home,Jonah Heim,Jonah Heim,641680,,C,roster,Tyler Mahle,Tyler Mahle
2026-05-15,825009,San Francisco Giants @ Athletics,2026-05-16T01:40:00Z,Athletics,ATH,San Francisco Giants,SF,Sutter Health Park,home,Brent Rooker,Brent Rooker,667670,,DH,roster,Tyler Mahle,Tyler Mahle
2026-05-15,825009,San Francisco Giants @ Athletics,2026-05-16T01:40:00Z,Athletics,ATH,San Francisco Giants,SF,Sutter Health Park,home,Zack Gelof,Zack Gelof,680869,,CF,roster,Tyler Mahle,Tyler Mahle
2026-05-15,825009,San Francisco Giants @ Athletics,2026-05-16T01:40:00Z,Athletics,ATH,San Francisco Giants,SF,Sutter Health Park,home,Michael Stefanic,Michael Stefanic,683021,,2B,roster,Tyler Mahle,Tyler Mahle
2026-05-15,825009,San Francisco Giants @ Athletics,2026-05-16T01:40:00Z,Athletics,ATH,San Francisco Giants,SF,Sutter Health Park,home,Jeff McNeil,Jeff McNeil,643446,,2B,roster,Tyler Mahle,Tyler Mahle
2026-05-15,825009,San Francisco Giants @ Athletics,2026-05-16T01:40:00Z,Athletics,ATH,San Francisco Giants,SF,Sutter Health Park,home,Carlos Cortes,Carlos Cortes,666126,,RF,roster,Tyler Mahle,Tyler Mahle
2026-05-15,825009,San Francisco Giants @ Athletics,2026-05-16T01:40:00Z,Athletics,ATH,San Francisco Giants,SF,Sutter Health Park,home,Tyler Soderstrom,Tyler Soderstrom,691016,,LF,roster,Tyler Mahle,Tyler Mahle
2026-05-15,825009,San Francisco Giants @ Athletics,2026-05-16T01:40:00Z,Athletics,ATH,San Francisco Giants,SF,Sutter Health Park,home,Darell Hernaiz,Darell Hernaiz,687231,,3B,roster,Tyler Mahle,Tyler Mahle
2026-05-15,825009,San Francisco Giants @ Athletics,2026-05-16T01:40:00Z,Athletics,ATH,San Francisco Giants,SF,Sutter Health Park,home,Nick Kurtz,Nick Kurtz,701762,,1B,roster,Tyler Mahle,Tyler Mahle
2026-05-15,825009,San Francisco Giants @ Athletics,2026-05-16T01:40:00Z,Athletics,ATH,San Francisco Giants,SF,Sutter Health Park,home,Henry Bolte,Henry Bolte,703607,,CF,roster,Tyler Mahle,Tyler Mahle
2026-05-15,825009,San Francisco Giants @ Athletics,2026-05-16T01:40:00Z,Athletics,ATH,San Francisco Giants,SF,Sutter Health Park,home,Colby Thomas,Colby Thomas,687515,,RF,roster,Tyler Mahle,Tyler Mahle
2026-05-15,825009,San Francisco Giants @ Athletics,2026-05-16T01:40:00Z,Athletics,ATH,San Francisco Giants,SF,Sutter Health Park,home,Shea Langeliers,Shea Langeliers,669127,,C,roster,Tyler Mahle,Tyler Mahle