rank,name,team,opponent,game,batter_hand,pitcher,pitcher_hand,odds,barrel_rate,hard_hit_rate,pitcher_hr9,pitcher_era,pitcher_whip,pitcher_xfip,pitcher_k9,pitcher_bb9,pitcher_attack_score,batter_power_score,pitcher_vulnerability_score,handedness_split_score,pitch_type_score,environment_score,contact_score,split_engine_score,split_grade,matchup_intel_score,matchup_grade,master_score,master_tier
1,James Wood,Washington Nationals,Cincinnati Reds,Washington Nationals @ Cincinnati Reds,L,Nick Lodolo,R,362,27.6,61.2,3.38,6.75,1.56,5.15,7.71,3.86,77.2,99,99,62,90.5,44.2,92,85.3,TARGET,71.7,PLUS,88.4,ELITE
2,Nick Kurtz,Athletics,St. Louis Cardinals,St. Louis Cardinals @ Athletics,L,Matthew Liberatore,R,333,15.4,59.3,1.71,4.07,1.49,5.16,9.07,4.32,71.5,90.7,76.4,62,90.7,45.3,83.9,76.7,ATTACK,68.4,PLUS,82.8,STRONG
3,Luke Raley,Seattle Mariners,Houston Astros,Seattle Mariners @ Houston Astros,L,Lance McCullers Jr.,R,474,22.2,54,1.32,7.41,1.17,3.93,8.53,2.64,80.6,95.8,75.8,62,71.2,43.1,86.2,75.5,ATTACK,69.8,PLUS,85.2,ELITE
4,CJ Abrams,Washington Nationals,Cincinnati Reds,Washington Nationals @ Cincinnati Reds,L,Nick Lodolo,R,543,12.2,41.7,3.38,6.75,1.56,5.15,7.71,3.86,77.2,70,99,62,92,44.2,61.9,75.5,ATTACK,61.3,NEUTRAL,81.1,STRONG
5,Willson Contreras,Boston Red Sox,Philadelphia Phillies,Philadelphia Phillies @ Boston Red Sox,R,Andrew Painter,R,490,18,46.2,1.65,6.89,1.29,4.15,13.50,6.75,86.7,89.1,82.4,50,89.9,44.6,80,75.2,ATTACK,69.7,PLUS,83.4,STRONG
6,Mickey Gasper,Boston Red Sox,Philadelphia Phillies,Philadelphia Phillies @ Boston Red Sox,S,Andrew Painter,R,790,14.3,85.7,1.65,6.89,1.29,4.15,13.50,6.75,86.7,99,82.4,58,50,44.6,85.8,74.9,PLUS,67.3,PLUS,75.1,STRONG
7,Oneil Cruz,Pittsburgh Pirates,Colorado Rockies,Colorado Rockies @ Pittsburgh Pirates,L,Jose Quintana,R,400,19.8,60.7,1.5,3.9,1.48,4.57,9.43,3.21,59.2,99,64,62,79.8,41.6,91.6,74.6,PLUS,66.8,PLUS,78.7,STRONG
8,Corey Seager,Texas Rangers,Arizona Diamondbacks,Arizona Diamondbacks @ Texas Rangers,L,Ryne Nelson,R,441,16,46.2,1.89,5.68,1.33,4.57,9.42,5.34,69.3,80.4,78.9,62,94.6,45.6,75,74.5,PLUS,64.8,NEUTRAL,78.2,STRONG
9,Max Muncy,Los Angeles Dodgers,San Francisco Giants,San Francisco Giants @ Los Angeles Dodgers,L,Robbie Ray,R,320,19.6,55.7,1.58,2.76,1.35,5.34,5.96,4.57,40.3,97.4,58.7,62,93.6,44.5,87.6,74.4,PLUS,61.7,NEUTRAL,76.6,STRONG
10,JJ Bleday,Cincinnati Reds,Washington Nationals,Washington Nationals @ Cincinnati Reds,L,Jake Irvin,R,390,15.8,55.3,1.13,5.22,1.35,4.61,8.93,3.57,54.3,98.7,60.5,62,89,42.7,81.7,74,PLUS,63.2,NEUTRAL,82.1,STRONG
11,Shea Langeliers,Athletics,St. Louis Cardinals,St. Louis Cardinals @ Athletics,R,Matthew Liberatore,R,240,17.1,48.7,1.71,4.07,1.49,5.16,9.07,4.32,71.5,86.1,76.4,50,91.2,45.3,79.7,73.1,PLUS,68,PLUS,84.4,STRONG
12,Wilyer Abreu,Boston Red Sox,Philadelphia Phillies,Philadelphia Phillies @ Boston Red Sox,L,Andrew Painter,R,490,12,46.6,1.65,6.89,1.29,4.15,13.50,6.75,86.7,71,82.4,62,94.5,44.6,65.3,72.1,PLUS,65.9,PLUS,79.7,STRONG
13,Ian Happ,Chicago Cubs,Atlanta Braves,Chicago Cubs @ Atlanta Braves,S,JR Ritchie,R,430,18.3,41.9,2.08,3.63,1.09,4.05,7.36,2.05,78.2,83.2,71.1,58,89.1,46.6,76.5,72,PLUS,67.5,PLUS,79.3,STRONG
14,Brady House,Washington Nationals,Cincinnati Reds,Washington Nationals @ Cincinnati Reds,R,Nick Lodolo,R,680,11.2,42.9,3.38,6.75,1.56,5.15,7.71,3.86,77.2,62.1,99,50,87,44.2,60.3,70.6,PLUS,59,NEUTRAL,74.2,GOOD
15,Moisés Ballesteros,Chicago Cubs,Atlanta Braves,Chicago Cubs @ Atlanta Braves,L,JR Ritchie,R,610,13.4,48.8,2.08,3.63,1.09,4.05,7.36,2.05,78.2,74.8,71.1,62,92.1,46.6,70.5,70.4,PLUS,63.6,NEUTRAL,74.2,GOOD
16,Dominic Canzone,Seattle Mariners,Houston Astros,Seattle Mariners @ Houston Astros,L,Lance McCullers Jr.,R,529,15.4,49.2,1.32,7.41,1.17,3.93,8.53,2.64,80.6,81.3,75.8,62,65.7,43.1,75.9,70.3,PLUS,65.7,PLUS,80.8,STRONG
17,Tyler Soderstrom,Athletics,St. Louis Cardinals,St. Louis Cardinals @ Athletics,L,Matthew Liberatore,R,475,13.3,47.4,1.71,4.07,1.49,5.16,9.07,4.32,71.5,73.2,76.4,62,84.5,45.3,69.2,70.3,PLUS,63.5,NEUTRAL,77.6,STRONG
18,Owen Caissie,Miami Marlins,Minnesota Twins,Miami Marlins @ Minnesota Twins,L,Simeon Woods Richardson,R,850,10.3,43.1,1.85,6.92,1.17,4.83,6.91,3.29,93.6,59.9,92.1,62,85.7,46.3,58.2,70.3,PLUS,61.8,NEUTRAL,68.5,GOOD
19,Otto Lopez,Miami Marlins,Minnesota Twins,Miami Marlins @ Minnesota Twins,R,Simeon Woods Richardson,R,850,9.8,46.6,1.85,6.92,1.17,4.83,6.91,3.29,93.6,61.7,92.1,50,93.8,46.3,59.8,69.7,PLUS,62.2,NEUTRAL,68.2,GOOD
20,Elly De La Cruz,Cincinnati Reds,Washington Nationals,Washington Nationals @ Cincinnati Reds,S,Jake Irvin,R,310,15,51.3,1.13,5.22,1.35,4.61,8.93,3.57,54.3,86.9,60.5,58,87.1,42.7,76.5,69.6,PLUS,61.9,NEUTRAL,80.8,STRONG
21,Kyle Stowers,Miami Marlins,Minnesota Twins,Miami Marlins @ Minnesota Twins,L,Simeon Woods Richardson,R,400,3.8,58.5,1.85,6.92,1.17,4.83,6.91,3.29,93.6,54.5,92.1,62,94.3,46.3,54.8,69.6,PLUS,66.3,PLUS,77.9,STRONG
22,Jeff McNeil,Athletics,St. Louis Cardinals,St. Louis Cardinals @ Athletics,L,Matthew Liberatore,R,1200,90,30.3,1.71,4.07,1.49,5.16,9.07,4.32,71.5,73.7,76.4,62,78.9,45.3,67.2,69.6,PLUS,56.6,NEUTRAL,64.6,STANDARD
23,Brandon Nimmo,Texas Rangers,Arizona Diamondbacks,Arizona Diamondbacks @ Texas Rangers,L,Ryne Nelson,R,573,9.7,51.6,1.89,5.68,1.33,4.57,9.42,5.34,69.3,66,78.9,62,90.2,45.6,63.5,69.3,PLUS,59.8,NEUTRAL,72.8,GOOD
24,Sal Stewart,Cincinnati Reds,Washington Nationals,Washington Nationals @ Cincinnati Reds,R,Jake Irvin,R,369,18.7,43.3,1.13,5.22,1.35,4.61,8.93,3.57,54.3,89.1,60.5,50,89.1,42.7,77.6,69.1,PLUS,62.2,NEUTRAL,81.2,STRONG
25,Joey Wiemer,Washington Nationals,Cincinnati Reds,Washington Nationals @ Cincinnati Reds,R,Nick Lodolo,,610,12.1,41.2,3.38,6.75,,,,,77.2,65.5,95.3,50,79.9,35,61.2,68.8,PLUS,58.8,NEUTRAL,75.8,STRONG
26,Brent Rooker,Athletics,St. Louis Cardinals,St. Louis Cardinals @ Athletics,R,Matthew Liberatore,R,310,15,41.7,1.71,4.07,1.49,5.16,9.07,4.32,71.5,73.1,76.4,50,85.8,45.3,68.9,68.2,PLUS,64.5,NEUTRAL,78.2,STRONG
27,Munetaka Murakami,Chicago White Sox,Kansas City Royals,Kansas City Royals @ Chicago White Sox,L,Seth Lugo,R,293,21.7,63.9,0.19,3.21,1.32,4.50,8.35,2.91,37,99,34.2,62,84.2,46.6,94.1,68.1,PLUS,63.6,NEUTRAL,77,STRONG
28,Kyle Schwarber,Philadelphia Phillies,Boston Red Sox,Philadelphia Phillies @ Boston Red Sox,L,Sonny Gray,R,250,24.5,50,0.96,3.54,1.05,3.47,9.43,2.59,44.8,99,37.8,62,87.3,41.6,83,68,PLUS,61.8,NEUTRAL,76.7,STRONG
29,Juan Soto,New York Mets,Detroit Tigers,Detroit Tigers @ New York Mets,L,Framber Valdez,R,470,19,47.5,1.04,4.57,0.81,2.40,9.96,1.52,59.3,91.9,39,62,97.8,42.7,81,67.7,PLUS,63.3,NEUTRAL,77.5,STRONG
30,Liam Hicks,Miami Marlins,Minnesota Twins,Miami Marlins @ Minnesota Twins,L,Simeon Woods Richardson,R,900,6.9,39.7,1.85,6.92,1.17,4.83,6.91,3.29,93.6,46.3,92.1,62,99.4,46.3,47,67.5,PLUS,57.8,NEUTRAL,59.3,STANDARD
31,Daylen Lile,Washington Nationals,Cincinnati Reds,Washington Nationals @ Cincinnati Reds,L,Nick Lodolo,R,820,6.9,36.6,3.38,6.75,1.56,5.15,7.71,3.86,77.2,44,99,62,91.1,44.2,44.5,67.3,PLUS,54.1,THIN,67.7,GOOD
32,Caleb Durbin,Boston Red Sox,Philadelphia Phillies,Philadelphia Phillies @ Boston Red Sox,R,Andrew Painter,R,1220,90,30.9,1.65,6.89,1.29,4.15,13.50,6.75,86.7,66.9,82.4,50,80,44.6,67.7,67.3,PLUS,60.2,NEUTRAL,61.6,STANDARD
33,Gabriel Moreno,Arizona Diamondbacks,Texas Rangers,Arizona Diamondbacks @ Texas Rangers,R,Kumar Rocker,L,1000,13.2,43.4,1.11,5.01,1.47,4.83,8.40,2.40,68.6,65.7,68.1,62,87.7,52.3,65.7,67,PLUS,57.3,NEUTRAL,58.7,STANDARD
34,Joc Pederson,Texas Rangers,Arizona Diamondbacks,Arizona Diamondbacks @ Texas Rangers,L,Ryne Nelson,R,590,7.2,50.7,1.89,5.68,1.33,4.57,9.42,5.34,69.3,57.5,78.9,62,93.1,45.6,56.6,66.9,PLUS,57.8,NEUTRAL,70.9,GOOD
35,Jordan Walker,St. Louis Cardinals,Athletics,St. Louis Cardinals @ Athletics,R,J.T. Ginn,R,650,18.3,53.8,1.21,3.62,0.99,4.18,7.36,2.98,43.6,94.2,44.7,50,87,42.6,86,66.7,PLUS,58.3,NEUTRAL,75.5,STRONG
36,Hunter Goodman,Colorado Rockies,Pittsburgh Pirates,Colorado Rockies @ Pittsburgh Pirates,R,Mitch Keller,R,407,15.1,52.9,0.38,2.87,1.92,6.75,6.92,6.23,15.8,83.8,50.6,50,91.2,52.3,78.1,66.4,PLUS,54,THIN,67.2,GOOD
37,Bobby Witt Jr.,Kansas City Royals,Chicago White Sox,Kansas City Royals @ Chicago White Sox,R,Noah Schultz,R,475,13.2,51.8,0.72,4.68,1.43,4.66,6.75,2.32,56.5,80.6,57.6,50,92,42.6,72.4,66,PLUS,60.3,NEUTRAL,77.1,STRONG
38,Connor Norby,Miami Marlins,Minnesota Twins,Miami Marlins @ Minnesota Twins,R,Simeon Woods Richardson,R,650,9.1,36.4,1.85,6.92,1.17,4.83,6.91,3.29,93.6,50,92.1,50,93.3,46.3,49.9,65.8,PLUS,61.6,NEUTRAL,73.4,GOOD
39,Kazuma Okamoto,Toronto Blue Jays,Tampa Bay Rays,Tampa Bay Rays @ Toronto Blue Jays,R,Griffin Jax,R,398,15.5,53.4,1.5,5,0.73,2.68,9.82,1.64,67.8,88,50.9,50,85.4,40.3,79.5,65.7,PLUS,65.5,PLUS,79.8,STRONG
40,Jake Burger,Texas Rangers,Arizona Diamondbacks,Arizona Diamondbacks @ Texas Rangers,R,Ryne Nelson,R,470,9.8,47.3,1.89,5.68,1.33,4.57,9.42,5.34,69.3,62.3,78.9,50,88.1,45.6,60.3,65.7,PLUS,60.8,NEUTRAL,73.7,GOOD
41,Jarren Duran,Boston Red Sox,Philadelphia Phillies,Philadelphia Phillies @ Boston Red Sox,L,Andrew Painter,R,690,9.9,39.8,1.65,6.89,1.29,4.15,13.50,6.75,86.7,51.4,82.4,62,91.4,44.6,54.6,65.7,PLUS,59.8,NEUTRAL,70.6,GOOD
42,Brandon Lowe,Pittsburgh Pirates,Colorado Rockies,Colorado Rockies @ Pittsburgh Pirates,L,Jose Quintana,R,543,12.5,42.3,1.5,3.9,1.48,4.57,9.43,3.21,59.2,72.6,64,62,80.5,41.6,63.1,65.5,PLUS,56.8,NEUTRAL,72.4,GOOD
43,Freddie Freeman,Los Angeles Dodgers,San Francisco Giants,San Francisco Giants @ Los Angeles Dodgers,L,Robbie Ray,R,520,11.9,47.8,1.58,2.76,1.35,5.34,5.96,4.57,40.3,69.3,58.7,62,94,44.5,66,65.4,PLUS,53.8,THIN,68.6,GOOD
44,Spencer Steer,Cincinnati Reds,Washington Nationals,Washington Nationals @ Cincinnati Reds,R,Jake Irvin,R,470,16.2,38.5,1.13,5.22,1.35,4.61,8.93,3.57,54.3,75.1,60.5,50,91.8,42.7,69.3,65.1,PLUS,59,NEUTRAL,77.5,STRONG
45,Xavier Edwards,Miami Marlins,Minnesota Twins,Miami Marlins @ Minnesota Twins,S,Simeon Woods Richardson,R,950,6.7,37.3,1.85,6.92,1.17,4.83,6.91,3.29,93.6,43.5,92.1,58,92.8,46.3,44.6,65,PLUS,56.9,NEUTRAL,62.3,STANDARD
46,Mickey Moniak,Colorado Rockies,Pittsburgh Pirates,Colorado Rockies @ Pittsburgh Pirates,L,Mitch Keller,R,404,12.6,41.4,0.38,2.87,1.92,6.75,6.92,6.23,15.8,76.2,50.6,62,88.2,52.3,62.6,64.9,NEUTRAL,50,THIN,67.1,GOOD
47,Ketel Marte,Arizona Diamondbacks,Texas Rangers,Arizona Diamondbacks @ Texas Rangers,S,Kumar Rocker,L,426,9.7,46.8,1.11,5.01,1.47,4.83,8.40,2.40,68.6,59.5,68.1,58,92.3,52.3,59.7,64.7,NEUTRAL,61.9,NEUTRAL,71.6,GOOD
48,Evan Carter,Texas Rangers,Arizona Diamondbacks,Arizona Diamondbacks @ Texas Rangers,L,Ryne Nelson,R,770,8.4,38.9,1.89,5.68,1.33,4.57,9.42,5.34,69.3,50.2,78.9,62,93.4,45.6,50.1,64.5,NEUTRAL,54.2,THIN,67,GOOD
49,Corbin Carroll,Arizona Diamondbacks,Texas Rangers,Arizona Diamondbacks @ Texas Rangers,L,Kumar Rocker,L,451,12,43,1.11,5.01,1.47,4.83,8.40,2.40,68.6,69,68.1,43,90,52.3,62.4,64.4,NEUTRAL,62.6,NEUTRAL,74.6,GOOD
50,Keibert Ruiz,Washington Nationals,Cincinnati Reds,Washington Nationals @ Cincinnati Reds,S,Nick Lodolo,R,880,4.5,40.9,3.38,6.75,1.56,5.15,7.71,3.86,77.2,39,99,58,84.8,44.2,42,64.3,NEUTRAL,52.2,THIN,68.7,GOOD
51,Jakob Marsee,Miami Marlins,Minnesota Twins,Miami Marlins @ Minnesota Twins,L,Simeon Woods Richardson,R,900,3.8,40.2,1.85,6.92,1.17,4.83,6.91,3.29,93.6,37.5,92.1,62,96.1,46.3,40.2,64.2,NEUTRAL,56,NEUTRAL,61.3,STANDARD
52,Masataka Yoshida,Boston Red Sox,Philadelphia Phillies,Philadelphia Phillies @ Boston Red Sox,L,Andrew Painter,R,1040,0,42.9,1.65,6.89,1.29,4.15,13.50,6.75,86.7,49.5,82.4,62,83.7,44.6,52.3,64.1,NEUTRAL,56.7,NEUTRAL,62.3,STANDARD
53,Marcelo Mayer,Boston Red Sox,Philadelphia Phillies,Philadelphia Phillies @ Boston Red Sox,L,Andrew Painter,R,820,7,41.4,1.65,6.89,1.29,4.15,13.50,6.75,86.7,43.9,82.4,62,95,44.6,48.6,63.8,NEUTRAL,57.5,NEUTRAL,65.5,GOOD
54,Pete Crow-Armstrong,Chicago Cubs,Atlanta Braves,Chicago Cubs @ Atlanta Braves,L,JR Ritchie,R,550,8.1,46.8,2.08,3.63,1.09,4.05,7.36,2.05,78.2,56.6,71.1,62,81.3,46.6,55.7,63.2,NEUTRAL,60.3,NEUTRAL,71.4,GOOD
55,Michael Harris II,Atlanta Braves,Chicago Cubs,Chicago Cubs @ Atlanta Braves,L,Shota Imanaga,L,590,17,58.9,0.76,2.28,1.22,4.58,8.23,3.80,10.7,99,29.1,43,89.1,44.6,87.6,63.2,NEUTRAL,51.7,THIN,68.9,GOOD
56,Will Benson,Cincinnati Reds,Washington Nationals,Washington Nationals @ Cincinnati Reds,L,Jake Irvin,R,323,13.2,39,1.13,5.22,1.35,4.61,8.93,3.57,54.3,62.1,60.5,62,88.4,42.7,62.2,62.9,NEUTRAL,58.2,NEUTRAL,73,GOOD
57,Christopher Morel,Miami Marlins,Minnesota Twins,Miami Marlins @ Minnesota Twins,R,Simeon Woods Richardson,,520,0,44.4,1.85,6.92,,,,,93.6,46.1,88.9,50,90.8,35,53.5,62.8,NEUTRAL,61.6,NEUTRAL,75.1,STRONG
58,Joe Mack,Miami Marlins,Minnesota Twins,Miami Marlins @ Minnesota Twins,L,Simeon Woods Richardson,R,900,6.3,31.3,1.85,6.92,1.17,4.83,6.91,3.29,93.6,36.7,92.1,62,87.2,46.3,38.8,62.8,NEUTRAL,55.6,NEUTRAL,58.7,STANDARD
59,Cole Young,Seattle Mariners,Houston Astros,Seattle Mariners @ Houston Astros,L,Lance McCullers Jr.,R,1000,8,41.1,1.32,7.41,1.17,3.93,8.53,2.64,80.6,51,75.8,62,84.7,43.1,50.9,62.7,NEUTRAL,54.7,THIN,61.8,STANDARD
60,Josh Jung,Texas Rangers,Arizona Diamondbacks,Arizona Diamondbacks @ Texas Rangers,R,Ryne Nelson,R,550,5.7,48,1.89,5.68,1.33,4.57,9.42,5.34,69.3,50.4,78.9,50,95,45.6,50.7,62.6,NEUTRAL,56.7,NEUTRAL,70,GOOD
61,Dansby Swanson,Chicago Cubs,Atlanta Braves,Chicago Cubs @ Atlanta Braves,R,JR Ritchie,R,650,9.4,45.8,2.08,3.63,1.09,4.05,7.36,2.05,78.2,59.7,71.1,50,83.4,46.6,58.1,62.3,NEUTRAL,60.1,NEUTRAL,71.4,GOOD
62,Ezequiel Duran,Texas Rangers,Arizona Diamondbacks,Arizona Diamondbacks @ Texas Rangers,R,Ryne Nelson,R,930,6.6,44.2,1.89,5.68,1.33,4.57,9.42,5.34,69.3,49.6,78.9,50,93.7,45.6,49.9,62.2,NEUTRAL,52.4,THIN,58.6,STANDARD
63,Julio Rodríguez,Seattle Mariners,Houston Astros,Seattle Mariners @ Houston Astros,R,Lance McCullers Jr.,R,470,8.7,41.7,1.32,7.41,1.17,3.93,8.53,2.64,80.6,53.7,75.8,50,89.6,43.1,53.1,62,NEUTRAL,61.2,NEUTRAL,76,STRONG
64,Carlos Narváez,Boston Red Sox,Philadelphia Phillies,Philadelphia Phillies @ Boston Red Sox,R,Andrew Painter,R,850,8.6,39.7,1.65,6.89,1.29,4.15,13.50,6.75,86.7,51.6,82.4,50,80.3,44.6,51.3,62,NEUTRAL,58.1,NEUTRAL,69.6,GOOD
65,Riley Greene,Detroit Tigers,New York Mets,Detroit Tigers @ New York Mets,L,Christian Scott,R,423,13.9,50.5,0.82,3.27,1.35,3.59,10.13,3.38,34.6,81.2,36.5,62,84.6,40.3,73.2,61.8,NEUTRAL,55.1,NEUTRAL,70.3,GOOD
66,Michael Busch,Chicago Cubs,Atlanta Braves,Chicago Cubs @ Atlanta Braves,L,JR Ritchie,R,450,8.8,39.8,2.08,3.63,1.09,4.05,7.36,2.05,78.2,52.3,71.1,62,80.5,46.6,51.8,61.7,NEUTRAL,61.1,NEUTRAL,72.2,GOOD
67,Heriberto Hernández,Miami Marlins,Minnesota Twins,Miami Marlins @ Minnesota Twins,R,Simeon Woods Richardson,,598,5.1,44.1,1.85,6.92,,,,,93.6,42.5,88.9,50,94.2,35,46,61.6,NEUTRAL,58.9,NEUTRAL,72.4,GOOD
68,Nasim Nuñez,Washington Nationals,Cincinnati Reds,Washington Nationals @ Cincinnati Reds,S,Nick Lodolo,R,1200,0,18.9,3.38,6.75,1.56,5.15,7.71,3.86,77.2,30.7,99,58,81.4,44.2,40,61.6,NEUTRAL,50.7,THIN,60.3,STANDARD
69,J.P. Crawford,Seattle Mariners,Houston Astros,Seattle Mariners @ Houston Astros,L,Lance McCullers Jr.,R,1060,8.3,36.1,1.32,7.41,1.17,3.93,8.53,2.64,80.6,47.3,75.8,62,86,43.1,47.6,61.6,NEUTRAL,53.7,THIN,58.6,STANDARD
70,Josh Naylor,Seattle Mariners,Houston Astros,Seattle Mariners @ Houston Astros,L,Lance McCullers Jr.,R,567,6.8,41.7,1.32,7.41,1.17,3.93,8.53,2.64,80.6,47.9,75.8,62,82.9,43.1,48.4,61.5,NEUTRAL,58.2,NEUTRAL,73.6,GOOD
71,Carter Jensen,Kansas City Royals,Chicago White Sox,Kansas City Royals @ Chicago White Sox,L,Noah Schultz,R,800,11.4,43,0.72,4.68,1.43,4.66,6.75,2.32,56.5,63.2,57.6,62,81.4,42.6,60.9,61.5,NEUTRAL,53.2,THIN,67.1,GOOD
72,Cal Raleigh,Seattle Mariners,Houston Astros,Seattle Mariners @ Houston Astros,S,Lance McCullers Jr.,,310,12.5,30.8,1.32,7.41,,,,,80.6,54.5,78.3,50,83.7,35,53.9,61.4,NEUTRAL,60.9,NEUTRAL,77.3,STRONG
73,Seiya Suzuki,Chicago Cubs,Atlanta Braves,Chicago Cubs @ Atlanta Braves,R,JR Ritchie,R,425,9.5,43.2,2.08,3.63,1.09,4.05,7.36,2.05,78.2,57.6,71.1,50,81.3,46.6,56.3,61.4,NEUTRAL,62.3,NEUTRAL,74.6,GOOD
74,Tyler Stephenson,Cincinnati Reds,Washington Nationals,Washington Nationals @ Cincinnati Reds,R,Jake Irvin,R,540,13.2,47.9,1.13,5.22,1.35,4.61,8.93,3.57,54.3,67.6,60.5,50,77.8,42.7,69.3,61.4,NEUTRAL,57.5,NEUTRAL,72.8,GOOD
75,Jackson Chourio,Milwaukee Brewers,San Diego Padres,San Diego Padres @ Milwaukee Brewers,R,Michael King,,725,19,42.9,0.79,2.76,,,,,27.6,95.8,32.7,50,77.4,35,77.3,61.4,NEUTRAL,49.6,THIN,69.4,GOOD
76,Carson Kelly,Chicago Cubs,Atlanta Braves,Chicago Cubs @ Atlanta Braves,R,JR Ritchie,R,680,8.8,45,2.08,3.63,1.09,4.05,7.36,2.05,78.2,57.1,71.1,50,80.5,46.6,56,61.1,NEUTRAL,58.5,NEUTRAL,69.6,GOOD
77,Byron Buxton,Minnesota Twins,Miami Marlins,Miami Marlins @ Minnesota Twins,R,Max Meyer,,330,20,46.7,0.43,2.79,,,,,11.9,92.3,24.6,50,97,35,80.4,61,NEUTRAL,51.3,THIN,70.4,GOOD
78,Matt Olson,Atlanta Braves,Chicago Cubs,Chicago Cubs @ Atlanta Braves,L,Shota Imanaga,L,400,19,51.2,0.76,2.28,1.22,4.58,8.23,3.80,10.7,99,29.1,43,72.6,44.6,84,60.9,NEUTRAL,53.7,THIN,71.6,GOOD
79,Will Smith,Los Angeles Dodgers,San Francisco Giants,San Francisco Giants @ Los Angeles Dodgers,R,Robbie Ray,R,420,13.4,38.1,1.58,2.76,1.35,5.34,5.96,4.57,40.3,64.8,58.7,50,85.9,44.5,62,60.8,NEUTRAL,54.3,THIN,69.4,GOOD
80,Ceddanne Rafaela,Boston Red Sox,Philadelphia Phillies,Philadelphia Phillies @ Boston Red Sox,R,Andrew Painter,R,980,7.2,36,1.65,6.89,1.29,4.15,13.50,6.75,86.7,43.8,82.4,50,90,44.6,44.8,60.7,NEUTRAL,54.9,THIN,65,GOOD
81,Bryce Harper,Philadelphia Phillies,Boston Red Sox,Philadelphia Phillies @ Boston Red Sox,L,Sonny Gray,R,490,14.6,40.7,0.96,3.54,1.05,3.47,9.43,2.59,44.8,77.1,37.8,62,82.5,41.6,67.1,60.5,NEUTRAL,55.8,NEUTRAL,72.4,GOOD
82,Alejandro Osuna,Texas Rangers,Arizona Diamondbacks,Arizona Diamondbacks @ Texas Rangers,L,Ryne Nelson,R,1220,0,26.9,1.89,5.68,1.33,4.57,9.42,5.34,69.3,38.5,78.9,62,91.1,45.6,40,60.4,NEUTRAL,49,THIN,55.6,STANDARD
83,Spencer Torkelson,Detroit Tigers,New York Mets,Detroit Tigers @ New York Mets,R,Christian Scott,R,500,16.3,48.3,0.82,3.27,1.35,3.59,10.13,3.38,34.6,82.7,36.5,50,83.6,40.3,77.4,60.2,NEUTRAL,55.6,NEUTRAL,69.3,GOOD
84,Colson Montgomery,Chicago White Sox,Kansas City Royals,Kansas City Royals @ Chicago White Sox,L,Seth Lugo,R,350,14.3,41.8,0.19,3.21,1.32,4.50,8.35,2.91,37,73.9,34.2,62,90.1,46.6,67.2,60.1,NEUTRAL,56,NEUTRAL,71.4,GOOD
85,Miguel Vargas,Chicago White Sox,Kansas City Royals,Kansas City Royals @ Chicago White Sox,R,Seth Lugo,R,550,15.5,44,0.19,3.21,1.32,4.50,8.35,2.91,37,79.9,34.2,50,88.8,46.6,72,59.7,NEUTRAL,54.6,THIN,71.3,GOOD
86,Andy Pages,Los Angeles Dodgers,San Francisco Giants,San Francisco Giants @ Los Angeles Dodgers,R,Robbie Ray,R,490,7.4,52.5,1.58,2.76,1.35,5.34,5.96,4.57,40.3,59.8,58.7,50,88.6,44.5,58.5,59.6,NEUTRAL,53,THIN,68.1,GOOD
87,Dillon Dingler,Detroit Tigers,New York Mets,Detroit Tigers @ New York Mets,R,Christian Scott,R,525,15.2,51,0.82,3.27,1.35,3.59,10.13,3.38,34.6,84.7,36.5,50,71.7,40.3,76.8,59.3,NEUTRAL,54.4,THIN,70,GOOD
88,Edouard Julien,Colorado Rockies,Pittsburgh Pirates,Colorado Rockies @ Pittsburgh Pirates,L,Mitch Keller,R,830,8.5,49.3,0.38,2.87,1.92,6.75,6.92,6.23,15.8,58.2,50.6,62,83,52.3,58.7,59.3,NEUTRAL,44.4,AVOID,56.6,STANDARD
89,Randy Arozarena,Seattle Mariners,Houston Astros,Seattle Mariners @ Houston Astros,R,Lance McCullers Jr.,R,591,6.1,41.7,1.32,7.41,1.17,3.93,8.53,2.64,80.6,45.7,75.8,50,87.8,43.1,46.6,59.2,NEUTRAL,57.5,NEUTRAL,70.1,GOOD
90,Alec Burleson,St. Louis Cardinals,Athletics,St. Louis Cardinals @ Athletics,L,J.T. Ginn,R,575,11.4,46.2,1.21,3.62,0.99,4.18,7.36,2.98,43.6,66.2,44.7,62,81.6,42.6,63.5,59.2,NEUTRAL,53,THIN,68.4,GOOD
91,Vinnie Pasquantino,Kansas City Royals,Chicago White Sox,Kansas City Royals @ Chicago White Sox,L,Noah Schultz,R,680,10,40,0.72,4.68,1.43,4.66,6.75,2.32,56.5,54,57.6,62,84.7,42.6,55,59,NEUTRAL,52.4,THIN,66.5,GOOD
92,Jacob Young,Washington Nationals,Cincinnati Reds,Washington Nationals @ Cincinnati Reds,R,Nick Lodolo,R,1600,4.5,31,3.38,6.75,1.56,5.15,7.71,3.86,77.2,26.7,99,50,83.8,44.2,34.1,58.9,NEUTRAL,48.4,THIN,54.5,LOTTO
93,Zack Gelof,Athletics,St. Louis Cardinals,St. Louis Cardinals @ Athletics,R,Matthew Liberatore,R,450,6.1,40.8,1.71,4.07,1.49,5.16,9.07,4.32,71.5,44.9,76.4,50,82.7,45.3,45.9,58.7,NEUTRAL,57.7,NEUTRAL,71.9,GOOD
94,Bryan Reynolds,Pittsburgh Pirates,Colorado Rockies,Colorado Rockies @ Pittsburgh Pirates,S,Jose Quintana,R,800,7.9,43.6,1.5,3.9,1.48,4.57,9.43,3.21,59.2,52.3,64,58,80.1,41.6,52.6,58.6,NEUTRAL,51.5,THIN,61.8,STANDARD
95,Nolan Gorman,St. Louis Cardinals,Athletics,St. Louis Cardinals @ Athletics,L,J.T. Ginn,R,650,9.8,46.7,1.21,3.62,0.99,4.18,7.36,2.98,43.6,61.8,44.7,62,88.3,42.6,59.9,58.5,NEUTRAL,51.5,THIN,67.9,GOOD
96,Alex Bregman,Chicago Cubs,Atlanta Braves,Chicago Cubs @ Atlanta Braves,R,JR Ritchie,R,576,6,45.1,2.08,3.63,1.09,4.05,7.36,2.05,78.2,48.6,71.1,50,80.8,46.6,49.1,58.4,NEUTRAL,58.3,NEUTRAL,69.7,GOOD
97,Isaac Collins,Kansas City Royals,Chicago White Sox,Kansas City Royals @ Chicago White Sox,S,Noah Schultz,R,850,9.3,41.3,0.72,4.68,1.43,4.66,6.75,2.32,56.5,53.2,57.6,58,86.5,42.6,54.3,58.2,NEUTRAL,51.2,THIN,64.6,STANDARD
98,Kyle Tucker,Los Angeles Dodgers,San Francisco Giants,San Francisco Giants @ Los Angeles Dodgers,L,Robbie Ray,R,533,6.8,41.9,1.58,2.76,1.35,5.34,5.96,4.57,40.3,48.1,58.7,62,91.6,44.5,48.5,58.2,NEUTRAL,49.1,THIN,63.6,STANDARD
99,Teoscar Hernández,Los Angeles Dodgers,San Francisco Giants,San Francisco Giants @ Los Angeles Dodgers,R,Robbie Ray,R,440,9,43.3,1.58,2.76,1.35,5.34,5.96,4.57,40.3,56.1,58.7,50,85.6,44.5,55.1,58,NEUTRAL,52.5,THIN,66.6,GOOD
100,Nolan Arenado,Arizona Diamondbacks,Texas Rangers,Arizona Diamondbacks @ Texas Rangers,R,Kumar Rocker,L,840,7.8,28.2,1.11,5.01,1.47,4.83,8.40,2.40,68.6,39.6,68.1,62,85.6,52.3,40.1,57.9,NEUTRAL,52.2,THIN,63.8,STANDARD
101,Dalton Rushing,Los Angeles Dodgers,San Francisco Giants,San Francisco Giants @ Los Angeles Dodgers,L,Robbie Ray,,520,11.1,44.4,1.58,2.76,,,,,40.3,68.8,47.9,50,81.5,35,61.3,57.5,NEUTRAL,50.8,THIN,68,GOOD
102,Danny Jansen,Texas Rangers,Arizona Diamondbacks,Arizona Diamondbacks @ Texas Rangers,R,Ryne Nelson,R,620,5.3,36.8,1.89,5.68,1.33,4.57,9.42,5.34,69.3,38.7,78.9,50,84.2,45.6,40.7,57.5,NEUTRAL,53.5,THIN,65.9,GOOD
103,Casey Schmitt,San Francisco Giants,Los Angeles Dodgers,San Francisco Giants @ Los Angeles Dodgers,R,Shohei Ohtani,R,550,14.7,47.6,0.49,0.97,1.39,4.68,7.13,2.81,3.6,77.7,27.1,50,88.1,45.3,72.8,57.2,NEUTRAL,46.6,THIN,66,GOOD
104,Ryan Jeffers,Minnesota Twins,Miami Marlins,Miami Marlins @ Minnesota Twins,R,Max Meyer,,600,16.3,44.2,0.43,2.79,,,,,11.9,84.1,24.6,50,87.3,35,74.1,57.1,NEUTRAL,46.6,THIN,66.1,GOOD
105,Andrew Benintendi,Chicago White Sox,Kansas City Royals,Kansas City Royals @ Chicago White Sox,L,Seth Lugo,R,650,10.3,53.2,0.19,3.21,1.32,4.50,8.35,2.91,37,67.1,34.2,62,80.7,46.6,66.3,57.1,NEUTRAL,52.3,THIN,65.9,GOOD
106,Ke'Bryan Hayes,Cincinnati Reds,Washington Nationals,Washington Nationals @ Cincinnati Reds,R,Jake Irvin,,1020,11.3,40.5,1.13,5.22,,,,,54.3,60.5,56.9,50,77.9,35,58.7,57.1,NEUTRAL,48.9,THIN,58.4,STANDARD
107,Drake Baldwin,Atlanta Braves,Chicago Cubs,Chicago Cubs @ Atlanta Braves,L,Shota Imanaga,L,525,14.7,50.4,0.76,2.28,1.22,4.58,8.23,3.80,10.7,84.7,29.1,43,76.8,44.6,75.1,57,NEUTRAL,49,THIN,66.9,GOOD
108,Trevor Story,Boston Red Sox,Philadelphia Phillies,Philadelphia Phillies @ Boston Red Sox,R,Andrew Painter,R,760,2.9,42.9,1.65,6.89,1.29,4.15,13.50,6.75,86.7,33.6,82.4,50,83,44.6,42.3,57,NEUTRAL,56.2,NEUTRAL,66.6,GOOD
109,Ryan O'Hearn,Pittsburgh Pirates,Colorado Rockies,Colorado Rockies @ Pittsburgh Pirates,L,Jose Quintana,R,770,6.1,43.5,1.5,3.9,1.48,4.57,9.43,3.21,59.2,47.8,64,62,72.7,41.6,48.1,56.9,NEUTRAL,50.5,THIN,63,STANDARD
110,Willi Castro,Colorado Rockies,Pittsburgh Pirates,Colorado Rockies @ Pittsburgh Pirates,S,Mitch Keller,R,900,6.9,43.1,0.38,2.87,1.92,6.75,6.92,6.23,15.8,49.5,50.6,58,93.1,52.3,49.7,56.8,NEUTRAL,40.8,AVOID,53.8,LOTTO
111,Yordan Alvarez,Houston Astros,Seattle Mariners,Seattle Mariners @ Houston Astros,L,Bryce Miller,R,285,18,51.9,0,0,1.43,4.44,10.34,3.80,2.9,91.8,39,62,0,45.6,84.5,56.5,NEUTRAL,52.8,THIN,71.8,GOOD
112,Zach Cole,Houston Astros,Seattle Mariners,Seattle Mariners @ Houston Astros,L,Bryce Miller,R,420,20,50,0,0,1.43,4.44,10.34,3.80,2.9,92.1,39,62,0,45.6,83,56.4,NEUTRAL,51,THIN,69.1,GOOD
113,Adrian Del Castillo,Arizona Diamondbacks,Texas Rangers,Arizona Diamondbacks @ Texas Rangers,L,Kumar Rocker,,780,9.1,39.3,1.11,5.01,,,,,68.6,47.2,62.4,50,93.8,35,52.2,56.4,NEUTRAL,52.5,THIN,65.2,GOOD
114,Heliot Ramos,San Francisco Giants,Los Angeles Dodgers,San Francisco Giants @ Los Angeles Dodgers,R,Shohei Ohtani,R,575,13.1,50,0.49,0.97,1.39,4.68,7.13,2.81,3.6,75,27.1,50,86.1,45.3,70.8,56.1,NEUTRAL,45.8,THIN,62.3,STANDARD
115,Mark Vientos,New York Mets,Detroit Tigers,Detroit Tigers @ New York Mets,R,Framber Valdez,R,570,10.3,46,1.04,4.57,0.81,2.40,9.96,1.52,59.3,62.9,39,50,94.8,42.7,60.6,56,NEUTRAL,56.1,NEUTRAL,69.7,GOOD
116,Lourdes Gurriel Jr.,Arizona Diamondbacks,Texas Rangers,Arizona Diamondbacks @ Texas Rangers,R,Kumar Rocker,L,890,6.1,32.7,1.11,5.01,1.47,4.83,8.40,2.40,68.6,29.4,68.1,62,92.5,52.3,39.4,56,NEUTRAL,50.9,THIN,59.1,STANDARD
117,Salvador Perez,Kansas City Royals,Chicago White Sox,Kansas City Royals @ Chicago White Sox,R,Noah Schultz,R,430,9,40.2,0.72,4.68,1.43,4.66,6.75,2.32,56.5,50.3,57.6,50,85.4,42.6,52.7,55.8,NEUTRAL,55.4,NEUTRAL,69,GOOD
118,Brendan Donovan,Seattle Mariners,Houston Astros,Seattle Mariners @ Houston Astros,L,Lance McCullers Jr.,R,589,3.3,29,1.32,7.41,1.17,3.93,8.53,2.64,80.6,26.3,75.8,62,92,43.1,31.2,55.6,NEUTRAL,53.5,THIN,69.1,GOOD
119,Maikel Garcia,Kansas City Royals,Chicago White Sox,Kansas City Royals @ Chicago White Sox,R,Noah Schultz,R,725,6.1,43.9,0.72,4.68,1.43,4.66,6.75,2.32,56.5,48.7,57.6,50,90.1,42.6,48.4,55.6,NEUTRAL,50.3,THIN,64.7,STANDARD
120,Marcell Ozuna,Pittsburgh Pirates,Colorado Rockies,Colorado Rockies @ Pittsburgh Pirates,R,Jose Quintana,R,650,8.6,36.8,1.5,3.9,1.48,4.57,9.43,3.21,59.2,44.3,64,50,85.9,41.6,48.9,55.5,NEUTRAL,52.2,THIN,63.5,STANDARD
121,Darell Hernaiz,Athletics,St. Louis Cardinals,St. Louis Cardinals @ Athletics,R,Matthew Liberatore,R,1000,0,20.5,1.71,4.07,1.49,5.16,9.07,4.32,71.5,38.5,76.4,50,73.7,45.3,40,55.5,NEUTRAL,50.1,THIN,62.7,STANDARD
122,Nathan Church,St. Louis Cardinals,Athletics,St. Louis Cardinals @ Athletics,L,J.T. Ginn,R,1000,10.8,33.3,1.21,3.62,0.99,4.18,7.36,2.98,43.6,52.4,44.7,62,88.2,42.6,51.6,55.4,NEUTRAL,45.9,THIN,60.5,STANDARD
123,Jesús Sánchez,Toronto Blue Jays,Tampa Bay Rays,Tampa Bay Rays @ Toronto Blue Jays,L,Griffin Jax,R,690,6.9,45.5,1.5,5,0.73,2.68,9.82,1.64,67.8,51.7,50.9,62,74.8,40.3,51.7,55,NEUTRAL,53.7,THIN,66.2,GOOD
124,Austin Riley,Atlanta Braves,Chicago Cubs,Chicago Cubs @ Atlanta Braves,R,Shota Imanaga,L,441,10.6,46,0.76,2.28,1.22,4.58,8.23,3.80,10.7,62.1,29.1,62,89.9,44.6,61.3,55,NEUTRAL,47,THIN,63.4,STANDARD
125,Fernando Tatis Jr.,San Diego Padres,Milwaukee Brewers,San Diego Padres @ Milwaukee Brewers,R,Jacob Misiorowski,R,502,11.7,58.6,0.82,2.45,1.01,3.47,9.44,1.70,13,78.7,19.1,50,85.1,43.1,74.1,54.9,THIN,49.3,THIN,64.5,STANDARD
126,Jake Bauers,Milwaukee Brewers,San Diego Padres,San Diego Padres @ Milwaukee Brewers,L,Michael King,,800,10.8,52.1,0.79,2.76,,,,,27.6,72.1,32.7,50,81.5,35,66.7,54.9,THIN,46.4,THIN,63.6,STANDARD
127,Vladimir Guerrero Jr.,Toronto Blue Jays,Tampa Bay Rays,Tampa Bay Rays @ Toronto Blue Jays,R,Griffin Jax,R,544,9,42.5,1.5,5,0.73,2.68,9.82,1.64,67.8,53.9,50.9,50,84.6,40.3,54.5,54.8,THIN,56.4,NEUTRAL,67.3,GOOD
128,Sung-Mun Song,San Diego Padres,Milwaukee Brewers,San Diego Padres @ Milwaukee Brewers,L,Jacob Misiorowski,,1000,25,37.5,0.82,2.45,,,,,13,80.1,28.1,50,69.1,35,73,54.8,THIN,42.8,AVOID,58,STANDARD
129,Brice Turang,Milwaukee Brewers,San Diego Padres,San Diego Padres @ Milwaukee Brewers,L,Michael King,,680,10.7,49,0.79,2.76,,,,,27.6,73.2,32.7,50,78.2,35,64,54.5,THIN,46.4,THIN,63.2,STANDARD
130,Brandon Marsh,Philadelphia Phillies,Boston Red Sox,Philadelphia Phillies @ Boston Red Sox,L,Sonny Gray,R,1060,6.3,48.2,0.96,3.54,1.05,3.47,9.43,2.59,44.8,56.6,37.8,62,85.3,41.6,52.3,54.3,THIN,46,THIN,58.8,STANDARD
131,Connor Wong,Boston Red Sox,Philadelphia Phillies,Philadelphia Phillies @ Boston Red Sox,R,Andrew Painter,,920,2.6,38.5,1.65,6.89,,,,,86.7,26.9,83.3,50,82.8,35,38.8,54.2,THIN,51.8,THIN,63.8,STANDARD
132,Troy Johnston,Colorado Rockies,Pittsburgh Pirates,Colorado Rockies @ Pittsburgh Pirates,L,Mitch Keller,R,900,2.2,41.9,0.38,2.87,1.92,6.75,6.92,6.23,15.8,40.8,50.6,62,85.8,52.3,41.5,53.8,THIN,38.7,AVOID,52.6,LOTTO
133,Kody Clemens,Minnesota Twins,Miami Marlins,Miami Marlins @ Minnesota Twins,L,Max Meyer,,625,15.2,40.9,0.43,2.79,,,,,11.9,73,24.6,50,86.5,35,68.7,53.7,THIN,45,THIN,63.5,STANDARD
134,Garrett Mitchell,Milwaukee Brewers,San Diego Padres,San Diego Padres @ Milwaukee Brewers,L,Michael King,,1000,11.5,50.8,0.79,2.76,,,,,27.6,68.6,32.7,50,75.2,35,67.4,53.2,THIN,44.8,AVOID,58.2,STANDARD
135,Henry Davis,Pittsburgh Pirates,Colorado Rockies,Colorado Rockies @ Pittsburgh Pirates,R,Jose Quintana,R,760,7.6,37.9,1.5,3.9,1.48,4.57,9.43,3.21,59.2,40.3,64,50,75.7,41.6,47.3,53.1,THIN,50.3,THIN,61.1,STANDARD
136,Nick Yorke,Pittsburgh Pirates,Colorado Rockies,Colorado Rockies @ Pittsburgh Pirates,R,Jose Quintana,,920,5.2,48.3,1.5,3.9,,,,,59.2,47.3,59.2,50,73.4,35,49.6,53,THIN,48.1,THIN,59.4,STANDARD
137,Geraldo Perdomo,Arizona Diamondbacks,Texas Rangers,Arizona Diamondbacks @ Texas Rangers,S,Kumar Rocker,L,1100,3.6,31.9,1.11,5.01,1.47,4.83,8.40,2.40,68.6,27.1,68.1,58,81.4,52.3,33.5,52.9,THIN,48.6,THIN,54.8,LOTTO
138,Colby Thomas,Athletics,St. Louis Cardinals,St. Louis Cardinals @ Athletics,R,Matthew Liberatore,,430,5.6,33.3,1.71,4.07,,,,,71.5,37,67.8,50,81.6,35,38.6,52.6,THIN,54,THIN,70.8,GOOD
139,Junior Caminero,Tampa Bay Rays,Toronto Blue Jays,Tampa Bay Rays @ Toronto Blue Jays,R,Dylan Cease,R,440,10.9,43.8,0.2,2.58,1.11,4.15,6.70,2.03,17,69,20,50,87.3,46.3,66.4,52.6,THIN,50.2,THIN,61.7,STANDARD
140,Ivan Herrera,St. Louis Cardinals,Athletics,St. Louis Cardinals @ Athletics,R,J.T. Ginn,R,670,0,0,1.21,3.62,0.99,4.18,7.36,2.98,43.6,50,44.7,50,86.6,42.6,50,52.3,THIN,48,THIN,71.3,GOOD
141,Adolis García,Philadelphia Phillies,Boston Red Sox,Philadelphia Phillies @ Boston Red Sox,R,Sonny Gray,R,561,8.3,49.5,0.96,3.54,1.05,3.47,9.43,2.59,44.8,57.8,37.8,50,78.8,41.6,58.4,52.2,THIN,51.9,THIN,64.5,STANDARD
142,Ramón Laureano,San Diego Padres,Milwaukee Brewers,San Diego Padres @ Milwaukee Brewers,R,Jacob Misiorowski,R,575,13.5,44.9,0.82,2.45,1.01,3.47,9.44,1.70,13,71.5,19.1,50,82.7,43.1,67.7,52.2,THIN,46.9,THIN,63.9,STANDARD
143,Jake McCarthy,Colorado Rockies,Pittsburgh Pirates,Colorado Rockies @ Pittsburgh Pirates,L,Mitch Keller,R,1200,6.2,22.7,0.38,2.87,1.92,6.75,6.92,6.23,15.8,36.4,50.6,62,86.3,52.3,35.5,52.2,THIN,36.2,AVOID,46.7,WATCH
144,Nick Gonzales,Pittsburgh Pirates,Colorado Rockies,Colorado Rockies @ Pittsburgh Pirates,R,Jose Quintana,R,1080,1.8,41.6,1.5,3.9,1.48,4.57,9.43,3.21,59.2,36.2,64,50,80.2,41.6,41.3,52.1,THIN,46.6,THIN,54.4,LOTTO
145,Jackson Merrill,San Diego Padres,Milwaukee Brewers,San Diego Padres @ Milwaukee Brewers,L,Jacob Misiorowski,R,568,9.6,47.8,0.82,2.45,1.01,3.47,9.44,1.70,13,62.2,19.1,62,87.7,43.1,60.2,51.9,THIN,45,THIN,63.5,STANDARD
146,James McCann,Arizona Diamondbacks,Texas Rangers,Arizona Diamondbacks @ Texas Rangers,R,Kumar Rocker,,950,5,42.5,1.11,5.01,,,,,68.6,35.9,62.4,50,85.1,35,44.5,51.8,THIN,48.9,THIN,59.3,STANDARD
147,George Springer,Toronto Blue Jays,Tampa Bay Rays,Tampa Bay Rays @ Toronto Blue Jays,R,Griffin Jax,R,503,8.5,39.4,1.5,5,0.73,2.68,9.82,1.64,67.8,47.4,50.9,50,74.3,40.3,50.8,51.6,THIN,55.9,NEUTRAL,67.4,GOOD
148,Daulton Varsho,Toronto Blue Jays,Tampa Bay Rays,Tampa Bay Rays @ Toronto Blue Jays,L,Griffin Jax,R,520,5.4,37.8,1.5,5,0.73,2.68,9.82,1.64,67.8,38.9,50.9,62,80.5,40.3,41.7,51.5,THIN,53.3,THIN,66.1,GOOD
149,Mookie Betts,Los Angeles Dodgers,San Francisco Giants,San Francisco Giants @ Los Angeles Dodgers,R,Robbie Ray,R,390,6.3,34.4,1.58,2.76,1.35,5.34,5.96,4.57,40.3,39.6,58.7,50,77,44.5,41.3,51.5,THIN,49.7,THIN,64.1,STANDARD
150,Tyler Freeman,Colorado Rockies,Pittsburgh Pirates,Colorado Rockies @ Pittsburgh Pirates,R,Mitch Keller,R,1560,0,31.5,0.38,2.87,1.92,6.75,6.92,6.23,15.8,39.9,50.6,50,85.9,52.3,43.2,51.5,THIN,37.6,AVOID,39.5,DEEP FADE
151,Nico Hoerner,Chicago Cubs,Atlanta Braves,Chicago Cubs @ Atlanta Braves,R,JR Ritchie,R,1280,2,26.1,2.08,3.63,1.09,4.05,7.36,2.05,78.2,25,71.1,50,84.6,46.6,30,51.2,THIN,48.6,THIN,54.9,LOTTO
152,Matt McLain,Cincinnati Reds,Washington Nationals,Washington Nationals @ Cincinnati Reds,R,Jake Irvin,R,760,7.5,29.6,1.13,5.22,1.35,4.61,8.93,3.57,54.3,34.1,60.5,50,82.4,42.7,40.4,51,THIN,47.5,THIN,63.1,STANDARD
153,Gavin Sheets,San Diego Padres,Milwaukee Brewers,San Diego Padres @ Milwaukee Brewers,L,Jacob Misiorowski,R,590,10.6,43.5,0.82,2.45,1.01,3.47,9.44,1.70,13,61.2,19.1,62,82,43.1,59.3,50.9,THIN,44.6,AVOID,63,STANDARD
154,Cesar Prieto,St. Louis Cardinals,Athletics,St. Louis Cardinals @ Athletics,L,J.T. Ginn,,920,0,0,1.21,3.62,,,,,43.6,50,47.8,50,74.6,35,50,50.9,THIN,44.4,AVOID,61.8,STANDARD
155,Rafael Devers,San Francisco Giants,Los Angeles Dodgers,San Francisco Giants @ Los Angeles Dodgers,L,Shohei Ohtani,R,525,8.4,45.4,0.49,0.97,1.39,4.68,7.13,2.81,3.6,56.2,27.1,62,76.3,45.3,55.3,50.9,THIN,42.3,AVOID,60.3,STANDARD
156,Jonathan Aranda,Tampa Bay Rays,Toronto Blue Jays,Tampa Bay Rays @ Toronto Blue Jays,L,Dylan Cease,R,720,10.1,43.1,0.2,2.58,1.11,4.15,6.70,2.03,17,59.3,20,62,81.5,46.3,57.7,50.8,THIN,44,AVOID,59.9,STANDARD
157,Luis Torrens,New York Mets,Detroit Tigers,Detroit Tigers @ New York Mets,R,Framber Valdez,R,930,0,48.7,1.04,4.57,0.81,2.40,9.96,1.52,59.3,52.8,39,50,75.7,42.7,57,50.8,THIN,51.3,THIN,58.6,STANDARD
158,Bryson Stott,Philadelphia Phillies,Boston Red Sox,Philadelphia Phillies @ Boston Red Sox,L,Sonny Gray,R,1160,6.8,40.8,0.96,3.54,1.05,3.47,9.43,2.59,44.8,45.4,37.8,62,83.3,41.6,47.6,50.7,THIN,44.5,AVOID,53,LOTTO
159,Royce Lewis,Minnesota Twins,Miami Marlins,Miami Marlins @ Minnesota Twins,R,Max Meyer,,650,13.3,41.7,0.43,2.79,,,,,11.9,64,24.6,50,82.3,35,64.6,50.6,THIN,43.8,AVOID,61.3,STANDARD
160,TJ Friedl,Cincinnati Reds,Washington Nationals,Washington Nationals @ Cincinnati Reds,L,Jake Irvin,R,880,3,30.2,1.13,5.22,1.35,4.61,8.93,3.57,54.3,21.1,60.5,62,92.5,42.7,32.2,50.3,THIN,43.9,AVOID,60.4,STANDARD
161,Jorge Mateo,Atlanta Braves,Chicago Cubs,Chicago Cubs @ Atlanta Braves,R,Shota Imanaga,,960,11.1,41.7,0.76,2.28,,,,,10.7,61.1,26.8,50,84.7,35,59.1,50.2,THIN,38.7,AVOID,56.1,STANDARD
162,Harrison Bader,San Francisco Giants,Los Angeles Dodgers,San Francisco Giants @ Los Angeles Dodgers,R,Shohei Ohtani,R,900,7.3,43.9,0.49,0.97,1.39,4.68,7.13,2.81,3.6,51.5,27.1,50,100,45.3,51.4,50.1,THIN,37.1,AVOID,54.5,LOTTO
163,Ezequiel Tovar,Colorado Rockies,Pittsburgh Pirates,Colorado Rockies @ Pittsburgh Pirates,R,Mitch Keller,R,980,8.2,33.7,0.38,2.87,1.92,6.75,6.92,6.23,15.8,38.5,50.6,50,75.3,52.3,45.5,50.1,THIN,39.4,AVOID,50.7,LOTTO
164,Brett Baty,New York Mets,Detroit Tigers,Detroit Tigers @ New York Mets,L,Framber Valdez,R,1040,7.2,38.6,1.04,4.57,0.81,2.40,9.96,1.52,59.3,41.7,39,62,80.8,42.7,46.9,49.9,THIN,48.3,THIN,54.4,LOTTO
165,Nick Loftin,Kansas City Royals,Chicago White Sox,Kansas City Royals @ Chicago White Sox,R,Noah Schultz,,940,5.1,38.5,0.72,4.68,,,,,56.5,38.4,51.2,50,88.9,35,41.6,49.8,THIN,45.2,THIN,61.6,STANDARD
166,Colt Keith,Detroit Tigers,New York Mets,Detroit Tigers @ New York Mets,L,Christian Scott,R,680,5.6,44.4,0.82,3.27,1.35,3.59,10.13,3.38,34.6,45.5,36.5,62,76.8,40.3,47.5,49.5,THIN,44.7,AVOID,57.6,STANDARD
167,Wenceel Pérez,Detroit Tigers,New York Mets,Detroit Tigers @ New York Mets,S,Christian Scott,R,800,8.6,40,0.82,3.27,1.35,3.59,10.13,3.38,34.6,45.6,36.5,58,77.9,40.3,51.5,49.3,THIN,45.1,THIN,57.6,STANDARD
168,Josh Bell,Minnesota Twins,Miami Marlins,Miami Marlins @ Minnesota Twins,S,Max Meyer,,700,9.9,41.4,0.43,2.79,,,,,11.9,57.1,24.6,50,87.3,35,55.9,48.7,THIN,40.4,AVOID,59.2,STANDARD
169,Cam Smith,Houston Astros,Seattle Mariners,Seattle Mariners @ Houston Astros,R,Bryce Miller,R,910,14.6,44.3,0,0,1.43,4.44,10.34,3.80,2.9,74.3,39,50,0,45.6,69.9,48.6,THIN,41.8,AVOID,59.8,STANDARD
170,Pedro Pagés,St. Louis Cardinals,Athletics,St. Louis Cardinals @ Athletics,R,J.T. Ginn,R,760,6.1,33.3,1.21,3.62,0.99,4.18,7.36,2.98,43.6,37.9,44.7,50,86.2,42.6,39.9,48.3,THIN,44.8,AVOID,61,STANDARD
171,Christian Walker,Houston Astros,Seattle Mariners,Seattle Mariners @ Houston Astros,R,Bryce Miller,R,350,13,48,0,0,1.43,4.44,10.34,3.80,2.9,72.8,39,50,0,45.6,68.9,48.1,THIN,48.1,THIN,66.4,GOOD
172,William Contreras,Milwaukee Brewers,San Diego Padres,San Diego Padres @ Milwaukee Brewers,R,Michael King,,900,7,43,0.79,2.76,,,,,27.6,51.3,32.7,50,81.3,35,49.9,48.1,THIN,40.6,AVOID,58.2,STANDARD
173,Vidal Bruján,New York Mets,Detroit Tigers,Detroit Tigers @ New York Mets,S,Framber Valdez,,1050,0,0,1.04,4.57,,,,,59.3,42,55.9,50,50,35,50,48,THIN,47.7,THIN,55.3,STANDARD
174,Willy Adames,San Francisco Giants,Los Angeles Dodgers,San Francisco Giants @ Los Angeles Dodgers,R,Shohei Ohtani,R,720,8.6,40.5,0.49,0.97,1.39,4.68,7.13,2.81,3.6,52.3,27.1,50,79.4,45.3,51.9,47.9,THIN,39.1,AVOID,57.5,STANDARD
175,Ha-Seong Kim,Atlanta Braves,Chicago Cubs,Chicago Cubs @ Atlanta Braves,R,Shota Imanaga,L,680,0,66.7,0.76,2.28,1.22,4.58,8.23,3.80,10.7,73,29.1,62,0,44.6,70,47.8,THIN,45.6,THIN,58.4,STANDARD
176,Marcus Semien,New York Mets,Detroit Tigers,Detroit Tigers @ New York Mets,R,Framber Valdez,R,790,7.8,34.2,1.04,4.57,0.81,2.40,9.96,1.52,59.3,39.3,39,50,86.5,42.7,44.9,47.6,THIN,49.8,THIN,60.8,STANDARD
177,Bo Bichette,New York Mets,Detroit Tigers,Detroit Tigers @ New York Mets,R,Framber Valdez,R,850,4.4,44.5,1.04,4.57,0.81,2.40,9.96,1.52,59.3,37.7,39,50,86.9,42.7,44.6,47.2,THIN,49.4,THIN,58.4,STANDARD
178,Andrés Giménez,Toronto Blue Jays,Tampa Bay Rays,Tampa Bay Rays @ Toronto Blue Jays,L,Griffin Jax,R,1120,4.2,26.3,1.5,5,0.73,2.68,9.82,1.64,67.8,27,50.9,62,76.5,40.3,30.5,47.1,THIN,45.5,THIN,54.6,LOTTO
179,Tyler Heineman,Toronto Blue Jays,Tampa Bay Rays,Tampa Bay Rays @ Toronto Blue Jays,S,Griffin Jax,,1280,0,15.2,1.5,5,,,,,67.8,22.5,66.7,50,67.7,35,40,47,THIN,46.6,THIN,51.6,LOTTO
180,Billy Cook,Pittsburgh Pirates,Colorado Rockies,Colorado Rockies @ Pittsburgh Pirates,R,Jose Quintana,,900,0,15.4,1.5,3.9,,,,,59.2,30.5,59.2,50,65.1,35,40,46.8,THIN,45.6,THIN,59.2,STANDARD
181,Edmundo Sosa,Philadelphia Phillies,Boston Red Sox,Philadelphia Phillies @ Boston Red Sox,R,Sonny Gray,,1020,3.9,39.2,0.96,3.54,,,,,44.8,36.1,45.1,50,80.6,35,39.4,46.4,THIN,41.6,AVOID,52.8,LOTTO
182,Jared Triolo,Pittsburgh Pirates,Colorado Rockies,Colorado Rockies @ Pittsburgh Pirates,R,Jose Quintana,,1200,3.6,34.5,1.5,3.9,,,,,59.2,18.6,59.2,50,89.1,35,35.6,46.3,THIN,43.6,AVOID,51.2,LOTTO
183,Andrew Vaughn,Milwaukee Brewers,San Diego Padres,San Diego Padres @ Milwaukee Brewers,R,Michael King,,900,7.1,35.7,0.79,2.76,,,,,27.6,45,32.7,50,80.8,35,44.3,45.9,THIN,39.2,AVOID,55.6,STANDARD
184,Matt Vierling,Detroit Tigers,New York Mets,Detroit Tigers @ New York Mets,R,Christian Scott,R,760,5,38.3,0.82,3.27,1.35,3.59,10.13,3.38,34.6,37.2,36.5,50,85.7,40.3,41.1,45.7,THIN,42.6,AVOID,56.4,STANDARD
185,Yandy Díaz,Tampa Bay Rays,Toronto Blue Jays,Tampa Bay Rays @ Toronto Blue Jays,R,Dylan Cease,R,770,6.2,43,0.2,2.58,1.11,4.15,6.70,2.03,17,47.3,20,50,89.7,46.3,47.9,45.7,THIN,41.1,AVOID,54.9,LOTTO
186,Manny Machado,San Diego Padres,Milwaukee Brewers,San Diego Padres @ Milwaukee Brewers,R,Jacob Misiorowski,R,556,6.6,44.3,0.82,2.45,1.01,3.47,9.44,1.70,13,49.7,19.1,50,87.2,43.1,49.9,45.6,THIN,42.4,AVOID,59.5,STANDARD
187,Trea Turner,Philadelphia Phillies,Boston Red Sox,Philadelphia Phillies @ Boston Red Sox,R,Sonny Gray,R,820,4.5,39.6,0.96,3.54,1.05,3.47,9.43,2.59,44.8,38.9,37.8,50,76.7,41.6,40.9,45.6,THIN,44.9,AVOID,57.8,STANDARD
188,Jesus Rodriguez,San Francisco Giants,Los Angeles Dodgers,San Francisco Giants @ Los Angeles Dodgers,R,Shohei Ohtani,R,1220,0,38.9,0.49,0.97,1.39,4.68,7.13,2.81,3.6,49,27.1,50,66.9,45.3,49.1,45.3,THIN,35.5,AVOID,46,WATCH
189,Tyrone Taylor,New York Mets,Detroit Tigers,Detroit Tigers @ New York Mets,R,Framber Valdez,,980,4.9,29.5,1.04,4.57,,,,,59.3,22.8,55.9,50,79.3,35,33.9,45.2,THIN,43.7,AVOID,55.5,STANDARD
190,J.T. Realmuto,Philadelphia Phillies,Boston Red Sox,Philadelphia Phillies @ Boston Red Sox,R,Sonny Gray,,980,2.8,40.3,0.96,3.54,,,,,44.8,29.8,45.1,50,82.9,35,40.2,45.1,THIN,41.9,AVOID,53.9,LOTTO
191,Ernie Clement,Toronto Blue Jays,Tampa Bay Rays,Tampa Bay Rays @ Toronto Blue Jays,R,Griffin Jax,R,1200,1.3,26.6,1.5,5,0.73,2.68,9.82,1.64,67.8,25,50.9,50,80.8,40.3,30,44.9,AVOID,45.1,THIN,54.2,LOTTO
192,Luis Arraez,San Francisco Giants,Los Angeles Dodgers,San Francisco Giants @ Los Angeles Dodgers,L,Shohei Ohtani,R,1500,0,19,0.49,0.97,1.39,4.68,7.13,2.81,3.6,38.5,27.1,62,74.5,45.3,40,44.9,AVOID,32.6,AVOID,42.2,DEEP FADE
193,Victor Scott II,St. Louis Cardinals,Athletics,St. Louis Cardinals @ Athletics,L,J.T. Ginn,R,2200,1.4,26.7,1.21,3.62,0.99,4.18,7.36,2.98,43.6,25,44.7,62,74.3,42.6,30,44.9,AVOID,39,AVOID,40.5,DEEP FADE
194,Lane Thomas,Kansas City Royals,Chicago White Sox,Kansas City Royals @ Chicago White Sox,R,Noah Schultz,,680,3.6,37.5,0.72,4.68,,,,,56.5,22.6,51.2,50,83.9,35,38,44.8,AVOID,46.6,THIN,60.5,STANDARD
195,Chase Meidroth,Chicago White Sox,Kansas City Royals,Kansas City Royals @ Chicago White Sox,R,Seth Lugo,R,1200,4.7,37,0.19,3.21,1.32,4.50,8.35,2.91,37,36.6,34.2,50,76.8,46.6,39.4,44.4,AVOID,41.3,AVOID,48.1,LOTTO
196,Mauricio Dubón,Atlanta Braves,Chicago Cubs,Chicago Cubs @ Atlanta Braves,R,Shota Imanaga,L,890,5,30.6,0.76,2.28,1.22,4.58,8.23,3.80,10.7,31.5,29.1,62,84,44.6,35,44.3,AVOID,34.5,AVOID,51.4,LOTTO
197,Xander Bogaerts,San Diego Padres,Milwaukee Brewers,San Diego Padres @ Milwaukee Brewers,R,Jacob Misiorowski,R,720,7.6,37,0.82,2.45,1.01,3.47,9.44,1.70,13,46,19.1,50,83.8,43.1,46.6,44,AVOID,39.6,AVOID,57.4,STANDARD
198,Jake Fraley,Tampa Bay Rays,Toronto Blue Jays,Tampa Bay Rays @ Toronto Blue Jays,L,Dylan Cease,R,940,9.4,22.6,0.2,2.58,1.11,4.15,6.70,2.03,17,42.8,20,62,69.7,46.3,43.5,44,AVOID,38.3,AVOID,53.8,LOTTO
199,Luis Rengifo,Milwaukee Brewers,San Diego Padres,San Diego Padres @ Milwaukee Brewers,S,Michael King,,1500,6.1,35.7,0.79,2.76,,,,,27.6,36.3,32.7,50,82.2,35,41.8,43.7,AVOID,37,AVOID,42.8,DEEP FADE
200,Chandler Simpson,Tampa Bay Rays,Toronto Blue Jays,Tampa Bay Rays @ Toronto Blue Jays,L,Dylan Cease,R,2200,0,15.3,0.2,2.58,1.11,4.15,6.70,2.03,17,38.5,20,62,77.6,46.3,40,43.5,AVOID,35.9,AVOID,33.8,DEEP FADE
201,Alec Bohm,Philadelphia Phillies,Boston Red Sox,Philadelphia Phillies @ Boston Red Sox,R,Sonny Gray,R,1120,1.7,38.5,0.96,3.54,1.05,3.47,9.43,2.59,44.8,29.2,37.8,50,80.9,41.6,38.8,43.4,AVOID,42.3,AVOID,49.6,LOTTO
202,Miguel Andujar,San Diego Padres,Milwaukee Brewers,San Diego Padres @ Milwaukee Brewers,R,Jacob Misiorowski,R,880,4.7,42.4,0.82,2.45,1.01,3.47,9.44,1.70,13,42.1,19.1,50,88.6,43.1,43.7,43.3,AVOID,37,AVOID,54.5,LOTTO
203,Nick Fortes,Tampa Bay Rays,Toronto Blue Jays,Tampa Bay Rays @ Toronto Blue Jays,R,Dylan Cease,R,1100,1.1,47.1,0.2,2.58,1.11,4.15,6.70,2.03,17,43.1,20,50,78.8,46.3,45.7,43.2,AVOID,38.3,AVOID,47.9,WATCH
204,Masyn Winn,St. Louis Cardinals,Athletics,St. Louis Cardinals @ Athletics,R,J.T. Ginn,R,1450,2.8,25.9,1.21,3.62,0.99,4.18,7.36,2.98,43.6,25,44.7,50,76.7,42.6,30,43,AVOID,39.2,AVOID,47.3,WATCH
205,Jung Hoo Lee,San Francisco Giants,Los Angeles Dodgers,San Francisco Giants @ Los Angeles Dodgers,L,Shohei Ohtani,R,1080,2.2,31.9,0.49,0.97,1.39,4.68,7.13,2.81,3.6,29,27.1,62,82.6,45.3,33.5,42.9,AVOID,31.8,AVOID,48.3,LOTTO
206,Ozzie Albies,Atlanta Braves,Chicago Cubs,Chicago Cubs @ Atlanta Braves,S,Shota Imanaga,L,518,4.2,28,0.76,2.28,1.22,4.58,8.23,3.80,10.7,31.1,29.1,58,80.7,44.6,30.9,42.7,AVOID,37.6,AVOID,56.4,STANDARD
207,Taylor Walls,Tampa Bay Rays,Toronto Blue Jays,Tampa Bay Rays @ Toronto Blue Jays,S,Dylan Cease,R,1300,0,14.7,0.2,2.58,1.11,4.15,6.70,2.03,17,38.5,20,58,74.2,46.3,40,42.4,AVOID,36.4,AVOID,44.6,DEEP FADE
208,Brice Matthews,Houston Astros,Seattle Mariners,Seattle Mariners @ Houston Astros,R,Bryce Miller,R,520,10,38.3,0,0,1.43,4.44,10.34,3.80,2.9,54.6,39,50,0,45.6,53.6,42.2,AVOID,41.8,AVOID,58.4,STANDARD
209,Kyle Karros,Colorado Rockies,Pittsburgh Pirates,Colorado Rockies @ Pittsburgh Pirates,R,Mitch Keller,,1240,6.2,39,0.38,2.87,,,,,15.8,35.8,24.2,50,80.1,35,44.7,41.3,AVOID,35.4,AVOID,44.7,DEEP FADE
210,Ben Williamson,Tampa Bay Rays,Toronto Blue Jays,Tampa Bay Rays @ Toronto Blue Jays,R,Dylan Cease,R,1300,1.1,38.6,0.2,2.58,1.11,4.15,6.70,2.03,17,35.2,20,50,85,46.3,38.9,41.3,AVOID,36.1,AVOID,42.6,DEEP FADE
211,Matt Chapman,San Francisco Giants,Los Angeles Dodgers,San Francisco Giants @ Los Angeles Dodgers,R,Shohei Ohtani,R,790,5.4,30.7,0.49,0.97,1.39,4.68,7.13,2.81,3.6,33.4,27.1,50,72.3,45.3,36.1,40.8,AVOID,34.6,AVOID,51.4,LOTTO
212,Freddy Fermin,San Diego Padres,Milwaukee Brewers,San Diego Padres @ Milwaukee Brewers,R,Jacob Misiorowski,R,1050,0,30.9,0.82,2.45,1.01,3.47,9.44,1.70,13,41.5,19.1,50,69.6,43.1,42.7,40.8,AVOID,36.2,AVOID,51.1,LOTTO
213,Trevor Larnach,Minnesota Twins,Miami Marlins,Miami Marlins @ Minnesota Twins,L,Max Meyer,,725,6.6,31.6,0.43,2.79,,,,,11.9,34.4,24.6,50,79.2,35,39.8,40.5,AVOID,36,AVOID,53.4,LOTTO
214,Ryan Vilade,Tampa Bay Rays,Toronto Blue Jays,Tampa Bay Rays @ Toronto Blue Jays,R,Dylan Cease,R,1060,4.3,34.8,0.2,2.58,1.11,4.15,6.70,2.03,17,33.8,20,50,78.6,46.3,36.6,40,AVOID,36.1,AVOID,49.3,LOTTO
215,Austin Martin,Minnesota Twins,Miami Marlins,Miami Marlins @ Minnesota Twins,R,Max Meyer,,1800,2.5,35,0.43,2.79,,,,,11.9,30.2,24.6,50,86.2,35,36,40,AVOID,31.6,AVOID,37.9,DEEP FADE
216,Mike Yastrzemski,Atlanta Braves,Chicago Cubs,Chicago Cubs @ Atlanta Braves,L,Shota Imanaga,,620,4.7,37.2,0.76,2.28,,,,,10.7,32.7,26.8,50,71.6,35,39.5,39.7,AVOID,37.2,AVOID,54.9,LOTTO
217,Zach McKinstry,Detroit Tigers,New York Mets,Detroit Tigers @ New York Mets,L,Christian Scott,R,1260,2.2,24.4,0.82,3.27,1.35,3.59,10.13,3.38,34.6,19,36.5,62,64.3,40.3,30,39.7,AVOID,37,AVOID,44.3,DEEP FADE
218,Cedric Mullins,Tampa Bay Rays,Toronto Blue Jays,Tampa Bay Rays @ Toronto Blue Jays,L,Dylan Cease,R,980,2,27,0.2,2.58,1.11,4.15,6.70,2.03,17,25,20,62,80.3,46.3,30,39.5,AVOID,34.6,AVOID,49.3,LOTTO
219,Brooks Lee,Minnesota Twins,Miami Marlins,Miami Marlins @ Minnesota Twins,S,Max Meyer,,880,4.5,30.6,0.43,2.79,,,,,11.9,26.5,24.6,50,85.8,35,33.7,38.8,AVOID,32.7,AVOID,51.3,LOTTO
220,Jonny DeLuca,Tampa Bay Rays,Toronto Blue Jays,Tampa Bay Rays @ Toronto Blue Jays,R,Dylan Cease,R,990,4,32,0.2,2.58,1.11,4.15,6.70,2.03,17,30.3,20,50,77.9,46.3,33.6,38.7,AVOID,35.5,AVOID,50.6,LOTTO
221,Jose Altuve,Houston Astros,Seattle Mariners,Seattle Mariners @ Houston Astros,R,Bryce Miller,R,537,6.7,36.4,0,0,1.43,4.44,10.34,3.80,2.9,42.7,39,50,0,45.6,43.9,38.3,AVOID,39.1,AVOID,54.6,WATCH
222,Sal Frelick,Milwaukee Brewers,San Diego Padres,San Diego Padres @ Milwaukee Brewers,L,Michael King,,2000,3.7,25,0.79,2.76,,,,,27.6,21.4,32.7,50,74.2,35,30,37.9,AVOID,33.8,AVOID,38,DEEP FADE
223,David Hamilton,Milwaukee Brewers,San Diego Padres,San Diego Padres @ Milwaukee Brewers,L,Michael King,,1600,2.6,25,0.79,2.76,,,,,27.6,18.5,32.7,50,76.7,35,30,37.4,AVOID,33.8,AVOID,41.8,DEEP FADE
224,Luke Keaschall,Minnesota Twins,Miami Marlins,Miami Marlins @ Minnesota Twins,R,Max Meyer,,1360,3.2,24,0.43,2.79,,,,,11.9,20.6,24.6,50,84.6,35,30,36.8,AVOID,30.4,AVOID,42.1,DEEP FADE
225,César Salazar,Houston Astros,Seattle Mariners,Seattle Mariners @ Houston Astros,L,Bryce Miller,,750,0,33.3,0,0,,,,,2.9,43.1,36,50,0,35,44.6,36.6,AVOID,35,AVOID,55,STANDARD
226,Christian Yelich,Milwaukee Brewers,San Diego Padres,San Diego Padres @ Milwaukee Brewers,L,Michael King,,790,5.1,41,0.79,2.76,,,,,27.6,39.5,32.7,50,0,35,43.6,34.8,AVOID,40.4,AVOID,54.8,LOTTO
227,Isaac Paredes,Houston Astros,Seattle Mariners,Seattle Mariners @ Houston Astros,R,Bryce Miller,R,541,3.6,26.1,0,0,1.43,4.44,10.34,3.80,2.9,25.3,39,50,0,45.6,30,32.7,AVOID,35.4,AVOID,53.3,WATCH