rank,player,team,game,odds,book,score,tier,trend,pitcher,pitcher_attack,park,park_label,weather,trusted_books,odds_quality
1,Xavier Edwards,Miami Marlins,Miami Marlins @ Minnesota Twins,+950,Caesars,33.05,LONGSHOT,NO_MATCH,Simeon Woods Richardson,ATTACK,Target Field,NEUTRAL,,,
2,Liam Hicks,Miami Marlins,Miami Marlins @ Minnesota Twins,+900,BetMGM,33.05,LONGSHOT,NO_MATCH,Simeon Woods Richardson,ATTACK,Target Field,NEUTRAL,,,
3,Jakob Marsee,Miami Marlins,Miami Marlins @ Minnesota Twins,+900,BetMGM,33.05,LONGSHOT,NO_MATCH,Simeon Woods Richardson,ATTACK,Target Field,NEUTRAL,,,
4,Joe Mack,Miami Marlins,Miami Marlins @ Minnesota Twins,+900,BetMGM,33.05,LONGSHOT,NO_MATCH,Simeon Woods Richardson,ATTACK,Target Field,NEUTRAL,,,
5,Owen Caissie,Miami Marlins,Miami Marlins @ Minnesota Twins,+850,BetMGM,33.05,LONGSHOT,NO_MATCH,Simeon Woods Richardson,ATTACK,Target Field,NEUTRAL,,,
6,Otto Lopez,Miami Marlins,Miami Marlins @ Minnesota Twins,+850,BetMGM,33.05,LONGSHOT,NO_MATCH,Simeon Woods Richardson,ATTACK,Target Field,NEUTRAL,,,
7,Connor Norby,Miami Marlins,Miami Marlins @ Minnesota Twins,+650,BetMGM,33.05,LONGSHOT,NO_MATCH,Simeon Woods Richardson,ATTACK,Target Field,NEUTRAL,,,
8,Heriberto Hernández,Miami Marlins,Miami Marlins @ Minnesota Twins,+598,DraftKings,33.05,LONGSHOT,NO_MATCH,Simeon Woods Richardson,ATTACK,Target Field,NEUTRAL,,,
9,Randy Arozarena,Seattle Mariners,Seattle Mariners @ Houston Astros,+591,DraftKings,33.05,LONGSHOT,NO_MATCH,Lance McCullers Jr.,ATTACK,Daikin Park,SLIGHT_BOOST,,,
10,Brendan Donovan,Seattle Mariners,Seattle Mariners @ Houston Astros,+589,DraftKings,33.05,LONGSHOT,NO_MATCH,Lance McCullers Jr.,ATTACK,Daikin Park,SLIGHT_BOOST,,,
11,Josh Naylor,Seattle Mariners,Seattle Mariners @ Houston Astros,+567,DraftKings,33.05,LONGSHOT,NO_MATCH,Lance McCullers Jr.,ATTACK,Daikin Park,SLIGHT_BOOST,,,
12,Dominic Canzone,Seattle Mariners,Seattle Mariners @ Houston Astros,+529,DraftKings,33.05,LONGSHOT,NO_MATCH,Lance McCullers Jr.,ATTACK,Daikin Park,SLIGHT_BOOST,,,
13,Christopher Morel,Miami Marlins,Miami Marlins @ Minnesota Twins,+520,FanDuel,33.05,LONGSHOT,NO_MATCH,Simeon Woods Richardson,ATTACK,Target Field,NEUTRAL,,,
14,Luke Raley,Seattle Mariners,Seattle Mariners @ Houston Astros,+474,DraftKings,33.05,LONGSHOT,NO_MATCH,Lance McCullers Jr.,ATTACK,Daikin Park,SLIGHT_BOOST,,,
15,Julio Rodríguez,Seattle Mariners,Seattle Mariners @ Houston Astros,+470,FanDuel,33.05,LONGSHOT,NO_MATCH,Lance McCullers Jr.,ATTACK,Daikin Park,SLIGHT_BOOST,,,
16,Kyle Stowers,Miami Marlins,Miami Marlins @ Minnesota Twins,+400,BetMGM,33.05,LONGSHOT,NO_MATCH,Simeon Woods Richardson,ATTACK,Target Field,NEUTRAL,,,
17,Cal Raleigh,Seattle Mariners,Seattle Mariners @ Houston Astros,+310,FanDuel,33.05,LONGSHOT,NO_MATCH,Lance McCullers Jr.,ATTACK,Daikin Park,SLIGHT_BOOST,,,
18,Keibert Ruiz,Washington Nationals,Washington Nationals @ Cincinnati Reds,+880,FanDuel,32.99,LONGSHOT,NO_MATCH,Nick Lodolo,ATTACK,Great American Ball Park,POWER_BOOST,,,
19,Daylen Lile,Washington Nationals,Washington Nationals @ Cincinnati Reds,+820,FanDuel,32.99,LONGSHOT,NO_MATCH,Nick Lodolo,ATTACK,Great American Ball Park,POWER_BOOST,,,
20,Brady House,Washington Nationals,Washington Nationals @ Cincinnati Reds,+680,FanDuel,32.99,LONGSHOT,NO_MATCH,Nick Lodolo,ATTACK,Great American Ball Park,POWER_BOOST,,,
21,Joey Wiemer,Washington Nationals,Washington Nationals @ Cincinnati Reds,+610,FanDuel,32.99,LONGSHOT,NO_MATCH,Nick Lodolo,ATTACK,Great American Ball Park,POWER_BOOST,,,
22,CJ Abrams,Washington Nationals,Washington Nationals @ Cincinnati Reds,+543,DraftKings,32.99,LONGSHOT,NO_MATCH,Nick Lodolo,ATTACK,Great American Ball Park,POWER_BOOST,,,
23,James Wood,Washington Nationals,Washington Nationals @ Cincinnati Reds,+362,DraftKings,32.99,LONGSHOT,NO_MATCH,Nick Lodolo,ATTACK,Great American Ball Park,POWER_BOOST,,,
24,Tyler Soderstrom,Athletics,St. Louis Cardinals @ Athletics,+475,BetMGM,32.12,LONGSHOT,NO_MATCH,Matthew Liberatore,LIVE,Sutter Health Park,NEUTRAL,,,
25,Zack Gelof,Athletics,St. Louis Cardinals @ Athletics,+450,BetMGM,32.12,LONGSHOT,NO_MATCH,Matthew Liberatore,LIVE,Sutter Health Park,NEUTRAL,,,
26,Colby Thomas,Athletics,St. Louis Cardinals @ Athletics,+430,FanDuel,32.12,LONGSHOT,NO_MATCH,Matthew Liberatore,LIVE,Sutter Health Park,NEUTRAL,,,
27,Nick Kurtz,Athletics,St. Louis Cardinals @ Athletics,+333,BetMGM,32.12,LONGSHOT,NO_MATCH,Matthew Liberatore,LIVE,Sutter Health Park,NEUTRAL,,,
28,Shea Langeliers,Athletics,St. Louis Cardinals @ Athletics,+240,BetMGM,32.12,LONGSHOT,NO_MATCH,Matthew Liberatore,LIVE,Sutter Health Park,NEUTRAL,,,
29,Brent Rooker,Athletics,St. Louis Cardinals @ Athletics,+310,BetMGM,32.12,LONGSHOT,NO_MATCH,Matthew Liberatore,LIVE,Sutter Health Park,NEUTRAL,,,
30,Cole Young,Seattle Mariners,Seattle Mariners @ Houston Astros,+1000,BetMGM,31.96,LONGSHOT,NO_MATCH,Lance McCullers Jr.,ATTACK,Daikin Park,SLIGHT_BOOST,,,
31,Connor Wong,Boston Red Sox,Philadelphia Phillies @ Boston Red Sox,+920,FanDuel,31.49,LONGSHOT,NO_MATCH,Andrew Painter,ATTACK,Fenway Park,NEUTRAL,,,
32,Carlos Narváez,Boston Red Sox,Philadelphia Phillies @ Boston Red Sox,+850,Caesars,31.49,LONGSHOT,NO_MATCH,Andrew Painter,ATTACK,Fenway Park,NEUTRAL,,,
33,Marcelo Mayer,Boston Red Sox,Philadelphia Phillies @ Boston Red Sox,+820,FanDuel,31.49,LONGSHOT,NO_MATCH,Andrew Painter,ATTACK,Fenway Park,NEUTRAL,,,
34,Mickey Gasper,Boston Red Sox,Philadelphia Phillies @ Boston Red Sox,+790,FanDuel,31.49,LONGSHOT,NO_MATCH,Andrew Painter,ATTACK,Fenway Park,NEUTRAL,,,
35,Trevor Story,Boston Red Sox,Philadelphia Phillies @ Boston Red Sox,+760,FanDuel,31.49,LONGSHOT,NO_MATCH,Andrew Painter,ATTACK,Fenway Park,NEUTRAL,,,
36,Jarren Duran,Boston Red Sox,Philadelphia Phillies @ Boston Red Sox,+690,DraftKings,31.49,LONGSHOT,NO_MATCH,Andrew Painter,ATTACK,Fenway Park,NEUTRAL,,,
37,Willson Contreras,Boston Red Sox,Philadelphia Phillies @ Boston Red Sox,+490,FanDuel,31.49,LONGSHOT,NO_MATCH,Andrew Painter,ATTACK,Fenway Park,NEUTRAL,,,
38,Wilyer Abreu,Boston Red Sox,Philadelphia Phillies @ Boston Red Sox,+490,FanDuel,31.49,LONGSHOT,NO_MATCH,Andrew Painter,ATTACK,Fenway Park,NEUTRAL,,,
39,Darell Hernaiz,Athletics,St. Louis Cardinals @ Athletics,+1000,BetMGM,31.03,LONGSHOT,NO_MATCH,Matthew Liberatore,LIVE,Sutter Health Park,NEUTRAL,,,
40,Ceddanne Rafaela,Boston Red Sox,Philadelphia Phillies @ Boston Red Sox,+980,FanDuel,30.85,LONGSHOT,NO_MATCH,Andrew Painter,ATTACK,Fenway Park,NEUTRAL,,,
41,J.P. Crawford,Seattle Mariners,Seattle Mariners @ Houston Astros,+1060,DraftKings,30.71,LONGSHOT,NO_MATCH,Lance McCullers Jr.,ATTACK,Daikin Park,SLIGHT_BOOST,,,
42,Carson Kelly,Chicago Cubs,Chicago Cubs @ Atlanta Braves,+680,DraftKings,30.53,LONGSHOT,NO_MATCH,JR Ritchie,ATTACK,Truist Park,SLIGHT_BOOST,,,
43,Dansby Swanson,Chicago Cubs,Chicago Cubs @ Atlanta Braves,+650,BetMGM,30.53,LONGSHOT,NO_MATCH,JR Ritchie,ATTACK,Truist Park,SLIGHT_BOOST,,,
44,Moisés Ballesteros,Chicago Cubs,Chicago Cubs @ Atlanta Braves,+610,FanDuel,30.53,LONGSHOT,NO_MATCH,JR Ritchie,ATTACK,Truist Park,SLIGHT_BOOST,,,
45,Alex Bregman,Chicago Cubs,Chicago Cubs @ Atlanta Braves,+576,DraftKings,30.53,LONGSHOT,NO_MATCH,JR Ritchie,ATTACK,Truist Park,SLIGHT_BOOST,,,
46,Pete Crow-Armstrong,Chicago Cubs,Chicago Cubs @ Atlanta Braves,+550,DraftKings,30.53,LONGSHOT,NO_MATCH,JR Ritchie,ATTACK,Truist Park,SLIGHT_BOOST,,,
47,Michael Busch,Chicago Cubs,Chicago Cubs @ Atlanta Braves,+450,DraftKings,30.53,LONGSHOT,NO_MATCH,JR Ritchie,ATTACK,Truist Park,SLIGHT_BOOST,,,
48,Ian Happ,Chicago Cubs,Chicago Cubs @ Atlanta Braves,+430,DraftKings,30.53,LONGSHOT,NO_MATCH,JR Ritchie,ATTACK,Truist Park,SLIGHT_BOOST,,,
49,Seiya Suzuki,Chicago Cubs,Chicago Cubs @ Atlanta Braves,+425,BetMGM,30.53,LONGSHOT,NO_MATCH,JR Ritchie,ATTACK,Truist Park,SLIGHT_BOOST,,,
50,TJ Friedl,Cincinnati Reds,Washington Nationals @ Cincinnati Reds,+880,FanDuel,30.01,LONGSHOT,NO_MATCH,Jake Irvin,NEUTRAL,Great American Ball Park,POWER_BOOST,,,
51,Matt McLain,Cincinnati Reds,Washington Nationals @ Cincinnati Reds,+760,FanDuel,30.01,LONGSHOT,NO_MATCH,Jake Irvin,NEUTRAL,Great American Ball Park,POWER_BOOST,,,
52,Tyler Stephenson,Cincinnati Reds,Washington Nationals @ Cincinnati Reds,+540,FanDuel,30.01,LONGSHOT,NO_MATCH,Jake Irvin,NEUTRAL,Great American Ball Park,POWER_BOOST,,,
53,Spencer Steer,Cincinnati Reds,Washington Nationals @ Cincinnati Reds,+470,FanDuel,30.01,LONGSHOT,NO_MATCH,Jake Irvin,NEUTRAL,Great American Ball Park,POWER_BOOST,,,
54,JJ Bleday,Cincinnati Reds,Washington Nationals @ Cincinnati Reds,+390,FanDuel,30.01,LONGSHOT,NO_MATCH,Jake Irvin,NEUTRAL,Great American Ball Park,POWER_BOOST,,,
55,Sal Stewart,Cincinnati Reds,Washington Nationals @ Cincinnati Reds,+369,DraftKings,30.01,LONGSHOT,NO_MATCH,Jake Irvin,NEUTRAL,Great American Ball Park,POWER_BOOST,,,
56,Will Benson,Cincinnati Reds,Washington Nationals @ Cincinnati Reds,+323,DraftKings,30.01,LONGSHOT,NO_MATCH,Jake Irvin,NEUTRAL,Great American Ball Park,POWER_BOOST,,,
57,Elly De La Cruz,Cincinnati Reds,Washington Nationals @ Cincinnati Reds,+310,BetMGM,30.01,LONGSHOT,NO_MATCH,Jake Irvin,NEUTRAL,Great American Ball Park,POWER_BOOST,,,
58,Ezequiel Duran,Texas Rangers,Arizona Diamondbacks @ Texas Rangers,+930,DraftKings,29.80,LONGSHOT,NO_MATCH,Ryne Nelson,LIVE,Globe Life Field,SLIGHT_BOOST,,,
59,Evan Carter,Texas Rangers,Arizona Diamondbacks @ Texas Rangers,+770,DraftKings,29.80,LONGSHOT,NO_MATCH,Ryne Nelson,LIVE,Globe Life Field,SLIGHT_BOOST,,,
60,Danny Jansen,Texas Rangers,Arizona Diamondbacks @ Texas Rangers,+620,DraftKings,29.80,LONGSHOT,NO_MATCH,Ryne Nelson,LIVE,Globe Life Field,SLIGHT_BOOST,,,
61,Joc Pederson,Texas Rangers,Arizona Diamondbacks @ Texas Rangers,+590,FanDuel,29.80,LONGSHOT,NO_MATCH,Ryne Nelson,LIVE,Globe Life Field,SLIGHT_BOOST,,,
62,Brandon Nimmo,Texas Rangers,Arizona Diamondbacks @ Texas Rangers,+573,DraftKings,29.80,LONGSHOT,NO_MATCH,Ryne Nelson,LIVE,Globe Life Field,SLIGHT_BOOST,,,
63,Josh Jung,Texas Rangers,Arizona Diamondbacks @ Texas Rangers,+550,DraftKings,29.80,LONGSHOT,NO_MATCH,Ryne Nelson,LIVE,Globe Life Field,SLIGHT_BOOST,,,
64,Jake Burger,Texas Rangers,Arizona Diamondbacks @ Texas Rangers,+470,FanDuel,29.80,LONGSHOT,NO_MATCH,Ryne Nelson,LIVE,Globe Life Field,SLIGHT_BOOST,,,
65,Corey Seager,Texas Rangers,Arizona Diamondbacks @ Texas Rangers,+441,DraftKings,29.80,LONGSHOT,NO_MATCH,Ryne Nelson,LIVE,Globe Life Field,SLIGHT_BOOST,,,
66,James McCann,Arizona Diamondbacks,Arizona Diamondbacks @ Texas Rangers,+950,DraftKings,29.70,LONGSHOT,NO_MATCH,Kumar Rocker,LIVE,Globe Life Field,SLIGHT_BOOST,,,
67,Lourdes Gurriel Jr.,Arizona Diamondbacks,Arizona Diamondbacks @ Texas Rangers,+890,DraftKings,29.70,LONGSHOT,NO_MATCH,Kumar Rocker,LIVE,Globe Life Field,SLIGHT_BOOST,,,
68,Nolan Arenado,Arizona Diamondbacks,Arizona Diamondbacks @ Texas Rangers,+840,DraftKings,29.70,LONGSHOT,NO_MATCH,Kumar Rocker,LIVE,Globe Life Field,SLIGHT_BOOST,,,
69,Adrian Del Castillo,Arizona Diamondbacks,Arizona Diamondbacks @ Texas Rangers,+780,DraftKings,29.70,LONGSHOT,NO_MATCH,Kumar Rocker,LIVE,Globe Life Field,SLIGHT_BOOST,,,
70,Corbin Carroll,Arizona Diamondbacks,Arizona Diamondbacks @ Texas Rangers,+451,DraftKings,29.70,LONGSHOT,NO_MATCH,Kumar Rocker,LIVE,Globe Life Field,SLIGHT_BOOST,,,
71,Ketel Marte,Arizona Diamondbacks,Arizona Diamondbacks @ Texas Rangers,+426,DraftKings,29.70,LONGSHOT,NO_MATCH,Kumar Rocker,LIVE,Globe Life Field,SLIGHT_BOOST,,,
72,Masataka Yoshida,Boston Red Sox,Philadelphia Phillies @ Boston Red Sox,+1040,DraftKings,29.55,LONGSHOT,NO_MATCH,Andrew Painter,ATTACK,Fenway Park,NEUTRAL,,,
73,Jesús Sánchez,Toronto Blue Jays,Tampa Bay Rays @ Toronto Blue Jays,+690,DraftKings,29.51,LONGSHOT,NO_MATCH,Griffin Jax,LIVE,Rogers Centre,BOOST,,,
74,Vladimir Guerrero Jr.,Toronto Blue Jays,Tampa Bay Rays @ Toronto Blue Jays,+544,DraftKings,29.51,LONGSHOT,NO_MATCH,Griffin Jax,LIVE,Rogers Centre,BOOST,,,
75,Daulton Varsho,Toronto Blue Jays,Tampa Bay Rays @ Toronto Blue Jays,+520,FanDuel,29.51,LONGSHOT,NO_MATCH,Griffin Jax,LIVE,Rogers Centre,BOOST,,,
76,George Springer,Toronto Blue Jays,Tampa Bay Rays @ Toronto Blue Jays,+503,DraftKings,29.51,LONGSHOT,NO_MATCH,Griffin Jax,LIVE,Rogers Centre,BOOST,,,
77,Kazuma Okamoto,Toronto Blue Jays,Tampa Bay Rays @ Toronto Blue Jays,+398,DraftKings,29.51,LONGSHOT,NO_MATCH,Griffin Jax,LIVE,Rogers Centre,BOOST,,,
78,Nick Loftin,Kansas City Royals,Kansas City Royals @ Chicago White Sox,+940,DraftKings,29.10,LONGSHOT,NO_MATCH,Noah Schultz,LIVE,Rate Field,BOOST,,,
79,Isaac Collins,Kansas City Royals,Kansas City Royals @ Chicago White Sox,+850,BetMGM,29.10,LONGSHOT,NO_MATCH,Noah Schultz,LIVE,Rate Field,BOOST,,,
80,Carter Jensen,Kansas City Royals,Kansas City Royals @ Chicago White Sox,+800,BetMGM,29.10,LONGSHOT,NO_MATCH,Noah Schultz,LIVE,Rate Field,BOOST,,,
81,Maikel Garcia,Kansas City Royals,Kansas City Royals @ Chicago White Sox,+725,BetMGM,29.10,LONGSHOT,NO_MATCH,Noah Schultz,LIVE,Rate Field,BOOST,,,
82,Vinnie Pasquantino,Kansas City Royals,Kansas City Royals @ Chicago White Sox,+680,FanDuel,29.10,LONGSHOT,NO_MATCH,Noah Schultz,LIVE,Rate Field,BOOST,,,
83,Lane Thomas,Kansas City Royals,Kansas City Royals @ Chicago White Sox,+680,FanDuel,29.10,LONGSHOT,NO_MATCH,Noah Schultz,LIVE,Rate Field,BOOST,,,
84,Bobby Witt Jr.,Kansas City Royals,Kansas City Royals @ Chicago White Sox,+475,BetMGM,29.10,LONGSHOT,NO_MATCH,Noah Schultz,LIVE,Rate Field,BOOST,,,
85,Salvador Perez,Kansas City Royals,Kansas City Royals @ Chicago White Sox,+430,FanDuel,29.10,LONGSHOT,NO_MATCH,Noah Schultz,LIVE,Rate Field,BOOST,,,
86,Gabriel Moreno,Arizona Diamondbacks,Arizona Diamondbacks @ Texas Rangers,+1000,BetMGM,28.61,LONGSHOT,NO_MATCH,Kumar Rocker,LIVE,Globe Life Field,SLIGHT_BOOST,,,
87,Ke'Bryan Hayes,Cincinnati Reds,Washington Nationals @ Cincinnati Reds,+1020,DraftKings,28.50,LONGSHOT,NO_MATCH,Jake Irvin,NEUTRAL,Great American Ball Park,POWER_BOOST,,,
88,Cesar Prieto,St. Louis Cardinals,St. Louis Cardinals @ Athletics,+920,FanDuel,28.49,LONGSHOT,NO_MATCH,J.T. Ginn,NEUTRAL,Sutter Health Park,NEUTRAL,,,
89,Pedro Pagés,St. Louis Cardinals,St. Louis Cardinals @ Athletics,+760,FanDuel,28.49,LONGSHOT,NO_MATCH,J.T. Ginn,NEUTRAL,Sutter Health Park,NEUTRAL,,,
90,Ivan Herrera,St. Louis Cardinals,St. Louis Cardinals @ Athletics,+670,DraftKings,28.49,LONGSHOT,NO_MATCH,J.T. Ginn,NEUTRAL,Sutter Health Park,NEUTRAL,,,
91,Jordan Walker,St. Louis Cardinals,St. Louis Cardinals @ Athletics,+650,BetMGM,28.49,LONGSHOT,NO_MATCH,J.T. Ginn,NEUTRAL,Sutter Health Park,NEUTRAL,,,
92,Nolan Gorman,St. Louis Cardinals,St. Louis Cardinals @ Athletics,+650,BetMGM,28.49,LONGSHOT,NO_MATCH,J.T. Ginn,NEUTRAL,Sutter Health Park,NEUTRAL,,,
93,Alec Burleson,St. Louis Cardinals,St. Louis Cardinals @ Athletics,+575,Caesars,28.49,LONGSHOT,NO_MATCH,J.T. Ginn,NEUTRAL,Sutter Health Park,NEUTRAL,,,
94,Nasim Nuñez,Washington Nationals,Washington Nationals @ Cincinnati Reds,+1200,BetMGM,28.18,LONGSHOT,NO_MATCH,Nick Lodolo,ATTACK,Great American Ball Park,POWER_BOOST,,,
95,Nathan Church,St. Louis Cardinals,St. Louis Cardinals @ Athletics,+1000,BetMGM,27.40,LONGSHOT,NO_MATCH,J.T. Ginn,NEUTRAL,Sutter Health Park,NEUTRAL,,,
96,Jeff McNeil,Athletics,St. Louis Cardinals @ Athletics,+1200,FanDuel,27.32,LONGSHOT,NO_MATCH,Matthew Liberatore,LIVE,Sutter Health Park,NEUTRAL,,,
97,Cam Smith,Houston Astros,Seattle Mariners @ Houston Astros,+910,DraftKings,27.12,LONGSHOT,NO_MATCH,Bryce Miller,AVOID,Daikin Park,SLIGHT_BOOST,,,
98,César Salazar,Houston Astros,Seattle Mariners @ Houston Astros,+750,Caesars,27.12,LONGSHOT,NO_MATCH,Bryce Miller,AVOID,Daikin Park,SLIGHT_BOOST,,,
99,Isaac Paredes,Houston Astros,Seattle Mariners @ Houston Astros,+541,DraftKings,27.12,LONGSHOT,NO_MATCH,Bryce Miller,AVOID,Daikin Park,SLIGHT_BOOST,,,
100,Jose Altuve,Houston Astros,Seattle Mariners @ Houston Astros,+537,DraftKings,27.12,LONGSHOT,NO_MATCH,Bryce Miller,AVOID,Daikin Park,SLIGHT_BOOST,,,
101,Brice Matthews,Houston Astros,Seattle Mariners @ Houston Astros,+520,FanDuel,27.12,LONGSHOT,NO_MATCH,Bryce Miller,AVOID,Daikin Park,SLIGHT_BOOST,,,
102,Zach Cole,Houston Astros,Seattle Mariners @ Houston Astros,+420,FanDuel,27.12,LONGSHOT,NO_MATCH,Bryce Miller,AVOID,Daikin Park,SLIGHT_BOOST,,,
103,Christian Walker,Houston Astros,Seattle Mariners @ Houston Astros,+350,FanDuel,27.12,LONGSHOT,NO_MATCH,Bryce Miller,AVOID,Daikin Park,SLIGHT_BOOST,,,
104,Yordan Alvarez,Houston Astros,Seattle Mariners @ Houston Astros,+285,FanDuel,27.12,LONGSHOT,NO_MATCH,Bryce Miller,AVOID,Daikin Park,SLIGHT_BOOST,,,
105,Nick Yorke,Pittsburgh Pirates,Colorado Rockies @ Pittsburgh Pirates,+920,FanDuel,27.08,LONGSHOT,NO_MATCH,Jose Quintana,LIVE,PNC Park,SUPPRESSOR,,,
106,Billy Cook,Pittsburgh Pirates,Colorado Rockies @ Pittsburgh Pirates,+900,DraftKings,27.08,LONGSHOT,NO_MATCH,Jose Quintana,LIVE,PNC Park,SUPPRESSOR,,,
107,Bryan Reynolds,Pittsburgh Pirates,Colorado Rockies @ Pittsburgh Pirates,+800,BetMGM,27.08,LONGSHOT,NO_MATCH,Jose Quintana,LIVE,PNC Park,SUPPRESSOR,,,
108,Ryan O'Hearn,Pittsburgh Pirates,Colorado Rockies @ Pittsburgh Pirates,+770,DraftKings,27.08,LONGSHOT,NO_MATCH,Jose Quintana,LIVE,PNC Park,SUPPRESSOR,,,
109,Henry Davis,Pittsburgh Pirates,Colorado Rockies @ Pittsburgh Pirates,+760,FanDuel,27.08,LONGSHOT,NO_MATCH,Jose Quintana,LIVE,PNC Park,SUPPRESSOR,,,
110,Marcell Ozuna,Pittsburgh Pirates,Colorado Rockies @ Pittsburgh Pirates,+650,DraftKings,27.08,LONGSHOT,NO_MATCH,Jose Quintana,LIVE,PNC Park,SUPPRESSOR,,,
111,Brandon Lowe,Pittsburgh Pirates,Colorado Rockies @ Pittsburgh Pirates,+543,DraftKings,27.08,LONGSHOT,NO_MATCH,Jose Quintana,LIVE,PNC Park,SUPPRESSOR,,,
112,Oneil Cruz,Pittsburgh Pirates,Colorado Rockies @ Pittsburgh Pirates,+400,BetMGM,27.08,LONGSHOT,NO_MATCH,Jose Quintana,LIVE,PNC Park,SUPPRESSOR,,,
113,Luis Torrens,New York Mets,Detroit Tigers @ New York Mets,+930,DraftKings,26.83,LONGSHOT,NO_MATCH,Framber Valdez,LIVE,Citi Field,NEUTRAL,,,
114,Bo Bichette,New York Mets,Detroit Tigers @ New York Mets,+850,DraftKings,26.83,LONGSHOT,NO_MATCH,Framber Valdez,LIVE,Citi Field,NEUTRAL,,,
115,Marcus Semien,New York Mets,Detroit Tigers @ New York Mets,+790,DraftKings,26.83,LONGSHOT,NO_MATCH,Framber Valdez,LIVE,Citi Field,NEUTRAL,,,
116,Mark Vientos,New York Mets,Detroit Tigers @ New York Mets,+570,FanDuel,26.83,LONGSHOT,NO_MATCH,Framber Valdez,LIVE,Citi Field,NEUTRAL,,,
117,Juan Soto,New York Mets,Detroit Tigers @ New York Mets,+470,FanDuel,26.83,LONGSHOT,NO_MATCH,Framber Valdez,LIVE,Citi Field,NEUTRAL,,,
118,Geraldo Perdomo,Arizona Diamondbacks,Arizona Diamondbacks @ Texas Rangers,+1100,DraftKings,26.59,LONGSHOT,NO_MATCH,Kumar Rocker,LIVE,Globe Life Field,SLIGHT_BOOST,,,
119,Andrew Benintendi,Chicago White Sox,Kansas City Royals @ Chicago White Sox,+650,BetMGM,26.57,LONGSHOT,NO_MATCH,Seth Lugo,AVOID,Rate Field,BOOST,,,
120,Miguel Vargas,Chicago White Sox,Kansas City Royals @ Chicago White Sox,+550,BetMGM,26.57,LONGSHOT,NO_MATCH,Seth Lugo,AVOID,Rate Field,BOOST,,,
121,Colson Montgomery,Chicago White Sox,Kansas City Royals @ Chicago White Sox,+350,BetMGM,26.57,LONGSHOT,NO_MATCH,Seth Lugo,AVOID,Rate Field,BOOST,,,
122,Munetaka Murakami,Chicago White Sox,Kansas City Royals @ Chicago White Sox,+293,DraftKings,26.57,LONGSHOT,NO_MATCH,Seth Lugo,AVOID,Rate Field,BOOST,,,
123,Caleb Durbin,Boston Red Sox,Philadelphia Phillies @ Boston Red Sox,+1220,DraftKings,26.39,LONGSHOT,NO_MATCH,Andrew Painter,ATTACK,Fenway Park,NEUTRAL,,,
124,Kyle Tucker,Los Angeles Dodgers,San Francisco Giants @ Los Angeles Dodgers,+533,DraftKings,26.28,LONGSHOT,NO_MATCH,Robbie Ray,NEUTRAL,Dodger Stadium,SLIGHT_BOOST,,,
125,Dalton Rushing,Los Angeles Dodgers,San Francisco Giants @ Los Angeles Dodgers,+520,FanDuel,26.28,LONGSHOT,NO_MATCH,Robbie Ray,NEUTRAL,Dodger Stadium,SLIGHT_BOOST,,,
126,Freddie Freeman,Los Angeles Dodgers,San Francisco Giants @ Los Angeles Dodgers,+520,FanDuel,26.28,LONGSHOT,NO_MATCH,Robbie Ray,NEUTRAL,Dodger Stadium,SLIGHT_BOOST,,,
127,Andy Pages,Los Angeles Dodgers,San Francisco Giants @ Los Angeles Dodgers,+490,FanDuel,26.28,LONGSHOT,NO_MATCH,Robbie Ray,NEUTRAL,Dodger Stadium,SLIGHT_BOOST,,,
128,Teoscar Hernández,Los Angeles Dodgers,San Francisco Giants @ Los Angeles Dodgers,+440,DraftKings,26.28,LONGSHOT,NO_MATCH,Robbie Ray,NEUTRAL,Dodger Stadium,SLIGHT_BOOST,,,
129,Will Smith,Los Angeles Dodgers,San Francisco Giants @ Los Angeles Dodgers,+420,FanDuel,26.28,LONGSHOT,NO_MATCH,Robbie Ray,NEUTRAL,Dodger Stadium,SLIGHT_BOOST,,,
130,Mookie Betts,Los Angeles Dodgers,San Francisco Giants @ Los Angeles Dodgers,+390,BetMGM,26.28,LONGSHOT,NO_MATCH,Robbie Ray,NEUTRAL,Dodger Stadium,SLIGHT_BOOST,,,
131,Max Muncy,Los Angeles Dodgers,San Francisco Giants @ Los Angeles Dodgers,+320,FanDuel,26.28,LONGSHOT,NO_MATCH,Robbie Ray,NEUTRAL,Dodger Stadium,SLIGHT_BOOST,,,
132,Tyrone Taylor,New York Mets,Detroit Tigers @ New York Mets,+980,FanDuel,26.19,LONGSHOT,NO_MATCH,Framber Valdez,LIVE,Citi Field,NEUTRAL,,,
133,Andrew Vaughn,Milwaukee Brewers,San Diego Padres @ Milwaukee Brewers,+900,BetMGM,26.09,LONGSHOT,NO_MATCH,Michael King,AVOID,American Family Field,BOOST,,,
134,William Contreras,Milwaukee Brewers,San Diego Padres @ Milwaukee Brewers,+900,DraftKings,26.09,LONGSHOT,NO_MATCH,Michael King,AVOID,American Family Field,BOOST,,,
135,Miguel Andujar,San Diego Padres,San Diego Padres @ Milwaukee Brewers,+880,FanDuel,26.09,LONGSHOT,NO_MATCH,Jacob Misiorowski,AVOID,American Family Field,BOOST,,,
136,Jake Bauers,Milwaukee Brewers,San Diego Padres @ Milwaukee Brewers,+800,BetMGM,26.09,LONGSHOT,NO_MATCH,Michael King,AVOID,American Family Field,BOOST,,,
137,Christian Yelich,Milwaukee Brewers,San Diego Padres @ Milwaukee Brewers,+790,FanDuel,26.09,LONGSHOT,NO_MATCH,Michael King,AVOID,American Family Field,BOOST,,,
138,Jackson Chourio,Milwaukee Brewers,San Diego Padres @ Milwaukee Brewers,+725,BetMGM,26.09,LONGSHOT,NO_MATCH,Michael King,AVOID,American Family Field,BOOST,,,
139,Xander Bogaerts,San Diego Padres,San Diego Padres @ Milwaukee Brewers,+720,DraftKings,26.09,LONGSHOT,NO_MATCH,Jacob Misiorowski,AVOID,American Family Field,BOOST,,,
140,Brice Turang,Milwaukee Brewers,San Diego Padres @ Milwaukee Brewers,+680,FanDuel,26.09,LONGSHOT,NO_MATCH,Michael King,AVOID,American Family Field,BOOST,,,
141,Gavin Sheets,San Diego Padres,San Diego Padres @ Milwaukee Brewers,+590,FanDuel,26.09,LONGSHOT,NO_MATCH,Jacob Misiorowski,AVOID,American Family Field,BOOST,,,
142,Ramón Laureano,San Diego Padres,San Diego Padres @ Milwaukee Brewers,+575,BetMGM,26.09,LONGSHOT,NO_MATCH,Jacob Misiorowski,AVOID,American Family Field,BOOST,,,
143,Jackson Merrill,San Diego Padres,San Diego Padres @ Milwaukee Brewers,+568,DraftKings,26.09,LONGSHOT,NO_MATCH,Jacob Misiorowski,AVOID,American Family Field,BOOST,,,
144,Manny Machado,San Diego Padres,San Diego Padres @ Milwaukee Brewers,+556,DraftKings,26.09,LONGSHOT,NO_MATCH,Jacob Misiorowski,AVOID,American Family Field,BOOST,,,
145,Fernando Tatis Jr.,San Diego Padres,San Diego Padres @ Milwaukee Brewers,+502,DraftKings,26.09,LONGSHOT,NO_MATCH,Jacob Misiorowski,AVOID,American Family Field,BOOST,,,
146,Andrés Giménez,Toronto Blue Jays,Tampa Bay Rays @ Toronto Blue Jays,+1120,DraftKings,26.06,LONGSHOT,NO_MATCH,Griffin Jax,LIVE,Rogers Centre,BOOST,,,
147,Trea Turner,Philadelphia Phillies,Philadelphia Phillies @ Boston Red Sox,+820,DraftKings,26.05,LONGSHOT,NO_MATCH,Sonny Gray,NEUTRAL,Fenway Park,NEUTRAL,,,
148,Adolis García,Philadelphia Phillies,Philadelphia Phillies @ Boston Red Sox,+561,DraftKings,26.05,LONGSHOT,NO_MATCH,Sonny Gray,NEUTRAL,Fenway Park,NEUTRAL,,,
149,Bryce Harper,Philadelphia Phillies,Philadelphia Phillies @ Boston Red Sox,+490,FanDuel,26.05,LONGSHOT,NO_MATCH,Sonny Gray,NEUTRAL,Fenway Park,NEUTRAL,,,
150,Kyle Schwarber,Philadelphia Phillies,Philadelphia Phillies @ Boston Red Sox,+250,BetMGM,26.05,LONGSHOT,NO_MATCH,Sonny Gray,NEUTRAL,Fenway Park,NEUTRAL,,,
151,Harrison Bader,San Francisco Giants,San Francisco Giants @ Los Angeles Dodgers,+900,BetMGM,25.60,LONGSHOT,NO_MATCH,Shohei Ohtani,AVOID,Dodger Stadium,SLIGHT_BOOST,,,
152,Matt Chapman,San Francisco Giants,San Francisco Giants @ Los Angeles Dodgers,+790,FanDuel,25.60,LONGSHOT,NO_MATCH,Shohei Ohtani,AVOID,Dodger Stadium,SLIGHT_BOOST,,,
153,Willy Adames,San Francisco Giants,San Francisco Giants @ Los Angeles Dodgers,+720,DraftKings,25.60,LONGSHOT,NO_MATCH,Shohei Ohtani,AVOID,Dodger Stadium,SLIGHT_BOOST,,,
154,Heliot Ramos,San Francisco Giants,San Francisco Giants @ Los Angeles Dodgers,+575,DraftKings,25.60,LONGSHOT,NO_MATCH,Shohei Ohtani,AVOID,Dodger Stadium,SLIGHT_BOOST,,,
155,Casey Schmitt,San Francisco Giants,San Francisco Giants @ Los Angeles Dodgers,+550,BetMGM,25.60,LONGSHOT,NO_MATCH,Shohei Ohtani,AVOID,Dodger Stadium,SLIGHT_BOOST,,,
156,Rafael Devers,San Francisco Giants,San Francisco Giants @ Los Angeles Dodgers,+525,DraftKings,25.60,LONGSHOT,NO_MATCH,Shohei Ohtani,AVOID,Dodger Stadium,SLIGHT_BOOST,,,
157,Brooks Lee,Minnesota Twins,Miami Marlins @ Minnesota Twins,+880,FanDuel,25.44,LONGSHOT,NO_MATCH,Max Meyer,AVOID,Target Field,NEUTRAL,,,
158,Trevor Larnach,Minnesota Twins,Miami Marlins @ Minnesota Twins,+725,BetMGM,25.44,LONGSHOT,NO_MATCH,Max Meyer,AVOID,Target Field,NEUTRAL,,,
159,Josh Bell,Minnesota Twins,Miami Marlins @ Minnesota Twins,+700,BetMGM,25.44,LONGSHOT,NO_MATCH,Max Meyer,AVOID,Target Field,NEUTRAL,,,
160,Royce Lewis,Minnesota Twins,Miami Marlins @ Minnesota Twins,+650,BetMGM,25.44,LONGSHOT,NO_MATCH,Max Meyer,AVOID,Target Field,NEUTRAL,,,
161,Kody Clemens,Minnesota Twins,Miami Marlins @ Minnesota Twins,+625,BetMGM,25.44,LONGSHOT,NO_MATCH,Max Meyer,AVOID,Target Field,NEUTRAL,,,
162,Ryan Jeffers,Minnesota Twins,Miami Marlins @ Minnesota Twins,+600,BetMGM,25.44,LONGSHOT,NO_MATCH,Max Meyer,AVOID,Target Field,NEUTRAL,,,
163,Byron Buxton,Minnesota Twins,Miami Marlins @ Minnesota Twins,+330,DraftKings,25.44,LONGSHOT,NO_MATCH,Max Meyer,AVOID,Target Field,NEUTRAL,,,
164,J.T. Realmuto,Philadelphia Phillies,Philadelphia Phillies @ Boston Red Sox,+980,FanDuel,25.41,LONGSHOT,NO_MATCH,Sonny Gray,NEUTRAL,Fenway Park,NEUTRAL,,,
165,Jake Fraley,Tampa Bay Rays,Tampa Bay Rays @ Toronto Blue Jays,+940,DraftKings,25.25,LONGSHOT,NO_MATCH,Dylan Cease,AVOID,Rogers Centre,BOOST,,,
166,Yandy Díaz,Tampa Bay Rays,Tampa Bay Rays @ Toronto Blue Jays,+770,DraftKings,25.25,LONGSHOT,NO_MATCH,Dylan Cease,AVOID,Rogers Centre,BOOST,,,
167,Jonathan Aranda,Tampa Bay Rays,Tampa Bay Rays @ Toronto Blue Jays,+720,DraftKings,25.25,LONGSHOT,NO_MATCH,Dylan Cease,AVOID,Rogers Centre,BOOST,,,
168,Garrett Mitchell,Milwaukee Brewers,San Diego Padres @ Milwaukee Brewers,+1000,BetMGM,25.00,LONGSHOT,NO_MATCH,Michael King,AVOID,American Family Field,BOOST,,,
169,Sung-Mun Song,San Diego Padres,San Diego Padres @ Milwaukee Brewers,+1000,BetMGM,25.00,LONGSHOT,NO_MATCH,Jacob Misiorowski,AVOID,American Family Field,BOOST,,,
170,Mauricio Dubón,Atlanta Braves,Chicago Cubs @ Atlanta Braves,+890,DraftKings,24.92,LONGSHOT,NO_MATCH,Shota Imanaga,AVOID,Truist Park,SLIGHT_BOOST,,,
171,Ha-Seong Kim,Atlanta Braves,Chicago Cubs @ Atlanta Braves,+680,DraftKings,24.92,LONGSHOT,NO_MATCH,Shota Imanaga,AVOID,Truist Park,SLIGHT_BOOST,,,
172,Mike Yastrzemski,Atlanta Braves,Chicago Cubs @ Atlanta Braves,+620,DraftKings,24.92,LONGSHOT,NO_MATCH,Shota Imanaga,AVOID,Truist Park,SLIGHT_BOOST,,,
173,Michael Harris II,Atlanta Braves,Chicago Cubs @ Atlanta Braves,+590,DraftKings,24.92,LONGSHOT,NO_MATCH,Shota Imanaga,AVOID,Truist Park,SLIGHT_BOOST,,,
174,Drake Baldwin,Atlanta Braves,Chicago Cubs @ Atlanta Braves,+525,DraftKings,24.92,LONGSHOT,NO_MATCH,Shota Imanaga,AVOID,Truist Park,SLIGHT_BOOST,,,
175,Ozzie Albies,Atlanta Braves,Chicago Cubs @ Atlanta Braves,+518,DraftKings,24.92,LONGSHOT,NO_MATCH,Shota Imanaga,AVOID,Truist Park,SLIGHT_BOOST,,,
176,Austin Riley,Atlanta Braves,Chicago Cubs @ Atlanta Braves,+441,DraftKings,24.92,LONGSHOT,NO_MATCH,Shota Imanaga,AVOID,Truist Park,SLIGHT_BOOST,,,
177,Matt Olson,Atlanta Braves,Chicago Cubs @ Atlanta Braves,+400,DraftKings,24.92,LONGSHOT,NO_MATCH,Shota Imanaga,AVOID,Truist Park,SLIGHT_BOOST,,,
178,Brett Baty,New York Mets,Detroit Tigers @ New York Mets,+1040,FanDuel,24.89,LONGSHOT,NO_MATCH,Framber Valdez,LIVE,Citi Field,NEUTRAL,,,
179,Jorge Mateo,Atlanta Braves,Chicago Cubs @ Atlanta Braves,+960,DraftKings,24.73,LONGSHOT,NO_MATCH,Shota Imanaga,AVOID,Truist Park,SLIGHT_BOOST,,,
180,Alejandro Osuna,Texas Rangers,Arizona Diamondbacks @ Texas Rangers,+1220,DraftKings,24.70,LONGSHOT,NO_MATCH,Ryne Nelson,LIVE,Globe Life Field,SLIGHT_BOOST,,,
181,Ernie Clement,Toronto Blue Jays,Tampa Bay Rays @ Toronto Blue Jays,+1200,DraftKings,24.70,LONGSHOT,NO_MATCH,Griffin Jax,LIVE,Rogers Centre,BOOST,,,
182,Vidal Bruján,New York Mets,Detroit Tigers @ New York Mets,+1050,BetMGM,24.70,LONGSHOT,NO_MATCH,Framber Valdez,LIVE,Citi Field,NEUTRAL,,,
183,Cedric Mullins,Tampa Bay Rays,Tampa Bay Rays @ Toronto Blue Jays,+980,FanDuel,24.61,LONGSHOT,NO_MATCH,Dylan Cease,AVOID,Rogers Centre,BOOST,,,
184,Nico Hoerner,Chicago Cubs,Chicago Cubs @ Atlanta Braves,+1280,DraftKings,24.55,LONGSHOT,NO_MATCH,JR Ritchie,ATTACK,Truist Park,SLIGHT_BOOST,,,
185,Edmundo Sosa,Philadelphia Phillies,Philadelphia Phillies @ Boston Red Sox,+1020,DraftKings,24.54,LONGSHOT,NO_MATCH,Sonny Gray,NEUTRAL,Fenway Park,NEUTRAL,,,
186,Jonny DeLuca,Tampa Bay Rays,Tampa Bay Rays @ Toronto Blue Jays,+990,DraftKings,24.37,LONGSHOT,NO_MATCH,Dylan Cease,AVOID,Rogers Centre,BOOST,,,
187,Nick Gonzales,Pittsburgh Pirates,Colorado Rockies @ Pittsburgh Pirates,+1080,DraftKings,24.35,LONGSHOT,NO_MATCH,Jose Quintana,LIVE,PNC Park,SUPPRESSOR,,,
188,Freddy Fermin,San Diego Padres,San Diego Padres @ Milwaukee Brewers,+1050,BetMGM,23.96,LONGSHOT,NO_MATCH,Jacob Misiorowski,AVOID,American Family Field,BOOST,,,
189,Troy Johnston,Colorado Rockies,Colorado Rockies @ Pittsburgh Pirates,+900,BetMGM,23.94,LONGSHOT,NO_MATCH,Mitch Keller,AVOID,PNC Park,SUPPRESSOR,,,
190,Willi Castro,Colorado Rockies,Colorado Rockies @ Pittsburgh Pirates,+900,BetMGM,23.94,LONGSHOT,NO_MATCH,Mitch Keller,AVOID,PNC Park,SUPPRESSOR,,,
191,Edouard Julien,Colorado Rockies,Colorado Rockies @ Pittsburgh Pirates,+830,DraftKings,23.94,LONGSHOT,NO_MATCH,Mitch Keller,AVOID,PNC Park,SUPPRESSOR,,,
192,Hunter Goodman,Colorado Rockies,Colorado Rockies @ Pittsburgh Pirates,+407,DraftKings,23.94,LONGSHOT,NO_MATCH,Mitch Keller,AVOID,PNC Park,SUPPRESSOR,,,
193,Mickey Moniak,Colorado Rockies,Colorado Rockies @ Pittsburgh Pirates,+404,DraftKings,23.94,LONGSHOT,NO_MATCH,Mitch Keller,AVOID,PNC Park,SUPPRESSOR,,,
194,Brandon Marsh,Philadelphia Phillies,Philadelphia Phillies @ Boston Red Sox,+1060,DraftKings,23.71,LONGSHOT,NO_MATCH,Sonny Gray,NEUTRAL,Fenway Park,NEUTRAL,,,
195,Wenceel Pérez,Detroit Tigers,Detroit Tigers @ New York Mets,+800,BetMGM,23.68,LONGSHOT,NO_MATCH,Christian Scott,AVOID,Citi Field,NEUTRAL,,,
196,Matt Vierling,Detroit Tigers,Detroit Tigers @ New York Mets,+760,DraftKings,23.68,LONGSHOT,NO_MATCH,Christian Scott,AVOID,Citi Field,NEUTRAL,,,
197,Colt Keith,Detroit Tigers,Detroit Tigers @ New York Mets,+680,DraftKings,23.68,LONGSHOT,NO_MATCH,Christian Scott,AVOID,Citi Field,NEUTRAL,,,
198,Dillon Dingler,Detroit Tigers,Detroit Tigers @ New York Mets,+525,BetMGM,23.68,LONGSHOT,NO_MATCH,Christian Scott,AVOID,Citi Field,NEUTRAL,,,
199,Spencer Torkelson,Detroit Tigers,Detroit Tigers @ New York Mets,+500,BetMGM,23.68,LONGSHOT,NO_MATCH,Christian Scott,AVOID,Citi Field,NEUTRAL,,,
200,Riley Greene,Detroit Tigers,Detroit Tigers @ New York Mets,+423,DraftKings,23.68,LONGSHOT,NO_MATCH,Christian Scott,AVOID,Citi Field,NEUTRAL,,,
201,Tyler Heineman,Toronto Blue Jays,Tampa Bay Rays @ Toronto Blue Jays,+1280,DraftKings,23.54,LONGSHOT,NO_MATCH,Griffin Jax,LIVE,Rogers Centre,BOOST,,,
202,Jacob Young,Washington Nationals,Washington Nationals @ Cincinnati Reds,+1600,FanDuel,23.38,LONGSHOT,NO_MATCH,Nick Lodolo,ATTACK,Great American Ball Park,POWER_BOOST,,,
203,Ezequiel Tovar,Colorado Rockies,Colorado Rockies @ Pittsburgh Pirates,+980,FanDuel,23.30,LONGSHOT,NO_MATCH,Mitch Keller,AVOID,PNC Park,SUPPRESSOR,,,
204,Junior Caminero,Tampa Bay Rays,Tampa Bay Rays @ Toronto Blue Jays,+440,FanDuel,22.97,LONGSHOT,NO_MATCH,Dylan Cease,AVOID,Rogers Centre,BOOST,,,
205,Ryan Vilade,Tampa Bay Rays,Tampa Bay Rays @ Toronto Blue Jays,+1060,DraftKings,22.91,LONGSHOT,NO_MATCH,Dylan Cease,AVOID,Rogers Centre,BOOST,,,
206,Jung Hoo Lee,San Francisco Giants,San Francisco Giants @ Los Angeles Dodgers,+1080,DraftKings,22.87,LONGSHOT,NO_MATCH,Shohei Ohtani,AVOID,Dodger Stadium,SLIGHT_BOOST,,,
207,Alec Bohm,Philadelphia Phillies,Philadelphia Phillies @ Boston Red Sox,+1120,DraftKings,22.60,LONGSHOT,NO_MATCH,Sonny Gray,NEUTRAL,Fenway Park,NEUTRAL,,,
208,Jared Triolo,Pittsburgh Pirates,Colorado Rockies @ Pittsburgh Pirates,+1200,BetMGM,22.28,LONGSHOT,NO_MATCH,Jose Quintana,LIVE,PNC Park,SUPPRESSOR,,,
209,Nick Fortes,Tampa Bay Rays,Tampa Bay Rays @ Toronto Blue Jays,+1100,DraftKings,22.14,LONGSHOT,NO_MATCH,Dylan Cease,AVOID,Rogers Centre,BOOST,,,
210,Bryson Stott,Philadelphia Phillies,Philadelphia Phillies @ Boston Red Sox,+1160,DraftKings,21.91,LONGSHOT,NO_MATCH,Sonny Gray,NEUTRAL,Fenway Park,NEUTRAL,,,
211,Chase Meidroth,Chicago White Sox,Kansas City Royals @ Chicago White Sox,+1200,BetMGM,21.76,LONGSHOT,NO_MATCH,Seth Lugo,AVOID,Rate Field,BOOST,,,
212,Jesus Rodriguez,San Francisco Giants,San Francisco Giants @ Los Angeles Dodgers,+1220,DraftKings,20.50,LONGSHOT,NO_MATCH,Shohei Ohtani,AVOID,Dodger Stadium,SLIGHT_BOOST,,,
213,Masyn Winn,St. Louis Cardinals,St. Louis Cardinals @ Athletics,+1450,BetMGM,20.40,LONGSHOT,NO_MATCH,J.T. Ginn,NEUTRAL,Sutter Health Park,NEUTRAL,,,
214,Jake McCarthy,Colorado Rockies,Colorado Rockies @ Pittsburgh Pirates,+1200,FanDuel,19.13,LONGSHOT,NO_MATCH,Mitch Keller,AVOID,PNC Park,SUPPRESSOR,,,
215,Ben Williamson,Tampa Bay Rays,Tampa Bay Rays @ Toronto Blue Jays,+1300,Caesars,18.98,LONGSHOT,NO_MATCH,Dylan Cease,AVOID,Rogers Centre,BOOST,,,
216,Taylor Walls,Tampa Bay Rays,Tampa Bay Rays @ Toronto Blue Jays,+1300,FanDuel,18.98,LONGSHOT,NO_MATCH,Dylan Cease,AVOID,Rogers Centre,BOOST,,,
217,Kyle Karros,Colorado Rockies,Colorado Rockies @ Pittsburgh Pirates,+1240,DraftKings,18.52,LONGSHOT,NO_MATCH,Mitch Keller,AVOID,PNC Park,SUPPRESSOR,,,
218,Luke Keaschall,Minnesota Twins,Miami Marlins @ Minnesota Twins,+1360,DraftKings,18.40,LONGSHOT,NO_MATCH,Max Meyer,AVOID,Target Field,NEUTRAL,,,
219,Zach McKinstry,Detroit Tigers,Detroit Tigers @ New York Mets,+1260,FanDuel,17.97,LONGSHOT,NO_MATCH,Christian Scott,AVOID,Citi Field,NEUTRAL,,,
220,Luis Rengifo,Milwaukee Brewers,San Diego Padres @ Milwaukee Brewers,+1500,BetMGM,17.46,LONGSHOT,NO_MATCH,Michael King,AVOID,American Family Field,BOOST,,,
221,Luis Arraez,San Francisco Giants,San Francisco Giants @ Los Angeles Dodgers,+1500,DraftKings,16.97,LONGSHOT,NO_MATCH,Shohei Ohtani,AVOID,Dodger Stadium,SLIGHT_BOOST,,,
222,David Hamilton,Milwaukee Brewers,San Diego Padres @ Milwaukee Brewers,+1600,BetMGM,16.47,LONGSHOT,NO_MATCH,Michael King,AVOID,American Family Field,BOOST,,,
223,Victor Scott II,St. Louis Cardinals,St. Louis Cardinals @ Athletics,+2200,BetMGM,14.82,LONGSHOT,NO_MATCH,J.T. Ginn,NEUTRAL,Sutter Health Park,NEUTRAL,,,
224,Tyler Freeman,Colorado Rockies,Colorado Rockies @ Pittsburgh Pirates,+1560,DraftKings,14.70,LONGSHOT,NO_MATCH,Mitch Keller,AVOID,PNC Park,SUPPRESSOR,,,
225,Austin Martin,Minnesota Twins,Miami Marlins @ Minnesota Twins,+1800,BetMGM,14.18,LONGSHOT,NO_MATCH,Max Meyer,AVOID,Target Field,NEUTRAL,,,
226,Sal Frelick,Milwaukee Brewers,San Diego Padres @ Milwaukee Brewers,+2000,Caesars,13.50,LONGSHOT,NO_MATCH,Michael King,AVOID,American Family Field,BOOST,,,
227,Chandler Simpson,Tampa Bay Rays,Tampa Bay Rays @ Toronto Blue Jays,+2200,DraftKings,11.57,LONGSHOT,NO_MATCH,Dylan Cease,AVOID,Rogers Centre,BOOST,,,
