rank,name,team,opponent,game,pitcher,odds,final_hr_score,decision_tier,temperature,wind_speed,wind_direction,weather_desc,venue,roof_status,vegas_total,temp_score,wind_score,park_score,vegas_score,raw_weather_boost,weather_environment_score,weather_environment_grade,note
1,Munetaka Murakami,Chicago White Sox,Kansas City Royals,Kansas City Royals @ Chicago White Sox,Seth Lugo,293,72.2,PLAYABLE,55.2,8.1,170,broken clouds,Rate Field,OPEN_AIR_OR_UNKNOWN,8.4,44,50,55.5,55,1,51.6,SUPPRESS,Weather slightly suppresses power
2,Bobby Witt Jr.,Kansas City Royals,Chicago White Sox,Kansas City Royals @ Chicago White Sox,Noah Schultz,475,70.8,VALUE BOMB,55.2,8.1,170,broken clouds,Rate Field,OPEN_AIR_OR_UNKNOWN,8.4,44,50,55.5,55,1,51.6,SUPPRESS,Weather slightly suppresses power
3,Colson Montgomery,Chicago White Sox,Kansas City Royals,Kansas City Royals @ Chicago White Sox,Seth Lugo,350,62.9,WATCH,55.2,8.1,170,broken clouds,Rate Field,OPEN_AIR_OR_UNKNOWN,8.4,44,50,55.5,55,1,51.6,SUPPRESS,Weather slightly suppresses power
4,Miguel Vargas,Chicago White Sox,Kansas City Royals,Kansas City Royals @ Chicago White Sox,Seth Lugo,550,60.4,WATCH,55.2,8.1,170,broken clouds,Rate Field,OPEN_AIR_OR_UNKNOWN,8.4,44,50,55.5,55,1,51.6,SUPPRESS,Weather slightly suppresses power
5,Salvador Perez,Kansas City Royals,Chicago White Sox,Kansas City Royals @ Chicago White Sox,Noah Schultz,430,60.3,WATCH,55.2,8.1,170,broken clouds,Rate Field,OPEN_AIR_OR_UNKNOWN,8.4,44,50,55.5,55,1,51.6,SUPPRESS,Weather slightly suppresses power
6,Carter Jensen,Kansas City Royals,Chicago White Sox,Kansas City Royals @ Chicago White Sox,Noah Schultz,800,56.2,PASS,55.2,8.1,170,broken clouds,Rate Field,OPEN_AIR_OR_UNKNOWN,8.4,44,50,55.5,55,1,51.6,SUPPRESS,Weather slightly suppresses power
7,Andrew Benintendi,Chicago White Sox,Kansas City Royals,Kansas City Royals @ Chicago White Sox,Seth Lugo,650,53.5,PASS,55.2,8.1,170,broken clouds,Rate Field,OPEN_AIR_OR_UNKNOWN,8.4,44,50,55.5,55,1,51.6,SUPPRESS,Weather slightly suppresses power
8,Vinnie Pasquantino,Kansas City Royals,Chicago White Sox,Kansas City Royals @ Chicago White Sox,Noah Schultz,680,51.6,PASS,55.2,8.1,170,broken clouds,Rate Field,OPEN_AIR_OR_UNKNOWN,8.4,44,50,55.5,55,1,51.6,SUPPRESS,Weather slightly suppresses power
9,Maikel Garcia,Kansas City Royals,Chicago White Sox,Kansas City Royals @ Chicago White Sox,Noah Schultz,725,51.3,PASS,55.2,8.1,170,broken clouds,Rate Field,OPEN_AIR_OR_UNKNOWN,8.4,44,50,55.5,55,1,51.6,SUPPRESS,Weather slightly suppresses power
10,Isaac Collins,Kansas City Royals,Chicago White Sox,Kansas City Royals @ Chicago White Sox,Noah Schultz,850,50.5,PASS,55.2,8.1,170,broken clouds,Rate Field,OPEN_AIR_OR_UNKNOWN,8.4,44,50,55.5,55,1,51.6,SUPPRESS,Weather slightly suppresses power
11,Lane Thomas,Kansas City Royals,Chicago White Sox,Kansas City Royals @ Chicago White Sox,Noah Schultz,680,48.1,PASS,55.2,8.1,170,broken clouds,Rate Field,OPEN_AIR_OR_UNKNOWN,8.4,44,50,55.5,55,1,51.6,SUPPRESS,Weather slightly suppresses power
12,Nick Loftin,Kansas City Royals,Chicago White Sox,Kansas City Royals @ Chicago White Sox,Noah Schultz,940,42.3,PASS,55.2,8.1,170,broken clouds,Rate Field,OPEN_AIR_OR_UNKNOWN,8.4,44,50,55.5,55,1,51.6,SUPPRESS,Weather slightly suppresses power
13,Chase Meidroth,Chicago White Sox,Kansas City Royals,Kansas City Royals @ Chicago White Sox,Seth Lugo,1200,33.6,PASS,55.2,8.1,170,broken clouds,Rate Field,OPEN_AIR_OR_UNKNOWN,8.4,44,50,55.5,55,1,51.6,SUPPRESS,Weather slightly suppresses power
14,Shea Langeliers,Athletics,St. Louis Cardinals,St. Louis Cardinals @ Athletics,Matthew Liberatore,240,80.7,STRONG PLAY,0,0,0,,,OPEN_AIR_OR_UNKNOWN,9.8,50,50,50,57,0,51.3,SUPPRESS,Weather slightly suppresses power
15,Luke Raley,Seattle Mariners,Houston Astros,Seattle Mariners @ Houston Astros,Lance McCullers Jr.,474,80.6,STRONG PLAY,0,0,0,,,OPEN_AIR_OR_UNKNOWN,9.3,50,50,50,57,0,51.3,SUPPRESS,Weather slightly suppresses power
16,Nick Kurtz,Athletics,St. Louis Cardinals,St. Louis Cardinals @ Athletics,Matthew Liberatore,333,79.8,STRONG PLAY,0,0,0,,,OPEN_AIR_OR_UNKNOWN,9.8,50,50,50,57,0,51.3,SUPPRESS,Weather slightly suppresses power
17,Brent Rooker,Athletics,St. Louis Cardinals,St. Louis Cardinals @ Athletics,Matthew Liberatore,310,74.8,PLAYABLE,0,0,0,,,OPEN_AIR_OR_UNKNOWN,9.8,50,50,50,57,0,51.3,SUPPRESS,Weather slightly suppresses power
18,Dominic Canzone,Seattle Mariners,Houston Astros,Seattle Mariners @ Houston Astros,Lance McCullers Jr.,529,72.2,VALUE BOMB,0,0,0,,,OPEN_AIR_OR_UNKNOWN,9.3,50,50,50,57,0,51.3,SUPPRESS,Weather slightly suppresses power
19,Tyler Soderstrom,Athletics,St. Louis Cardinals,St. Louis Cardinals @ Athletics,Matthew Liberatore,475,70.9,VALUE BOMB,0,0,0,,,OPEN_AIR_OR_UNKNOWN,9.8,50,50,50,57,0,51.3,SUPPRESS,Weather slightly suppresses power
20,Jordan Walker,St. Louis Cardinals,Athletics,St. Louis Cardinals @ Athletics,J.T. Ginn,650,68.2,LOTTO ONLY,0,0,0,,,OPEN_AIR_OR_UNKNOWN,9.8,50,50,50,57,0,51.3,SUPPRESS,Weather slightly suppresses power
21,Cal Raleigh,Seattle Mariners,Houston Astros,Seattle Mariners @ Houston Astros,Lance McCullers Jr.,310,65.5,WATCH,0,0,0,,,OPEN_AIR_OR_UNKNOWN,9.3,50,50,50,57,0,51.3,SUPPRESS,Weather slightly suppresses power
22,Julio Rodríguez,Seattle Mariners,Houston Astros,Seattle Mariners @ Houston Astros,Lance McCullers Jr.,470,63.7,WATCH,0,0,0,,,OPEN_AIR_OR_UNKNOWN,9.3,50,50,50,57,0,51.3,SUPPRESS,Weather slightly suppresses power
23,Zack Gelof,Athletics,St. Louis Cardinals,St. Louis Cardinals @ Athletics,Matthew Liberatore,450,61.6,WATCH,0,0,0,,,OPEN_AIR_OR_UNKNOWN,9.8,50,50,50,57,0,51.3,SUPPRESS,Weather slightly suppresses power
24,Josh Naylor,Seattle Mariners,Houston Astros,Seattle Mariners @ Houston Astros,Lance McCullers Jr.,567,61.1,WATCH,0,0,0,,,OPEN_AIR_OR_UNKNOWN,9.3,50,50,50,57,0,51.3,SUPPRESS,Weather slightly suppresses power
25,Colby Thomas,Athletics,St. Louis Cardinals,St. Louis Cardinals @ Athletics,Matthew Liberatore,430,60,WATCH,0,0,0,,,OPEN_AIR_OR_UNKNOWN,9.8,50,50,50,57,0,51.3,SUPPRESS,Weather slightly suppresses power
26,Randy Arozarena,Seattle Mariners,Houston Astros,Seattle Mariners @ Houston Astros,Lance McCullers Jr.,591,59.4,WATCH,0,0,0,,,OPEN_AIR_OR_UNKNOWN,9.3,50,50,50,57,0,51.3,SUPPRESS,Weather slightly suppresses power
27,Brendan Donovan,Seattle Mariners,Houston Astros,Seattle Mariners @ Houston Astros,Lance McCullers Jr.,589,57.6,PASS,0,0,0,,,OPEN_AIR_OR_UNKNOWN,9.3,50,50,50,57,0,51.3,SUPPRESS,Weather slightly suppresses power
28,Alec Burleson,St. Louis Cardinals,Athletics,St. Louis Cardinals @ Athletics,J.T. Ginn,575,55.1,PASS,0,0,0,,,OPEN_AIR_OR_UNKNOWN,9.8,50,50,50,57,0,51.3,SUPPRESS,Weather slightly suppresses power
29,Nolan Gorman,St. Louis Cardinals,Athletics,St. Louis Cardinals @ Athletics,J.T. Ginn,650,54.7,PASS,0,0,0,,,OPEN_AIR_OR_UNKNOWN,9.8,50,50,50,57,0,51.3,SUPPRESS,Weather slightly suppresses power
30,Yordan Alvarez,Houston Astros,Seattle Mariners,Seattle Mariners @ Houston Astros,Bryce Miller,285,54.1,PASS,0,0,0,,,OPEN_AIR_OR_UNKNOWN,9.3,50,50,50,57,0,51.3,SUPPRESS,Weather slightly suppresses power
31,Zach Cole,Houston Astros,Seattle Mariners,Seattle Mariners @ Houston Astros,Bryce Miller,420,52.2,PASS,0,0,0,,,OPEN_AIR_OR_UNKNOWN,9.3,50,50,50,57,0,51.3,SUPPRESS,Weather slightly suppresses power
32,Ivan Herrera,St. Louis Cardinals,Athletics,St. Louis Cardinals @ Athletics,J.T. Ginn,670,52.1,PASS,0,0,0,,,OPEN_AIR_OR_UNKNOWN,9.8,50,50,50,57,0,51.3,SUPPRESS,Weather slightly suppresses power
33,Jeff McNeil,Athletics,St. Louis Cardinals,St. Louis Cardinals @ Athletics,Matthew Liberatore,1200,50.6,PASS,0,0,0,,,OPEN_AIR_OR_UNKNOWN,9.8,50,50,50,57,0,51.3,SUPPRESS,Weather slightly suppresses power
34,Cole Young,Seattle Mariners,Houston Astros,Seattle Mariners @ Houston Astros,Lance McCullers Jr.,1000,49.5,PASS,0,0,0,,,OPEN_AIR_OR_UNKNOWN,9.3,50,50,50,57,0,51.3,SUPPRESS,Weather slightly suppresses power
35,Christian Walker,Houston Astros,Seattle Mariners,Seattle Mariners @ Houston Astros,Bryce Miller,350,49,PASS,0,0,0,,,OPEN_AIR_OR_UNKNOWN,9.3,50,50,50,57,0,51.3,SUPPRESS,Weather slightly suppresses power
36,J.P. Crawford,Seattle Mariners,Houston Astros,Seattle Mariners @ Houston Astros,Lance McCullers Jr.,1060,47.5,PASS,0,0,0,,,OPEN_AIR_OR_UNKNOWN,9.3,50,50,50,57,0,51.3,SUPPRESS,Weather slightly suppresses power
37,Pedro Pagés,St. Louis Cardinals,Athletics,St. Louis Cardinals @ Athletics,J.T. Ginn,760,46.7,PASS,0,0,0,,,OPEN_AIR_OR_UNKNOWN,9.8,50,50,50,57,0,51.3,SUPPRESS,Weather slightly suppresses power
38,Brice Matthews,Houston Astros,Seattle Mariners,Seattle Mariners @ Houston Astros,Bryce Miller,520,42.8,PASS,0,0,0,,,OPEN_AIR_OR_UNKNOWN,9.3,50,50,50,57,0,51.3,SUPPRESS,Weather slightly suppresses power
39,Nathan Church,St. Louis Cardinals,Athletics,St. Louis Cardinals @ Athletics,J.T. Ginn,1000,42.5,PASS,0,0,0,,,OPEN_AIR_OR_UNKNOWN,9.8,50,50,50,57,0,51.3,SUPPRESS,Weather slightly suppresses power
40,Darell Hernaiz,Athletics,St. Louis Cardinals,St. Louis Cardinals @ Athletics,Matthew Liberatore,1000,42.2,PASS,0,0,0,,,OPEN_AIR_OR_UNKNOWN,9.8,50,50,50,57,0,51.3,SUPPRESS,Weather slightly suppresses power
41,Cesar Prieto,St. Louis Cardinals,Athletics,St. Louis Cardinals @ Athletics,J.T. Ginn,920,41,PASS,0,0,0,,,OPEN_AIR_OR_UNKNOWN,9.8,50,50,50,57,0,51.3,SUPPRESS,Weather slightly suppresses power
42,Jose Altuve,Houston Astros,Seattle Mariners,Seattle Mariners @ Houston Astros,Bryce Miller,537,40.1,PASS,0,0,0,,,OPEN_AIR_OR_UNKNOWN,9.3,50,50,50,57,0,51.3,SUPPRESS,Weather slightly suppresses power
43,César Salazar,Houston Astros,Seattle Mariners,Seattle Mariners @ Houston Astros,Bryce Miller,750,38.6,PASS,0,0,0,,,OPEN_AIR_OR_UNKNOWN,9.3,50,50,50,57,0,51.3,SUPPRESS,Weather slightly suppresses power
44,Isaac Paredes,Houston Astros,Seattle Mariners,Seattle Mariners @ Houston Astros,Bryce Miller,541,37.4,PASS,0,0,0,,,OPEN_AIR_OR_UNKNOWN,9.3,50,50,50,57,0,51.3,SUPPRESS,Weather slightly suppresses power
45,Cam Smith,Houston Astros,Seattle Mariners,Seattle Mariners @ Houston Astros,Bryce Miller,910,36.3,PASS,0,0,0,,,OPEN_AIR_OR_UNKNOWN,9.3,50,50,50,57,0,51.3,SUPPRESS,Weather slightly suppresses power
46,Masyn Winn,St. Louis Cardinals,Athletics,St. Louis Cardinals @ Athletics,J.T. Ginn,1450,31.9,PASS,0,0,0,,,OPEN_AIR_OR_UNKNOWN,9.8,50,50,50,57,0,51.3,SUPPRESS,Weather slightly suppresses power
47,Victor Scott II,St. Louis Cardinals,Athletics,St. Louis Cardinals @ Athletics,J.T. Ginn,2200,30.8,PASS,0,0,0,,,OPEN_AIR_OR_UNKNOWN,9.8,50,50,50,57,0,51.3,SUPPRESS,Weather slightly suppresses power
48,James Wood,Washington Nationals,Cincinnati Reds,Washington Nationals @ Cincinnati Reds,Nick Lodolo,362,89,SLIP LAB ELITE,0,0,0,,,OPEN_AIR_OR_UNKNOWN,8.3,50,50,50,53,0,50.5,SUPPRESS,Weather slightly suppresses power
49,JJ Bleday,Cincinnati Reds,Washington Nationals,Washington Nationals @ Cincinnati Reds,Jake Irvin,390,78.9,STRONG PLAY,0,0,0,,,OPEN_AIR_OR_UNKNOWN,8.3,50,50,50,53,0,50.5,SUPPRESS,Weather slightly suppresses power
50,Oneil Cruz,Pittsburgh Pirates,Colorado Rockies,Colorado Rockies @ Pittsburgh Pirates,Jose Quintana,400,76.1,STRONG PLAY,0,0,0,,,OPEN_AIR_OR_UNKNOWN,8,50,50,50,53,0,50.5,SUPPRESS,Weather slightly suppresses power
51,Sal Stewart,Cincinnati Reds,Washington Nationals,Washington Nationals @ Cincinnati Reds,Jake Irvin,369,74.9,PLAYABLE,0,0,0,,,OPEN_AIR_OR_UNKNOWN,8.3,50,50,50,53,0,50.5,SUPPRESS,Weather slightly suppresses power
52,Elly De La Cruz,Cincinnati Reds,Washington Nationals,Washington Nationals @ Cincinnati Reds,Jake Irvin,310,74.7,PLAYABLE,0,0,0,,,OPEN_AIR_OR_UNKNOWN,8.3,50,50,50,53,0,50.5,SUPPRESS,Weather slightly suppresses power
53,CJ Abrams,Washington Nationals,Cincinnati Reds,Washington Nationals @ Cincinnati Reds,Nick Lodolo,543,73.8,VALUE BOMB,0,0,0,,,OPEN_AIR_OR_UNKNOWN,8.3,50,50,50,53,0,50.5,SUPPRESS,Weather slightly suppresses power
54,Kyle Stowers,Miami Marlins,Minnesota Twins,Miami Marlins @ Minnesota Twins,Simeon Woods Richardson,400,73.4,PLAYABLE,0,0,0,,,OPEN_AIR_OR_UNKNOWN,8.5,50,50,50,53,0,50.5,SUPPRESS,Weather slightly suppresses power
55,Spencer Steer,Cincinnati Reds,Washington Nationals,Washington Nationals @ Cincinnati Reds,Jake Irvin,470,69.9,WATCH,0,0,0,,,OPEN_AIR_OR_UNKNOWN,8.3,50,50,50,53,0,50.5,SUPPRESS,Weather slightly suppresses power
56,Joey Wiemer,Washington Nationals,Cincinnati Reds,Washington Nationals @ Cincinnati Reds,Nick Lodolo,610,69.3,WATCH,0,0,0,,,OPEN_AIR_OR_UNKNOWN,8.3,50,50,50,53,0,50.5,SUPPRESS,Weather slightly suppresses power
57,Otto Lopez,Miami Marlins,Minnesota Twins,Miami Marlins @ Minnesota Twins,Simeon Woods Richardson,850,65.3,LOTTO ONLY,0,0,0,,,OPEN_AIR_OR_UNKNOWN,8.5,50,50,50,53,0,50.5,SUPPRESS,Weather slightly suppresses power
58,Will Benson,Cincinnati Reds,Washington Nationals,Washington Nationals @ Cincinnati Reds,Jake Irvin,323,64.5,WATCH,0,0,0,,,OPEN_AIR_OR_UNKNOWN,8.3,50,50,50,53,0,50.5,SUPPRESS,Weather slightly suppresses power
59,Christopher Morel,Miami Marlins,Minnesota Twins,Miami Marlins @ Minnesota Twins,Simeon Woods Richardson,520,64.2,WATCH,0,0,0,,,OPEN_AIR_OR_UNKNOWN,8.5,50,50,50,53,0,50.5,SUPPRESS,Weather slightly suppresses power
60,Brady House,Washington Nationals,Cincinnati Reds,Washington Nationals @ Cincinnati Reds,Nick Lodolo,680,63.3,LOTTO ONLY,0,0,0,,,OPEN_AIR_OR_UNKNOWN,8.3,50,50,50,53,0,50.5,SUPPRESS,Weather slightly suppresses power
61,Tyler Stephenson,Cincinnati Reds,Washington Nationals,Washington Nationals @ Cincinnati Reds,Jake Irvin,540,62.7,WATCH,0,0,0,,,OPEN_AIR_OR_UNKNOWN,8.3,50,50,50,53,0,50.5,SUPPRESS,Weather slightly suppresses power
62,Connor Norby,Miami Marlins,Minnesota Twins,Miami Marlins @ Minnesota Twins,Simeon Woods Richardson,650,62.1,LOTTO ONLY,0,0,0,,,OPEN_AIR_OR_UNKNOWN,8.5,50,50,50,53,0,50.5,SUPPRESS,Weather slightly suppresses power
63,Brandon Lowe,Pittsburgh Pirates,Colorado Rockies,Colorado Rockies @ Pittsburgh Pirates,Jose Quintana,543,61.6,WATCH,0,0,0,,,OPEN_AIR_OR_UNKNOWN,8,50,50,50,53,0,50.5,SUPPRESS,Weather slightly suppresses power
64,Heriberto Hernández,Miami Marlins,Minnesota Twins,Miami Marlins @ Minnesota Twins,Simeon Woods Richardson,598,61.5,WATCH,0,0,0,,,OPEN_AIR_OR_UNKNOWN,8.5,50,50,50,53,0,50.5,SUPPRESS,Weather slightly suppresses power
65,Owen Caissie,Miami Marlins,Minnesota Twins,Miami Marlins @ Minnesota Twins,Simeon Woods Richardson,850,60.9,WATCH,0,0,0,,,OPEN_AIR_OR_UNKNOWN,8.5,50,50,50,53,0,50.5,SUPPRESS,Weather slightly suppresses power
66,Byron Buxton,Minnesota Twins,Miami Marlins,Miami Marlins @ Minnesota Twins,Max Meyer,330,58.5,WATCH,0,0,0,,,OPEN_AIR_OR_UNKNOWN,8.5,50,50,50,53,0,50.5,SUPPRESS,Weather slightly suppresses power
67,Hunter Goodman,Colorado Rockies,Pittsburgh Pirates,Colorado Rockies @ Pittsburgh Pirates,Mitch Keller,407,57.1,PASS,0,0,0,,,OPEN_AIR_OR_UNKNOWN,8,50,50,50,53,0,50.5,SUPPRESS,Weather slightly suppresses power
68,Daylen Lile,Washington Nationals,Cincinnati Reds,Washington Nationals @ Cincinnati Reds,Nick Lodolo,820,56.8,PASS,0,0,0,,,OPEN_AIR_OR_UNKNOWN,8.3,50,50,50,53,0,50.5,SUPPRESS,Weather slightly suppresses power
69,Mickey Moniak,Colorado Rockies,Pittsburgh Pirates,Colorado Rockies @ Pittsburgh Pirates,Mitch Keller,404,55,PASS,0,0,0,,,OPEN_AIR_OR_UNKNOWN,8,50,50,50,53,0,50.5,SUPPRESS,Weather slightly suppresses power
70,Jackson Chourio,Milwaukee Brewers,San Diego Padres,San Diego Padres @ Milwaukee Brewers,Michael King,725,54.1,PASS,0,0,0,,,OPEN_AIR_OR_UNKNOWN,8,50,50,50,53,0,50.5,SUPPRESS,Weather slightly suppresses power
71,Fernando Tatis Jr.,San Diego Padres,Milwaukee Brewers,San Diego Padres @ Milwaukee Brewers,Jacob Misiorowski,502,53.4,PASS,0,0,0,,,OPEN_AIR_OR_UNKNOWN,8,50,50,50,53,0,50.5,SUPPRESS,Weather slightly suppresses power
72,Ryan Jeffers,Minnesota Twins,Miami Marlins,Miami Marlins @ Minnesota Twins,Max Meyer,600,53.2,PASS,0,0,0,,,OPEN_AIR_OR_UNKNOWN,8.5,50,50,50,53,0,50.5,SUPPRESS,Weather slightly suppresses power
73,Keibert Ruiz,Washington Nationals,Cincinnati Reds,Washington Nationals @ Cincinnati Reds,Nick Lodolo,880,52.3,PASS,0,0,0,,,OPEN_AIR_OR_UNKNOWN,8.3,50,50,50,53,0,50.5,SUPPRESS,Weather slightly suppresses power
74,Marcell Ozuna,Pittsburgh Pirates,Colorado Rockies,Colorado Rockies @ Pittsburgh Pirates,Jose Quintana,650,52.3,PASS,0,0,0,,,OPEN_AIR_OR_UNKNOWN,8,50,50,50,53,0,50.5,SUPPRESS,Weather slightly suppresses power
75,Kody Clemens,Minnesota Twins,Miami Marlins,Miami Marlins @ Minnesota Twins,Max Meyer,625,51.9,PASS,0,0,0,,,OPEN_AIR_OR_UNKNOWN,8.5,50,50,50,53,0,50.5,SUPPRESS,Weather slightly suppresses power
76,Ramón Laureano,San Diego Padres,Milwaukee Brewers,San Diego Padres @ Milwaukee Brewers,Jacob Misiorowski,575,51.8,PASS,0,0,0,,,OPEN_AIR_OR_UNKNOWN,8,50,50,50,53,0,50.5,SUPPRESS,Weather slightly suppresses power
77,Brice Turang,Milwaukee Brewers,San Diego Padres,San Diego Padres @ Milwaukee Brewers,Michael King,680,51,PASS,0,0,0,,,OPEN_AIR_OR_UNKNOWN,8,50,50,50,53,0,50.5,SUPPRESS,Weather slightly suppresses power
78,Jackson Merrill,San Diego Padres,Milwaukee Brewers,San Diego Padres @ Milwaukee Brewers,Jacob Misiorowski,568,50.9,PASS,0,0,0,,,OPEN_AIR_OR_UNKNOWN,8,50,50,50,53,0,50.5,SUPPRESS,Weather slightly suppresses power
79,Liam Hicks,Miami Marlins,Minnesota Twins,Miami Marlins @ Minnesota Twins,Simeon Woods Richardson,900,50.5,PASS,0,0,0,,,OPEN_AIR_OR_UNKNOWN,8.5,50,50,50,53,0,50.5,SUPPRESS,Weather slightly suppresses power
80,Xavier Edwards,Miami Marlins,Minnesota Twins,Miami Marlins @ Minnesota Twins,Simeon Woods Richardson,950,50.4,PASS,0,0,0,,,OPEN_AIR_OR_UNKNOWN,8.5,50,50,50,53,0,50.5,SUPPRESS,Weather slightly suppresses power
81,Jake Bauers,Milwaukee Brewers,San Diego Padres,San Diego Padres @ Milwaukee Brewers,Michael King,800,50.3,PASS,0,0,0,,,OPEN_AIR_OR_UNKNOWN,8,50,50,50,53,0,50.5,SUPPRESS,Weather slightly suppresses power
82,Gavin Sheets,San Diego Padres,Milwaukee Brewers,San Diego Padres @ Milwaukee Brewers,Jacob Misiorowski,590,50.1,PASS,0,0,0,,,OPEN_AIR_OR_UNKNOWN,8,50,50,50,53,0,50.5,SUPPRESS,Weather slightly suppresses power
83,Bryan Reynolds,Pittsburgh Pirates,Colorado Rockies,Colorado Rockies @ Pittsburgh Pirates,Jose Quintana,800,49.9,PASS,0,0,0,,,OPEN_AIR_OR_UNKNOWN,8,50,50,50,53,0,50.5,SUPPRESS,Weather slightly suppresses power
84,Royce Lewis,Minnesota Twins,Miami Marlins,Miami Marlins @ Minnesota Twins,Max Meyer,650,49.8,PASS,0,0,0,,,OPEN_AIR_OR_UNKNOWN,8.5,50,50,50,53,0,50.5,SUPPRESS,Weather slightly suppresses power
85,Jakob Marsee,Miami Marlins,Minnesota Twins,Miami Marlins @ Minnesota Twins,Simeon Woods Richardson,900,49.8,PASS,0,0,0,,,OPEN_AIR_OR_UNKNOWN,8.5,50,50,50,53,0,50.5,SUPPRESS,Weather slightly suppresses power
86,Henry Davis,Pittsburgh Pirates,Colorado Rockies,Colorado Rockies @ Pittsburgh Pirates,Jose Quintana,760,49,PASS,0,0,0,,,OPEN_AIR_OR_UNKNOWN,8,50,50,50,53,0,50.5,SUPPRESS,Weather slightly suppresses power
87,Ryan O'Hearn,Pittsburgh Pirates,Colorado Rockies,Colorado Rockies @ Pittsburgh Pirates,Jose Quintana,770,48.7,PASS,0,0,0,,,OPEN_AIR_OR_UNKNOWN,8,50,50,50,53,0,50.5,SUPPRESS,Weather slightly suppresses power
88,Matt McLain,Cincinnati Reds,Washington Nationals,Washington Nationals @ Cincinnati Reds,Jake Irvin,760,48.2,PASS,0,0,0,,,OPEN_AIR_OR_UNKNOWN,8.3,50,50,50,53,0,50.5,SUPPRESS,Weather slightly suppresses power
89,Joe Mack,Miami Marlins,Minnesota Twins,Miami Marlins @ Minnesota Twins,Simeon Woods Richardson,900,48.2,PASS,0,0,0,,,OPEN_AIR_OR_UNKNOWN,8.5,50,50,50,53,0,50.5,SUPPRESS,Weather slightly suppresses power
90,Manny Machado,San Diego Padres,Milwaukee Brewers,San Diego Padres @ Milwaukee Brewers,Jacob Misiorowski,556,46.8,PASS,0,0,0,,,OPEN_AIR_OR_UNKNOWN,8,50,50,50,53,0,50.5,SUPPRESS,Weather slightly suppresses power
91,Josh Bell,Minnesota Twins,Miami Marlins,Miami Marlins @ Minnesota Twins,Max Meyer,700,46.7,PASS,0,0,0,,,OPEN_AIR_OR_UNKNOWN,8.5,50,50,50,53,0,50.5,SUPPRESS,Weather slightly suppresses power
92,TJ Friedl,Cincinnati Reds,Washington Nationals,Washington Nationals @ Cincinnati Reds,Jake Irvin,880,45.4,PASS,0,0,0,,,OPEN_AIR_OR_UNKNOWN,8.3,50,50,50,53,0,50.5,SUPPRESS,Weather slightly suppresses power
93,Edouard Julien,Colorado Rockies,Pittsburgh Pirates,Colorado Rockies @ Pittsburgh Pirates,Mitch Keller,830,44.7,PASS,0,0,0,,,OPEN_AIR_OR_UNKNOWN,8,50,50,50,53,0,50.5,SUPPRESS,Weather slightly suppresses power
94,Xander Bogaerts,San Diego Padres,Milwaukee Brewers,San Diego Padres @ Milwaukee Brewers,Jacob Misiorowski,720,44.5,PASS,0,0,0,,,OPEN_AIR_OR_UNKNOWN,8,50,50,50,53,0,50.5,SUPPRESS,Weather slightly suppresses power
95,Ke'Bryan Hayes,Cincinnati Reds,Washington Nationals,Washington Nationals @ Cincinnati Reds,Jake Irvin,1020,43.2,PASS,0,0,0,,,OPEN_AIR_OR_UNKNOWN,8.3,50,50,50,53,0,50.5,SUPPRESS,Weather slightly suppresses power
96,Garrett Mitchell,Milwaukee Brewers,San Diego Padres,San Diego Padres @ Milwaukee Brewers,Michael King,1000,42.1,PASS,0,0,0,,,OPEN_AIR_OR_UNKNOWN,8,50,50,50,53,0,50.5,SUPPRESS,Weather slightly suppresses power
97,Trevor Larnach,Minnesota Twins,Miami Marlins,Miami Marlins @ Minnesota Twins,Max Meyer,725,41.9,PASS,0,0,0,,,OPEN_AIR_OR_UNKNOWN,8.5,50,50,50,53,0,50.5,SUPPRESS,Weather slightly suppresses power
98,Nasim Nuñez,Washington Nationals,Cincinnati Reds,Washington Nationals @ Cincinnati Reds,Nick Lodolo,1200,41.6,PASS,0,0,0,,,OPEN_AIR_OR_UNKNOWN,8.3,50,50,50,53,0,50.5,SUPPRESS,Weather slightly suppresses power
99,Nick Yorke,Pittsburgh Pirates,Colorado Rockies,Colorado Rockies @ Pittsburgh Pirates,Jose Quintana,920,41.5,PASS,0,0,0,,,OPEN_AIR_OR_UNKNOWN,8,50,50,50,53,0,50.5,SUPPRESS,Weather slightly suppresses power
100,Miguel Andujar,San Diego Padres,Milwaukee Brewers,San Diego Padres @ Milwaukee Brewers,Jacob Misiorowski,880,41.3,PASS,0,0,0,,,OPEN_AIR_OR_UNKNOWN,8,50,50,50,53,0,50.5,SUPPRESS,Weather slightly suppresses power
101,Sung-Mun Song,San Diego Padres,Milwaukee Brewers,San Diego Padres @ Milwaukee Brewers,Jacob Misiorowski,1000,40.9,PASS,0,0,0,,,OPEN_AIR_OR_UNKNOWN,8,50,50,50,53,0,50.5,SUPPRESS,Weather slightly suppresses power
102,Jacob Young,Washington Nationals,Cincinnati Reds,Washington Nationals @ Cincinnati Reds,Nick Lodolo,1600,39.9,PASS,0,0,0,,,OPEN_AIR_OR_UNKNOWN,8.3,50,50,50,53,0,50.5,SUPPRESS,Weather slightly suppresses power
103,Billy Cook,Pittsburgh Pirates,Colorado Rockies,Colorado Rockies @ Pittsburgh Pirates,Jose Quintana,900,39.5,PASS,0,0,0,,,OPEN_AIR_OR_UNKNOWN,8,50,50,50,53,0,50.5,SUPPRESS,Weather slightly suppresses power
104,Nick Gonzales,Pittsburgh Pirates,Colorado Rockies,Colorado Rockies @ Pittsburgh Pirates,Jose Quintana,1080,39.2,PASS,0,0,0,,,OPEN_AIR_OR_UNKNOWN,8,50,50,50,53,0,50.5,SUPPRESS,Weather slightly suppresses power
105,Christian Yelich,Milwaukee Brewers,San Diego Padres,San Diego Padres @ Milwaukee Brewers,Michael King,790,39.1,PASS,0,0,0,,,OPEN_AIR_OR_UNKNOWN,8,50,50,50,53,0,50.5,SUPPRESS,Weather slightly suppresses power
106,Brooks Lee,Minnesota Twins,Miami Marlins,Miami Marlins @ Minnesota Twins,Max Meyer,880,38.8,PASS,0,0,0,,,OPEN_AIR_OR_UNKNOWN,8.5,50,50,50,53,0,50.5,SUPPRESS,Weather slightly suppresses power
107,William Contreras,Milwaukee Brewers,San Diego Padres,San Diego Padres @ Milwaukee Brewers,Michael King,900,38.6,PASS,0,0,0,,,OPEN_AIR_OR_UNKNOWN,8,50,50,50,53,0,50.5,SUPPRESS,Weather slightly suppresses power
108,Willi Castro,Colorado Rockies,Pittsburgh Pirates,Colorado Rockies @ Pittsburgh Pirates,Mitch Keller,900,38.1,PASS,0,0,0,,,OPEN_AIR_OR_UNKNOWN,8,50,50,50,53,0,50.5,SUPPRESS,Weather slightly suppresses power
109,Jared Triolo,Pittsburgh Pirates,Colorado Rockies,Colorado Rockies @ Pittsburgh Pirates,Jose Quintana,1200,37.1,PASS,0,0,0,,,OPEN_AIR_OR_UNKNOWN,8,50,50,50,53,0,50.5,SUPPRESS,Weather slightly suppresses power
110,Andrew Vaughn,Milwaukee Brewers,San Diego Padres,San Diego Padres @ Milwaukee Brewers,Michael King,900,36.9,PASS,0,0,0,,,OPEN_AIR_OR_UNKNOWN,8,50,50,50,53,0,50.5,SUPPRESS,Weather slightly suppresses power
111,Troy Johnston,Colorado Rockies,Pittsburgh Pirates,Colorado Rockies @ Pittsburgh Pirates,Mitch Keller,900,36.4,PASS,0,0,0,,,OPEN_AIR_OR_UNKNOWN,8,50,50,50,53,0,50.5,SUPPRESS,Weather slightly suppresses power
112,Ezequiel Tovar,Colorado Rockies,Pittsburgh Pirates,Colorado Rockies @ Pittsburgh Pirates,Mitch Keller,980,33.6,PASS,0,0,0,,,OPEN_AIR_OR_UNKNOWN,8,50,50,50,53,0,50.5,SUPPRESS,Weather slightly suppresses power
113,Jake McCarthy,Colorado Rockies,Pittsburgh Pirates,Colorado Rockies @ Pittsburgh Pirates,Mitch Keller,1200,32.9,PASS,0,0,0,,,OPEN_AIR_OR_UNKNOWN,8,50,50,50,53,0,50.5,SUPPRESS,Weather slightly suppresses power
114,Kyle Karros,Colorado Rockies,Pittsburgh Pirates,Colorado Rockies @ Pittsburgh Pirates,Mitch Keller,1240,32.4,PASS,0,0,0,,,OPEN_AIR_OR_UNKNOWN,8,50,50,50,53,0,50.5,SUPPRESS,Weather slightly suppresses power
115,Freddy Fermin,San Diego Padres,Milwaukee Brewers,San Diego Padres @ Milwaukee Brewers,Jacob Misiorowski,1050,32.1,PASS,0,0,0,,,OPEN_AIR_OR_UNKNOWN,8,50,50,50,53,0,50.5,SUPPRESS,Weather slightly suppresses power
116,Luis Rengifo,Milwaukee Brewers,San Diego Padres,San Diego Padres @ Milwaukee Brewers,Michael King,1500,32.1,PASS,0,0,0,,,OPEN_AIR_OR_UNKNOWN,8,50,50,50,53,0,50.5,SUPPRESS,Weather slightly suppresses power
117,Tyler Freeman,Colorado Rockies,Pittsburgh Pirates,Colorado Rockies @ Pittsburgh Pirates,Mitch Keller,1560,30.3,PASS,0,0,0,,,OPEN_AIR_OR_UNKNOWN,8,50,50,50,53,0,50.5,SUPPRESS,Weather slightly suppresses power
118,David Hamilton,Milwaukee Brewers,San Diego Padres,San Diego Padres @ Milwaukee Brewers,Michael King,1600,29.8,PASS,0,0,0,,,OPEN_AIR_OR_UNKNOWN,8,50,50,50,53,0,50.5,SUPPRESS,Weather slightly suppresses power
119,Austin Martin,Minnesota Twins,Miami Marlins,Miami Marlins @ Minnesota Twins,Max Meyer,1800,28.9,PASS,0,0,0,,,OPEN_AIR_OR_UNKNOWN,8.5,50,50,50,53,0,50.5,SUPPRESS,Weather slightly suppresses power
120,Luke Keaschall,Minnesota Twins,Miami Marlins,Miami Marlins @ Minnesota Twins,Max Meyer,1360,28.7,PASS,0,0,0,,,OPEN_AIR_OR_UNKNOWN,8.5,50,50,50,53,0,50.5,SUPPRESS,Weather slightly suppresses power
121,Sal Frelick,Milwaukee Brewers,San Diego Padres,San Diego Padres @ Milwaukee Brewers,Michael King,2000,28.6,PASS,0,0,0,,,OPEN_AIR_OR_UNKNOWN,8,50,50,50,53,0,50.5,SUPPRESS,Weather slightly suppresses power
122,Willson Contreras,Boston Red Sox,Philadelphia Phillies,Philadelphia Phillies @ Boston Red Sox,Andrew Painter,490,80.2,STRONG PLAY,0,0,0,,,OPEN_AIR_OR_UNKNOWN,7.8,50,50,50,50,0,50,SUPPRESS,Weather slightly suppresses power
123,Corey Seager,Texas Rangers,Arizona Diamondbacks,Arizona Diamondbacks @ Texas Rangers,Ryne Nelson,441,75.7,PLAYABLE,71.2,17.3,180,clear sky,Globe Life Field,DOME_OR_RETRACTABLE,8,54,56,52.8,55,0,50,SUPPRESS,Weather slightly suppresses power
124,Wilyer Abreu,Boston Red Sox,Philadelphia Phillies,Philadelphia Phillies @ Boston Red Sox,Andrew Painter,490,75.6,VALUE BOMB,0,0,0,,,OPEN_AIR_OR_UNKNOWN,7.8,50,50,50,50,0,50,SUPPRESS,Weather slightly suppresses power
125,Kyle Schwarber,Philadelphia Phillies,Boston Red Sox,Philadelphia Phillies @ Boston Red Sox,Sonny Gray,250,74.7,PLAYABLE,0,0,0,,,OPEN_AIR_OR_UNKNOWN,7.8,50,50,50,50,0,50,SUPPRESS,Weather slightly suppresses power
126,Juan Soto,New York Mets,Detroit Tigers,Detroit Tigers @ New York Mets,Framber Valdez,470,74.3,VALUE BOMB,0,0,0,,,OPEN_AIR_OR_UNKNOWN,7.5,50,50,50,50,0,50,SUPPRESS,Weather slightly suppresses power
127,Corbin Carroll,Arizona Diamondbacks,Texas Rangers,Arizona Diamondbacks @ Texas Rangers,Kumar Rocker,451,65.3,WATCH,71.2,17.3,180,clear sky,Globe Life Field,DOME_OR_RETRACTABLE,8,54,56,52.8,55,0,50,SUPPRESS,Weather slightly suppresses power
128,Jake Burger,Texas Rangers,Arizona Diamondbacks,Arizona Diamondbacks @ Texas Rangers,Ryne Nelson,470,64.4,WATCH,71.2,17.3,180,clear sky,Globe Life Field,DOME_OR_RETRACTABLE,8,54,56,52.8,55,0,50,SUPPRESS,Weather slightly suppresses power
129,Brandon Nimmo,Texas Rangers,Arizona Diamondbacks,Arizona Diamondbacks @ Texas Rangers,Ryne Nelson,573,63.7,WATCH,71.2,17.3,180,clear sky,Globe Life Field,DOME_OR_RETRACTABLE,8,54,56,52.8,55,0,50,SUPPRESS,Weather slightly suppresses power
130,Ketel Marte,Arizona Diamondbacks,Texas Rangers,Arizona Diamondbacks @ Texas Rangers,Kumar Rocker,426,63.7,WATCH,71.2,17.3,180,clear sky,Globe Life Field,DOME_OR_RETRACTABLE,8,54,56,52.8,55,0,50,SUPPRESS,Weather slightly suppresses power
131,Mickey Gasper,Boston Red Sox,Philadelphia Phillies,Philadelphia Phillies @ Boston Red Sox,Andrew Painter,790,62.7,LOTTO ONLY,0,0,0,,,OPEN_AIR_OR_UNKNOWN,7.8,50,50,50,50,0,50,SUPPRESS,Weather slightly suppresses power
132,Bryce Harper,Philadelphia Phillies,Boston Red Sox,Philadelphia Phillies @ Boston Red Sox,Sonny Gray,490,62.6,WATCH,0,0,0,,,OPEN_AIR_OR_UNKNOWN,7.8,50,50,50,50,0,50,SUPPRESS,Weather slightly suppresses power
133,Riley Greene,Detroit Tigers,New York Mets,Detroit Tigers @ New York Mets,Christian Scott,423,62.4,WATCH,0,0,0,,,OPEN_AIR_OR_UNKNOWN,7.5,50,50,50,50,0,50,SUPPRESS,Weather slightly suppresses power
134,Joc Pederson,Texas Rangers,Arizona Diamondbacks,Arizona Diamondbacks @ Texas Rangers,Ryne Nelson,590,61.9,WATCH,71.2,17.3,180,clear sky,Globe Life Field,DOME_OR_RETRACTABLE,8,54,56,52.8,55,0,50,SUPPRESS,Weather slightly suppresses power
135,Mark Vientos,New York Mets,Detroit Tigers,Detroit Tigers @ New York Mets,Framber Valdez,570,61.5,WATCH,0,0,0,,,OPEN_AIR_OR_UNKNOWN,7.5,50,50,50,50,0,50,SUPPRESS,Weather slightly suppresses power
136,Spencer Torkelson,Detroit Tigers,New York Mets,Detroit Tigers @ New York Mets,Christian Scott,500,61.5,WATCH,0,0,0,,,OPEN_AIR_OR_UNKNOWN,7.5,50,50,50,50,0,50,SUPPRESS,Weather slightly suppresses power
137,Jarren Duran,Boston Red Sox,Philadelphia Phillies,Philadelphia Phillies @ Boston Red Sox,Andrew Painter,690,61.4,WATCH,0,0,0,,,OPEN_AIR_OR_UNKNOWN,7.8,50,50,50,50,0,50,SUPPRESS,Weather slightly suppresses power
138,Josh Jung,Texas Rangers,Arizona Diamondbacks,Arizona Diamondbacks @ Texas Rangers,Ryne Nelson,550,60.7,WATCH,71.2,17.3,180,clear sky,Globe Life Field,DOME_OR_RETRACTABLE,8,54,56,52.8,55,0,50,SUPPRESS,Weather slightly suppresses power
139,Dillon Dingler,Detroit Tigers,New York Mets,Detroit Tigers @ New York Mets,Christian Scott,525,59.7,WATCH,0,0,0,,,OPEN_AIR_OR_UNKNOWN,7.5,50,50,50,50,0,50,SUPPRESS,Weather slightly suppresses power
140,Marcelo Mayer,Boston Red Sox,Philadelphia Phillies,Philadelphia Phillies @ Boston Red Sox,Andrew Painter,820,58.4,WATCH,0,0,0,,,OPEN_AIR_OR_UNKNOWN,7.8,50,50,50,50,0,50,SUPPRESS,Weather slightly suppresses power
141,Evan Carter,Texas Rangers,Arizona Diamondbacks,Arizona Diamondbacks @ Texas Rangers,Ryne Nelson,770,57.9,PASS,71.2,17.3,180,clear sky,Globe Life Field,DOME_OR_RETRACTABLE,8,54,56,52.8,55,0,50,SUPPRESS,Weather slightly suppresses power
142,Carlos Narváez,Boston Red Sox,Philadelphia Phillies,Philadelphia Phillies @ Boston Red Sox,Andrew Painter,850,57.8,PASS,0,0,0,,,OPEN_AIR_OR_UNKNOWN,7.8,50,50,50,50,0,50,SUPPRESS,Weather slightly suppresses power
143,Adrian Del Castillo,Arizona Diamondbacks,Texas Rangers,Arizona Diamondbacks @ Texas Rangers,Kumar Rocker,780,56.5,PASS,71.2,17.3,180,clear sky,Globe Life Field,DOME_OR_RETRACTABLE,8,54,56,52.8,55,0,50,SUPPRESS,Weather slightly suppresses power
144,Adolis García,Philadelphia Phillies,Boston Red Sox,Philadelphia Phillies @ Boston Red Sox,Sonny Gray,561,52.3,PASS,0,0,0,,,OPEN_AIR_OR_UNKNOWN,7.8,50,50,50,50,0,50,SUPPRESS,Weather slightly suppresses power
145,Danny Jansen,Texas Rangers,Arizona Diamondbacks,Arizona Diamondbacks @ Texas Rangers,Ryne Nelson,620,52,PASS,71.2,17.3,180,clear sky,Globe Life Field,DOME_OR_RETRACTABLE,8,54,56,52.8,55,0,50,SUPPRESS,Weather slightly suppresses power
146,Trevor Story,Boston Red Sox,Philadelphia Phillies,Philadelphia Phillies @ Boston Red Sox,Andrew Painter,760,51.2,PASS,0,0,0,,,OPEN_AIR_OR_UNKNOWN,7.8,50,50,50,50,0,50,SUPPRESS,Weather slightly suppresses power
147,Caleb Durbin,Boston Red Sox,Philadelphia Phillies,Philadelphia Phillies @ Boston Red Sox,Andrew Painter,1220,50.8,PASS,0,0,0,,,OPEN_AIR_OR_UNKNOWN,7.8,50,50,50,50,0,50,SUPPRESS,Weather slightly suppresses power
148,Ceddanne Rafaela,Boston Red Sox,Philadelphia Phillies,Philadelphia Phillies @ Boston Red Sox,Andrew Painter,980,50.2,PASS,0,0,0,,,OPEN_AIR_OR_UNKNOWN,7.8,50,50,50,50,0,50,SUPPRESS,Weather slightly suppresses power
149,Gabriel Moreno,Arizona Diamondbacks,Texas Rangers,Arizona Diamondbacks @ Texas Rangers,Kumar Rocker,1000,49.8,PASS,71.2,17.3,180,clear sky,Globe Life Field,DOME_OR_RETRACTABLE,8,54,56,52.8,55,0,50,SUPPRESS,Weather slightly suppresses power
150,Masataka Yoshida,Boston Red Sox,Philadelphia Phillies,Philadelphia Phillies @ Boston Red Sox,Andrew Painter,1040,49.3,PASS,0,0,0,,,OPEN_AIR_OR_UNKNOWN,7.8,50,50,50,50,0,50,SUPPRESS,Weather slightly suppresses power
151,Nolan Arenado,Arizona Diamondbacks,Texas Rangers,Arizona Diamondbacks @ Texas Rangers,Kumar Rocker,840,48.8,PASS,71.2,17.3,180,clear sky,Globe Life Field,DOME_OR_RETRACTABLE,8,54,56,52.8,55,0,50,SUPPRESS,Weather slightly suppresses power
152,Marcus Semien,New York Mets,Detroit Tigers,Detroit Tigers @ New York Mets,Framber Valdez,790,48.7,PASS,0,0,0,,,OPEN_AIR_OR_UNKNOWN,7.5,50,50,50,50,0,50,SUPPRESS,Weather slightly suppresses power
153,Bo Bichette,New York Mets,Detroit Tigers,Detroit Tigers @ New York Mets,Framber Valdez,850,47.2,PASS,0,0,0,,,OPEN_AIR_OR_UNKNOWN,7.5,50,50,50,50,0,50,SUPPRESS,Weather slightly suppresses power
154,Lourdes Gurriel Jr.,Arizona Diamondbacks,Texas Rangers,Arizona Diamondbacks @ Texas Rangers,Kumar Rocker,890,46.1,PASS,71.2,17.3,180,clear sky,Globe Life Field,DOME_OR_RETRACTABLE,8,54,56,52.8,55,0,50,SUPPRESS,Weather slightly suppresses power
155,Colt Keith,Detroit Tigers,New York Mets,Detroit Tigers @ New York Mets,Christian Scott,680,46.1,PASS,0,0,0,,,OPEN_AIR_OR_UNKNOWN,7.5,50,50,50,50,0,50,SUPPRESS,Weather slightly suppresses power
156,Wenceel Pérez,Detroit Tigers,New York Mets,Detroit Tigers @ New York Mets,Christian Scott,800,45.2,PASS,0,0,0,,,OPEN_AIR_OR_UNKNOWN,7.5,50,50,50,50,0,50,SUPPRESS,Weather slightly suppresses power
157,Ezequiel Duran,Texas Rangers,Arizona Diamondbacks,Arizona Diamondbacks @ Texas Rangers,Ryne Nelson,930,44.3,PASS,71.2,17.3,180,clear sky,Globe Life Field,DOME_OR_RETRACTABLE,8,54,56,52.8,55,0,50,SUPPRESS,Weather slightly suppresses power
158,Trea Turner,Philadelphia Phillies,Boston Red Sox,Philadelphia Phillies @ Boston Red Sox,Sonny Gray,820,44.2,PASS,0,0,0,,,OPEN_AIR_OR_UNKNOWN,7.8,50,50,50,50,0,50,SUPPRESS,Weather slightly suppresses power
159,Matt Vierling,Detroit Tigers,New York Mets,Detroit Tigers @ New York Mets,Christian Scott,760,43.7,PASS,0,0,0,,,OPEN_AIR_OR_UNKNOWN,7.5,50,50,50,50,0,50,SUPPRESS,Weather slightly suppresses power
160,Connor Wong,Boston Red Sox,Philadelphia Phillies,Philadelphia Phillies @ Boston Red Sox,Andrew Painter,920,43.6,PASS,0,0,0,,,OPEN_AIR_OR_UNKNOWN,7.8,50,50,50,50,0,50,SUPPRESS,Weather slightly suppresses power
161,Luis Torrens,New York Mets,Detroit Tigers,Detroit Tigers @ New York Mets,Framber Valdez,930,42.2,PASS,0,0,0,,,OPEN_AIR_OR_UNKNOWN,7.5,50,50,50,50,0,50,SUPPRESS,Weather slightly suppresses power
162,James McCann,Arizona Diamondbacks,Texas Rangers,Arizona Diamondbacks @ Texas Rangers,Kumar Rocker,950,42.1,PASS,71.2,17.3,180,clear sky,Globe Life Field,DOME_OR_RETRACTABLE,8,54,56,52.8,55,0,50,SUPPRESS,Weather slightly suppresses power
163,Brandon Marsh,Philadelphia Phillies,Boston Red Sox,Philadelphia Phillies @ Boston Red Sox,Sonny Gray,1060,40.6,PASS,0,0,0,,,OPEN_AIR_OR_UNKNOWN,7.8,50,50,50,50,0,50,SUPPRESS,Weather slightly suppresses power
164,Tyrone Taylor,New York Mets,Detroit Tigers,Detroit Tigers @ New York Mets,Framber Valdez,980,38.4,PASS,0,0,0,,,OPEN_AIR_OR_UNKNOWN,7.5,50,50,50,50,0,50,SUPPRESS,Weather slightly suppresses power
165,Brett Baty,New York Mets,Detroit Tigers,Detroit Tigers @ New York Mets,Framber Valdez,1040,38.4,PASS,0,0,0,,,OPEN_AIR_OR_UNKNOWN,7.5,50,50,50,50,0,50,SUPPRESS,Weather slightly suppresses power
166,Bryson Stott,Philadelphia Phillies,Boston Red Sox,Philadelphia Phillies @ Boston Red Sox,Sonny Gray,1160,38.2,PASS,0,0,0,,,OPEN_AIR_OR_UNKNOWN,7.8,50,50,50,50,0,50,SUPPRESS,Weather slightly suppresses power
167,Alejandro Osuna,Texas Rangers,Arizona Diamondbacks,Arizona Diamondbacks @ Texas Rangers,Ryne Nelson,1220,38.1,PASS,71.2,17.3,180,clear sky,Globe Life Field,DOME_OR_RETRACTABLE,8,54,56,52.8,55,0,50,SUPPRESS,Weather slightly suppresses power
168,Geraldo Perdomo,Arizona Diamondbacks,Texas Rangers,Arizona Diamondbacks @ Texas Rangers,Kumar Rocker,1100,38.1,PASS,71.2,17.3,180,clear sky,Globe Life Field,DOME_OR_RETRACTABLE,8,54,56,52.8,55,0,50,SUPPRESS,Weather slightly suppresses power
169,J.T. Realmuto,Philadelphia Phillies,Boston Red Sox,Philadelphia Phillies @ Boston Red Sox,Sonny Gray,980,37.2,PASS,0,0,0,,,OPEN_AIR_OR_UNKNOWN,7.8,50,50,50,50,0,50,SUPPRESS,Weather slightly suppresses power
170,Vidal Bruján,New York Mets,Detroit Tigers,Detroit Tigers @ New York Mets,Framber Valdez,1050,36.8,PASS,0,0,0,,,OPEN_AIR_OR_UNKNOWN,7.5,50,50,50,50,0,50,SUPPRESS,Weather slightly suppresses power
171,Edmundo Sosa,Philadelphia Phillies,Boston Red Sox,Philadelphia Phillies @ Boston Red Sox,Sonny Gray,1020,35.8,PASS,0,0,0,,,OPEN_AIR_OR_UNKNOWN,7.8,50,50,50,50,0,50,SUPPRESS,Weather slightly suppresses power
172,Alec Bohm,Philadelphia Phillies,Boston Red Sox,Philadelphia Phillies @ Boston Red Sox,Sonny Gray,1120,35.5,PASS,0,0,0,,,OPEN_AIR_OR_UNKNOWN,7.8,50,50,50,50,0,50,SUPPRESS,Weather slightly suppresses power
173,Zach McKinstry,Detroit Tigers,New York Mets,Detroit Tigers @ New York Mets,Christian Scott,1260,29.3,PASS,0,0,0,,,OPEN_AIR_OR_UNKNOWN,7.5,50,50,50,50,0,50,SUPPRESS,Weather slightly suppresses power
174,Max Muncy,Los Angeles Dodgers,San Francisco Giants,San Francisco Giants @ Los Angeles Dodgers,Robbie Ray,320,72.5,PLAYABLE,57.9,3.4,200,clear sky,UNIQLO Field at Dodger Stadium,OPEN_AIR_OR_UNKNOWN,8.5,44,50,50.9,55,0,49.5,SUPPRESS,Weather slightly suppresses power
175,Will Smith,Los Angeles Dodgers,San Francisco Giants,San Francisco Giants @ Los Angeles Dodgers,Robbie Ray,420,61.6,WATCH,57.9,3.4,200,clear sky,UNIQLO Field at Dodger Stadium,OPEN_AIR_OR_UNKNOWN,8.5,44,50,50.9,55,0,49.5,SUPPRESS,Weather slightly suppresses power
176,Freddie Freeman,Los Angeles Dodgers,San Francisco Giants,San Francisco Giants @ Los Angeles Dodgers,Robbie Ray,520,60.6,WATCH,57.9,3.4,200,clear sky,UNIQLO Field at Dodger Stadium,OPEN_AIR_OR_UNKNOWN,8.5,44,50,50.9,55,0,49.5,SUPPRESS,Weather slightly suppresses power
177,Andy Pages,Los Angeles Dodgers,San Francisco Giants,San Francisco Giants @ Los Angeles Dodgers,Robbie Ray,490,56.9,PASS,57.9,3.4,200,clear sky,UNIQLO Field at Dodger Stadium,OPEN_AIR_OR_UNKNOWN,8.5,44,50,50.9,55,0,49.5,SUPPRESS,Weather slightly suppresses power
178,Teoscar Hernández,Los Angeles Dodgers,San Francisco Giants,San Francisco Giants @ Los Angeles Dodgers,Robbie Ray,440,55.4,PASS,57.9,3.4,200,clear sky,UNIQLO Field at Dodger Stadium,OPEN_AIR_OR_UNKNOWN,8.5,44,50,50.9,55,0,49.5,SUPPRESS,Weather slightly suppresses power
179,Dalton Rushing,Los Angeles Dodgers,San Francisco Giants,San Francisco Giants @ Los Angeles Dodgers,Robbie Ray,520,54.3,PASS,57.9,3.4,200,clear sky,UNIQLO Field at Dodger Stadium,OPEN_AIR_OR_UNKNOWN,8.5,44,50,50.9,55,0,49.5,SUPPRESS,Weather slightly suppresses power
180,Casey Schmitt,San Francisco Giants,Los Angeles Dodgers,San Francisco Giants @ Los Angeles Dodgers,Shohei Ohtani,550,52.8,PASS,57.9,3.4,200,clear sky,UNIQLO Field at Dodger Stadium,OPEN_AIR_OR_UNKNOWN,8.5,44,50,50.9,55,0,49.5,SUPPRESS,Weather slightly suppresses power
181,Kyle Tucker,Los Angeles Dodgers,San Francisco Giants,San Francisco Giants @ Los Angeles Dodgers,Robbie Ray,533,51.5,PASS,57.9,3.4,200,clear sky,UNIQLO Field at Dodger Stadium,OPEN_AIR_OR_UNKNOWN,8.5,44,50,50.9,55,0,49.5,SUPPRESS,Weather slightly suppresses power
182,Heliot Ramos,San Francisco Giants,Los Angeles Dodgers,San Francisco Giants @ Los Angeles Dodgers,Shohei Ohtani,575,51.4,PASS,57.9,3.4,200,clear sky,UNIQLO Field at Dodger Stadium,OPEN_AIR_OR_UNKNOWN,8.5,44,50,50.9,55,0,49.5,SUPPRESS,Weather slightly suppresses power
183,Mookie Betts,Los Angeles Dodgers,San Francisco Giants,San Francisco Giants @ Los Angeles Dodgers,Robbie Ray,390,50.9,PASS,57.9,3.4,200,clear sky,UNIQLO Field at Dodger Stadium,OPEN_AIR_OR_UNKNOWN,8.5,44,50,50.9,55,0,49.5,SUPPRESS,Weather slightly suppresses power
184,Rafael Devers,San Francisco Giants,Los Angeles Dodgers,San Francisco Giants @ Los Angeles Dodgers,Shohei Ohtani,525,48.3,PASS,57.9,3.4,200,clear sky,UNIQLO Field at Dodger Stadium,OPEN_AIR_OR_UNKNOWN,8.5,44,50,50.9,55,0,49.5,SUPPRESS,Weather slightly suppresses power
185,Willy Adames,San Francisco Giants,Los Angeles Dodgers,San Francisco Giants @ Los Angeles Dodgers,Shohei Ohtani,720,43.8,PASS,57.9,3.4,200,clear sky,UNIQLO Field at Dodger Stadium,OPEN_AIR_OR_UNKNOWN,8.5,44,50,50.9,55,0,49.5,SUPPRESS,Weather slightly suppresses power
186,Matt Chapman,San Francisco Giants,Los Angeles Dodgers,San Francisco Giants @ Los Angeles Dodgers,Shohei Ohtani,790,38.5,PASS,57.9,3.4,200,clear sky,UNIQLO Field at Dodger Stadium,OPEN_AIR_OR_UNKNOWN,8.5,44,50,50.9,55,0,49.5,SUPPRESS,Weather slightly suppresses power
187,Harrison Bader,San Francisco Giants,Los Angeles Dodgers,San Francisco Giants @ Los Angeles Dodgers,Shohei Ohtani,900,37,PASS,57.9,3.4,200,clear sky,UNIQLO Field at Dodger Stadium,OPEN_AIR_OR_UNKNOWN,8.5,44,50,50.9,55,0,49.5,SUPPRESS,Weather slightly suppresses power
188,Jung Hoo Lee,San Francisco Giants,Los Angeles Dodgers,San Francisco Giants @ Los Angeles Dodgers,Shohei Ohtani,1080,31.6,PASS,57.9,3.4,200,clear sky,UNIQLO Field at Dodger Stadium,OPEN_AIR_OR_UNKNOWN,8.5,44,50,50.9,55,0,49.5,SUPPRESS,Weather slightly suppresses power
189,Jesus Rodriguez,San Francisco Giants,Los Angeles Dodgers,San Francisco Giants @ Los Angeles Dodgers,Shohei Ohtani,1220,30.9,PASS,57.9,3.4,200,clear sky,UNIQLO Field at Dodger Stadium,OPEN_AIR_OR_UNKNOWN,8.5,44,50,50.9,55,0,49.5,SUPPRESS,Weather slightly suppresses power
190,Luis Arraez,San Francisco Giants,Los Angeles Dodgers,San Francisco Giants @ Los Angeles Dodgers,Shohei Ohtani,1500,29.1,PASS,57.9,3.4,200,clear sky,UNIQLO Field at Dodger Stadium,OPEN_AIR_OR_UNKNOWN,8.5,44,50,50.9,55,0,49.5,SUPPRESS,Weather slightly suppresses power
191,Ian Happ,Chicago Cubs,Atlanta Braves,Chicago Cubs @ Atlanta Braves,JR Ritchie,430,75.8,PLAYABLE,48.8,0,0,clear sky,Truist Park,OPEN_AIR_OR_UNKNOWN,7.5,44,50,53.7,50,-2,47.2,SUPPRESS,Weather slightly suppresses power
192,Moisés Ballesteros,Chicago Cubs,Atlanta Braves,Chicago Cubs @ Atlanta Braves,JR Ritchie,610,69.7,WATCH,48.8,0,0,clear sky,Truist Park,OPEN_AIR_OR_UNKNOWN,7.5,44,50,53.7,50,-2,47.2,SUPPRESS,Weather slightly suppresses power
193,Seiya Suzuki,Chicago Cubs,Atlanta Braves,Chicago Cubs @ Atlanta Braves,JR Ritchie,425,64,WATCH,48.8,0,0,clear sky,Truist Park,OPEN_AIR_OR_UNKNOWN,7.5,44,50,53.7,50,-2,47.2,SUPPRESS,Weather slightly suppresses power
194,Michael Busch,Chicago Cubs,Atlanta Braves,Chicago Cubs @ Atlanta Braves,JR Ritchie,450,63.1,WATCH,48.8,0,0,clear sky,Truist Park,OPEN_AIR_OR_UNKNOWN,7.5,44,50,53.7,50,-2,47.2,SUPPRESS,Weather slightly suppresses power
195,Pete Crow-Armstrong,Chicago Cubs,Atlanta Braves,Chicago Cubs @ Atlanta Braves,JR Ritchie,550,62.2,WATCH,48.8,0,0,clear sky,Truist Park,OPEN_AIR_OR_UNKNOWN,7.5,44,50,53.7,50,-2,47.2,SUPPRESS,Weather slightly suppresses power
196,Dansby Swanson,Chicago Cubs,Atlanta Braves,Chicago Cubs @ Atlanta Braves,JR Ritchie,650,61.8,WATCH,48.8,0,0,clear sky,Truist Park,OPEN_AIR_OR_UNKNOWN,7.5,44,50,53.7,50,-2,47.2,SUPPRESS,Weather slightly suppresses power
197,Alex Bregman,Chicago Cubs,Atlanta Braves,Chicago Cubs @ Atlanta Braves,JR Ritchie,576,59.2,WATCH,48.8,0,0,clear sky,Truist Park,OPEN_AIR_OR_UNKNOWN,7.5,44,50,53.7,50,-2,47.2,SUPPRESS,Weather slightly suppresses power
198,Carson Kelly,Chicago Cubs,Atlanta Braves,Chicago Cubs @ Atlanta Braves,JR Ritchie,680,58.8,WATCH,48.8,0,0,clear sky,Truist Park,OPEN_AIR_OR_UNKNOWN,7.5,44,50,53.7,50,-2,47.2,SUPPRESS,Weather slightly suppresses power
199,Matt Olson,Atlanta Braves,Chicago Cubs,Chicago Cubs @ Atlanta Braves,Shota Imanaga,400,58.2,WATCH,48.8,0,0,clear sky,Truist Park,OPEN_AIR_OR_UNKNOWN,7.5,44,50,53.7,50,-2,47.2,SUPPRESS,Weather slightly suppresses power
200,Michael Harris II,Atlanta Braves,Chicago Cubs,Chicago Cubs @ Atlanta Braves,Shota Imanaga,590,56.4,PASS,48.8,0,0,clear sky,Truist Park,OPEN_AIR_OR_UNKNOWN,7.5,44,50,53.7,50,-2,47.2,SUPPRESS,Weather slightly suppresses power
201,Drake Baldwin,Atlanta Braves,Chicago Cubs,Chicago Cubs @ Atlanta Braves,Shota Imanaga,525,53.4,PASS,48.8,0,0,clear sky,Truist Park,OPEN_AIR_OR_UNKNOWN,7.5,44,50,53.7,50,-2,47.2,SUPPRESS,Weather slightly suppresses power
202,Austin Riley,Atlanta Braves,Chicago Cubs,Chicago Cubs @ Atlanta Braves,Shota Imanaga,441,53.4,PASS,48.8,0,0,clear sky,Truist Park,OPEN_AIR_OR_UNKNOWN,7.5,44,50,53.7,50,-2,47.2,SUPPRESS,Weather slightly suppresses power
203,Ozzie Albies,Atlanta Braves,Chicago Cubs,Chicago Cubs @ Atlanta Braves,Shota Imanaga,518,44.3,PASS,48.8,0,0,clear sky,Truist Park,OPEN_AIR_OR_UNKNOWN,7.5,44,50,53.7,50,-2,47.2,SUPPRESS,Weather slightly suppresses power
204,Ha-Seong Kim,Atlanta Braves,Chicago Cubs,Chicago Cubs @ Atlanta Braves,Shota Imanaga,680,43.4,PASS,48.8,0,0,clear sky,Truist Park,OPEN_AIR_OR_UNKNOWN,7.5,44,50,53.7,50,-2,47.2,SUPPRESS,Weather slightly suppresses power
205,Mike Yastrzemski,Atlanta Braves,Chicago Cubs,Chicago Cubs @ Atlanta Braves,Shota Imanaga,620,42.2,PASS,48.8,0,0,clear sky,Truist Park,OPEN_AIR_OR_UNKNOWN,7.5,44,50,53.7,50,-2,47.2,SUPPRESS,Weather slightly suppresses power
206,Jorge Mateo,Atlanta Braves,Chicago Cubs,Chicago Cubs @ Atlanta Braves,Shota Imanaga,960,40.1,PASS,48.8,0,0,clear sky,Truist Park,OPEN_AIR_OR_UNKNOWN,7.5,44,50,53.7,50,-2,47.2,SUPPRESS,Weather slightly suppresses power
207,Mauricio Dubón,Atlanta Braves,Chicago Cubs,Chicago Cubs @ Atlanta Braves,Shota Imanaga,890,38.8,PASS,48.8,0,0,clear sky,Truist Park,OPEN_AIR_OR_UNKNOWN,7.5,44,50,53.7,50,-2,47.2,SUPPRESS,Weather slightly suppresses power
208,Nico Hoerner,Chicago Cubs,Atlanta Braves,Chicago Cubs @ Atlanta Braves,JR Ritchie,1280,38.7,PASS,48.8,0,0,clear sky,Truist Park,OPEN_AIR_OR_UNKNOWN,7.5,44,50,53.7,50,-2,47.2,SUPPRESS,Weather slightly suppresses power
209,Kazuma Okamoto,Toronto Blue Jays,Tampa Bay Rays,Tampa Bay Rays @ Toronto Blue Jays,Griffin Jax,398,76.1,STRONG PLAY,47.4,8.1,330,clear sky,Rogers Centre,DOME_OR_RETRACTABLE,7.5,38,50,55.5,50,0,44.1,DEAD AIR,Dead air HR environment
210,Vladimir Guerrero Jr.,Toronto Blue Jays,Tampa Bay Rays,Tampa Bay Rays @ Toronto Blue Jays,Griffin Jax,544,59.4,WATCH,47.4,8.1,330,clear sky,Rogers Centre,DOME_OR_RETRACTABLE,7.5,38,50,55.5,50,0,44.1,DEAD AIR,Dead air HR environment
211,George Springer,Toronto Blue Jays,Tampa Bay Rays,Tampa Bay Rays @ Toronto Blue Jays,Griffin Jax,503,58.4,WATCH,47.4,8.1,330,clear sky,Rogers Centre,DOME_OR_RETRACTABLE,7.5,38,50,55.5,50,0,44.1,DEAD AIR,Dead air HR environment
212,Daulton Varsho,Toronto Blue Jays,Tampa Bay Rays,Tampa Bay Rays @ Toronto Blue Jays,Griffin Jax,520,58.2,WATCH,47.4,8.1,330,clear sky,Rogers Centre,DOME_OR_RETRACTABLE,7.5,38,50,55.5,50,0,44.1,DEAD AIR,Dead air HR environment
213,Jesús Sánchez,Toronto Blue Jays,Tampa Bay Rays,Tampa Bay Rays @ Toronto Blue Jays,Griffin Jax,690,56.6,PASS,47.4,8.1,330,clear sky,Rogers Centre,DOME_OR_RETRACTABLE,7.5,38,50,55.5,50,0,44.1,DEAD AIR,Dead air HR environment
214,Junior Caminero,Tampa Bay Rays,Toronto Blue Jays,Tampa Bay Rays @ Toronto Blue Jays,Dylan Cease,440,52.8,PASS,47.4,8.1,330,clear sky,Rogers Centre,DOME_OR_RETRACTABLE,7.5,38,50,55.5,50,0,44.1,DEAD AIR,Dead air HR environment
215,Jonathan Aranda,Tampa Bay Rays,Toronto Blue Jays,Tampa Bay Rays @ Toronto Blue Jays,Dylan Cease,720,47,PASS,47.4,8.1,330,clear sky,Rogers Centre,DOME_OR_RETRACTABLE,7.5,38,50,55.5,50,0,44.1,DEAD AIR,Dead air HR environment
216,Yandy Díaz,Tampa Bay Rays,Toronto Blue Jays,Tampa Bay Rays @ Toronto Blue Jays,Dylan Cease,770,43.4,PASS,47.4,8.1,330,clear sky,Rogers Centre,DOME_OR_RETRACTABLE,7.5,38,50,55.5,50,0,44.1,DEAD AIR,Dead air HR environment
217,Andrés Giménez,Toronto Blue Jays,Tampa Bay Rays,Tampa Bay Rays @ Toronto Blue Jays,Griffin Jax,1120,38,PASS,47.4,8.1,330,clear sky,Rogers Centre,DOME_OR_RETRACTABLE,7.5,38,50,55.5,50,0,44.1,DEAD AIR,Dead air HR environment
218,Ernie Clement,Toronto Blue Jays,Tampa Bay Rays,Tampa Bay Rays @ Toronto Blue Jays,Griffin Jax,1200,37.2,PASS,47.4,8.1,330,clear sky,Rogers Centre,DOME_OR_RETRACTABLE,7.5,38,50,55.5,50,0,44.1,DEAD AIR,Dead air HR environment
219,Tyler Heineman,Toronto Blue Jays,Tampa Bay Rays,Tampa Bay Rays @ Toronto Blue Jays,Griffin Jax,1280,36.9,PASS,47.4,8.1,330,clear sky,Rogers Centre,DOME_OR_RETRACTABLE,7.5,38,50,55.5,50,0,44.1,DEAD AIR,Dead air HR environment
220,Jake Fraley,Tampa Bay Rays,Toronto Blue Jays,Tampa Bay Rays @ Toronto Blue Jays,Dylan Cease,940,34.8,PASS,47.4,8.1,330,clear sky,Rogers Centre,DOME_OR_RETRACTABLE,7.5,38,50,55.5,50,0,44.1,DEAD AIR,Dead air HR environment
221,Nick Fortes,Tampa Bay Rays,Toronto Blue Jays,Tampa Bay Rays @ Toronto Blue Jays,Dylan Cease,1100,32.6,PASS,47.4,8.1,330,clear sky,Rogers Centre,DOME_OR_RETRACTABLE,7.5,38,50,55.5,50,0,44.1,DEAD AIR,Dead air HR environment
222,Cedric Mullins,Tampa Bay Rays,Toronto Blue Jays,Tampa Bay Rays @ Toronto Blue Jays,Dylan Cease,980,31.9,PASS,47.4,8.1,330,clear sky,Rogers Centre,DOME_OR_RETRACTABLE,7.5,38,50,55.5,50,0,44.1,DEAD AIR,Dead air HR environment
223,Jonny DeLuca,Tampa Bay Rays,Toronto Blue Jays,Tampa Bay Rays @ Toronto Blue Jays,Dylan Cease,990,31.5,PASS,47.4,8.1,330,clear sky,Rogers Centre,DOME_OR_RETRACTABLE,7.5,38,50,55.5,50,0,44.1,DEAD AIR,Dead air HR environment
224,Taylor Walls,Tampa Bay Rays,Toronto Blue Jays,Tampa Bay Rays @ Toronto Blue Jays,Dylan Cease,1300,30.9,PASS,47.4,8.1,330,clear sky,Rogers Centre,DOME_OR_RETRACTABLE,7.5,38,50,55.5,50,0,44.1,DEAD AIR,Dead air HR environment
225,Ryan Vilade,Tampa Bay Rays,Toronto Blue Jays,Tampa Bay Rays @ Toronto Blue Jays,Dylan Cease,1060,30.6,PASS,47.4,8.1,330,clear sky,Rogers Centre,DOME_OR_RETRACTABLE,7.5,38,50,55.5,50,0,44.1,DEAD AIR,Dead air HR environment
226,Ben Williamson,Tampa Bay Rays,Toronto Blue Jays,Tampa Bay Rays @ Toronto Blue Jays,Dylan Cease,1300,30.2,PASS,47.4,8.1,330,clear sky,Rogers Centre,DOME_OR_RETRACTABLE,7.5,38,50,55.5,50,0,44.1,DEAD AIR,Dead air HR environment
227,Chandler Simpson,Tampa Bay Rays,Toronto Blue Jays,Tampa Bay Rays @ Toronto Blue Jays,Dylan Cease,2200,26.7,PASS,47.4,8.1,330,clear sky,Rogers Centre,DOME_OR_RETRACTABLE,7.5,38,50,55.5,50,0,44.1,DEAD AIR,Dead air HR environment